kalshi_prob_pct,0-1 min,0-1 min_count,0-1 min_distribution_pct,1-2 min,1-2 min_count,1-2 min_distribution_pct,2-3 min,2-3 min_count,2-3 min_distribution_pct,3-4 min,3-4 min_count,3-4 min_distribution_pct,4-5 min,4-5 min_count,4-5 min_distribution_pct,5-6 min,5-6 min_count,5-6 min_distribution_pct,6-7 min,6-7 min_count,6-7 min_distribution_pct,7-8 min,7-8 min_count,7-8 min_distribution_pct,8-9 min,8-9 min_count,8-9 min_distribution_pct,9-10 min,9-10 min_count,9-10 min_distribution_pct,10-11 min,10-11 min_count,10-11 min_distribution_pct,11-12 min,11-12 min_count,11-12 min_distribution_pct,12-13 min,12-13 min_count,12-13 min_distribution_pct,13-14 min,13-14 min_count,13-14 min_distribution_pct,14-15 min,14-15 min_count,14-15 min_distribution_pct,15-16 min,15-16 min_count,15-16 min_distribution_pct,16-17 min,16-17 min_count,16-17 min_distribution_pct,17-18 min,17-18 min_count,17-18 min_distribution_pct,18-19 min,18-19 min_count,18-19 min_distribution_pct,19-20 min,19-20 min_count,19-20 min_distribution_pct,20-21 min,20-21 min_count,20-21 min_distribution_pct,21-22 min,21-22 min_count,21-22 min_distribution_pct,22-23 min,22-23 min_count,22-23 min_distribution_pct,23-24 min,23-24 min_count,23-24 min_distribution_pct,24-25 min,24-25 min_count,24-25 min_distribution_pct,25-26 min,25-26 min_count,25-26 min_distribution_pct,26-27 min,26-27 min_count,26-27 min_distribution_pct,27-28 min,27-28 min_count,27-28 min_distribution_pct,28-29 min,28-29 min_count,28-29 min_distribution_pct,29-30 min,29-30 min_count,29-30 min_distribution_pct,30-31 min,30-31 min_count,30-31 min_distribution_pct,31-32 min,31-32 min_count,31-32 min_distribution_pct,32-33 min,32-33 min_count,32-33 min_distribution_pct,33-34 min,33-34 min_count,33-34 min_distribution_pct,34-35 min,34-35 min_count,34-35 min_distribution_pct,35-36 min,35-36 min_count,35-36 min_distribution_pct,36-37 min,36-37 min_count,36-37 min_distribution_pct,37-38 min,37-38 min_count,37-38 min_distribution_pct,38-39 min,38-39 min_count,38-39 min_distribution_pct,39-40 min,39-40 min_count,39-40 min_distribution_pct
1,0.0011800448520139666,228,3.3391915641476277,0.0011189599087764633,257,4.11595131326073,0.001088738124483588,312,4.463519313304721,0.0010827713490911281,346,4.498764790014302,0.001092734753987628,686,4.712509445627533,0.0011104794662041516,378,4.060586529165324,0.001128149121176565,336,4.118151734281162,0.0011377941477406072,406,4.75855602437881,0.001135406685153219,759,4.858221852397107,0.0011196808459543104,430,4.564755838641188,0.0010901508684501202,393,4.593267882187938,0.0010541808177521135,418,4.629527079410788,0.0010199098436908804,773,4.807213930348259,0.0009947966835173955,522,5.4636801339752985,0.0009857618997989727,447,5.092856329041814,0.000996471337217337,466,5.096237970253719,0.0010269751105455734,957,5.975647830159226,0.001080108351997262,562,5.834717607973422,0.0011573849325461818,543,5.91890124264225,0.001260012437869814,760,6.189933213878482,0.0013910076140073921,4425,6.384083793804914,0.0015550176350340543,508,6.266189712594055,0.0017523768515021487,675,7.465988275633226,0.001971860319601577,713,7.539388812519826,0.002200285884091715,1498,8.743360765773653,0.002433007647361537,939,9.023640207572555,0.002652154483921197,972,9.960036889025515,0.0028357746838560457,1091,10.982484397020334,0.0029606127218305004,2158,12.334952843669619,0.0030056667034849367,1288,12.695909314933465,0.002957413373638074,1333,13.509678727070032,0.002809050865654871,1453,14.785794240358197,0.002557338548897242,2769,16.710923355461677,0.002257416518671365,1700,16.97962445065921,0.0019824708548875397,1791,19.043062200956935,0.0017695117612292455,2175,21.545319465081725,0.001641313923151418,3826,24.647297558461638,0.0016210693317466932,2917,28.27646374563784,0.0017462621990997265,4026,33.87463188893564,0.0020932448970465783,9062,41.151627991462696
2,0.004418895839337389,177,2.5922671353251316,0.004200880878121437,178,2.850736707238949,0.004082751641980682,178,2.5464949928469243,0.00404495872240076,155,2.0153426082434014,0.004060109042280645,323,2.218863776877104,0.004101383446392988,218,2.3418197443334408,0.004143691579050605,184,2.2551783306777793,0.004162387356523226,188,2.203469292076887,0.004147408246968713,347,2.2210842987902453,0.004094621192574812,206,2.186836518046709,0.003998859014166724,222,2.5946704067321176,0.0038832348400875457,238,2.635950825119061,0.003774248488884937,411,2.5559701492537314,0.0036967219592825206,268,2.805107808247854,0.0036741313297693496,234,2.666059017887661,0.0037179261121673343,257,2.810586176727909,0.003825465999425178,503,3.1408054948485793,0.004005375530020203,313,3.2495847176079735,0.004262325654924709,313,3.411816001744059,0.004599047237936641,410,3.339306075908129,0.0050241924411267135,2571,3.7092608890107197,0.005551646856791607,322,3.9718761564080425,0.006179613524976567,413,4.568078752350404,0.006866864731066933,460,4.864121814528921,0.007568634202945059,822,4.7977587112589735,0.008273383867018662,552,5.304631943109745,0.008928474526607362,476,4.877548929193565,0.009471590703543364,520,5.234548016911616,0.009838669454035637,857,4.898542440697342,0.00997297082300462,517,5.096106456382454,0.009838722446169247,476,4.824161345900476,0.009415168017656307,530,5.393304162002646,0.008682666894543247,934,5.636692818346409,0.007797254463093985,588,5.872952457051539,0.006977104234824343,622,6.613503455608718,0.0063377857597516985,662,6.557701832590392,0.005959122218779383,1127,7.260194550022547,0.005926534940379704,746,7.23148507173323,0.006368220087068425,911,7.665124106015988,0.007521530458879094,1426,6.475636892057582
3,0.011115526098052539,159,2.328646748681898,0.010600235087213783,165,2.6425368353619474,0.010298200635941146,150,2.1459227467811157,0.010172922103744188,172,2.236380184631387,0.010164938362093005,377,2.5898193309060935,0.010215675461211621,199,2.1377161886346547,0.010271846180569987,231,2.8312293173182987,0.010282584062443697,206,2.414439756211908,0.010233047567954921,417,2.6691416501312166,0.010114315565014404,250,2.6539278131634823,0.00990607194892344,220,2.5712949976624593,0.009656927688147765,243,2.691327943293831,0.009424963638612989,409,2.5435323383084576,0.009265754195285811,243,2.5434373037471216,0.009232763733028263,260,2.9622877976529565,0.009349413782440768,280,3.062117235345582,0.009602474873619204,501,3.1283172026225414,0.010009243023101284,302,3.1353820598006643,0.010579697139262262,311,3.3900152605188576,0.01131748396892165,511,4.161915621436716,0.012239524608731985,2882,4.157950168078138,0.01337422040897202,349,4.304921672628593,0.014711924165192389,368,4.070346200641522,0.016152694996224445,435,4.599767368087131,0.017595576372218927,813,4.745228506391175,0.01902425716818301,451,4.334038054968287,0.020335470793621184,464,4.754585510810534,0.02141139631798423,444,4.469498691362996,0.022134724415895434,799,4.567019148328093,0.02240385327492201,476,4.691966485953672,0.022156830910677196,517,5.2396878483835,0.0213521184946283,521,5.301719751704487,0.019930845193417274,910,5.491852745926373,0.01818879390684957,513,5.123851378345985,0.01656111062396091,550,5.847953216374268,0.015286682672744287,582,5.765230312035661,0.014547408082905246,934,6.016878180764028,0.014546145861288672,598,5.796820473051571,0.015568850051391275,756,6.360959192259149,0.018095712682516942,1203,5.462967167703556
4,0.020453123870500068,140,2.0503807850029294,0.019574706919813355,126,2.0179372197309418,0.019022354614567156,168,2.40343347639485,0.018750860108005227,208,2.704459758158887,0.018667637890566847,385,2.6447757092807582,0.018680343950930843,225,2.4170157911698356,0.01870718860165032,176,2.15712709890918,0.01867226940907841,192,2.250351617440225,0.018564550685766783,428,2.739550662484798,0.018369764073565425,262,2.7813163481953294,0.01803909246553287,229,2.6764843384759236,0.017647148091682656,241,2.669177096023923,0.01728730908058792,447,2.779850746268657,0.017050769081388507,295,3.087711953108646,0.017026573883755527,278,3.1673692605673915,0.01724860026104539,301,3.2917760279965007,0.017681393955018766,485,3.0284108648142367,0.018349838924257494,308,3.1976744186046515,0.01927033130731991,280,3.052103771528232,0.020445774414891864,396,3.2252809903893143,0.021901318210027963,2230,3.217289685917505,0.023680920871094885,261,3.2194399901319843,0.02576128344282886,317,3.506249308704789,0.027967485659453287,345,3.6480913608966903,0.030134280773855708,543,3.169322360357205,0.03225133220001892,345,3.3153949644435903,0.034171162388305226,371,3.801619018342043,0.03573140707856024,403,4.056774713106503,0.03677575842609143,703,4.018290940268648,0.037172356204967,408,4.021685559388861,0.03684505998835127,386,3.9120299989865206,0.035734628435038274,386,3.927953597232116,0.03372726420284394,713,4.302957151478576,0.031234786220944732,468,4.674390731122653,0.02889169697834331,426,4.529505582137161,0.027053660879676464,436,4.318969787023279,0.0260148426480236,669,4.309733943181087,0.026115705819529298,468,4.536642109344707,0.02781062686036208,486,4.089188052166596,0.03178901444091378,907,4.118795695018392
5,0.030028058745740084,134,1.962507322788518,0.028848396116189324,123,1.9698910954516333,0.028057037222703612,161,2.303290414878398,0.02761702049621673,164,2.132362501625276,0.027415583361117983,356,2.445558837672597,0.027338091894404466,212,2.277365989902245,0.027285735057441828,179,2.1938963108224048,0.02716944445494027,160,1.875293014533521,0.026993329094460134,378,2.419509697241247,0.026738990798994354,253,2.685774946921444,0.026320385969812014,227,2.653108929406265,0.0258287835174816,224,2.480894894229704,0.025384508969841745,378,2.3507462686567164,0.025107361081097658,261,2.7318400669876493,0.025115810661535235,249,2.836960236983024,0.02544713149104724,250,2.7340332458442695,0.0260344149556528,469,2.9285045270059316,0.026905726835170667,293,3.0419435215946846,0.028084045659863995,259,2.8231959886636147,0.029570785949876773,361,2.940218276592279,0.031397804791407205,1786,2.5767172103357234,0.03362213825144011,265,3.268780066609103,0.03620592326661777,303,3.35139918150647,0.0389065835314583,271,2.865602199428994,0.04150862672850622,541,3.1576489814976947,0.04402056759784002,316,3.0367095906207955,0.04627407398000883,340,3.483963520852546,0.04808993639545459,337,3.39238977249849,0.04930165008183609,634,3.623892540725922,0.04977323201593309,348,3.430261212419911,0.049433037666506086,297,3.0100334448160537,0.04821550184372817,379,3.8567212781113263,0.045955923795420586,589,3.5546167773083885,0.043117641171329886,377,3.765481422293248,0.040442251629743166,373,3.9659755449229133,0.038345936067006696,358,3.546310054482417,0.03719805604075488,562,3.6204341944211813,0.0374419092843507,401,3.8871655680496318,0.039641295302372995,430,3.6180058897770295,0.04456565403959701,801,3.6374369919622183
6,0.038334564927027165,124,1.8160515524311658,0.03697414076797982,135,2.162075592568866,0.03600366948961015,152,2.1745350500715306,0.03540956673393584,187,2.4314133402678455,0.03507501807874252,341,2.3425156282201005,0.03487803114436049,223,2.395531206359437,0.0347165450141174,191,2.3409731584753035,0.034501492601280354,206,2.414439756211908,0.034260428409791634,375,2.400307239326634,0.033972574883944895,280,2.9723991507431,0.03351214724374022,238,2.781673679289388,0.032976119970913084,274,3.0346660759774062,0.03250006794870911,475,2.9539800995024876,0.03222144127588031,238,2.491103202846975,0.032277627666276655,223,2.540731457217728,0.032701683779911256,264,2.8871391076115485,0.03339093247515599,399,2.4914142990945987,0.03437240818110354,264,2.740863787375415,0.03567595503406203,279,3.0412034009156312,0.03730247932137889,328,2.6714448607265027,0.03928982748070321,1994,2.8768052169145757,0.04170574842608085,243,2.997409645984951,0.044501086345576944,293,3.2407919477933858,0.047383842553812776,279,2.950195622290367,0.05010889638333213,553,3.22768925465476,0.05271165414277674,346,3.3250048049202383,0.05502433923214409,350,3.5864330361717394,0.05687398247077778,307,3.090396617676666,0.0581060601265695,573,3.2752214918548157,0.05859963524751966,313,3.0852636766880237,0.0583005885232835,356,3.607986216681869,0.05714802353937644,364,3.7040805942810624,0.05494121678247745,551,3.3252866626433315,0.05214015109732853,355,3.5457451058729523,0.04950258183522283,335,3.5619351408825093,0.04744432946274143,281,2.7835562159484897,0.04635821665439018,497,3.2017007021838557,0.04673431605742706,336,3.2570763861961995,0.04916922681068796,393,3.3066891039124946,0.05438874602040909,599,2.7201307842513964
7,0.046254905571595936,148,2.1675454012888107,0.044794384215154706,128,2.0499679692504804,0.043687529158712504,130,1.859799713876967,0.04295389283980636,153,1.9893381874918736,0.04248237456806821,292,2.0059078106752763,0.042152492897562406,212,2.277365989902245,0.041866994216599306,176,2.15712709890918,0.041544307698622475,167,1.9573370839193625,0.04124108374460225,359,2.2978941304486975,0.040935085269913137,208,2.208067940552017,0.040457770974921835,198,2.314165497896213,0.03990621408096053,220,2.436593199689888,0.03942550530084381,386,2.400497512437811,0.03916529987347558,235,2.459702742306887,0.03927653513641135,216,2.4609775549732253,0.03978313286078787,225,2.4606299212598426,0.04054233876662243,377,2.35404308460818,0.041578190505802595,270,2.803156146179402,0.042928977563051904,214,2.332679311096577,0.04459702252879717,292,2.378237497963838,0.046627546693151646,1760,2.5392062095133667,0.049099700274124594,234,2.8863944739114347,0.0519558901249457,226,2.4997234819157175,0.05486388944347109,282,2.9819181558633816,0.057559298349057646,463,2.7023872059767697,0.06010883771286524,270,2.5946569286949837,0.062354359621148735,280,2.869146428937391,0.06413807371765678,289,2.9092007247835716,0.0653254354942839,504,2.8808230923120894,0.06581730245128456,316,3.114834894036471,0.065582034143507,329,3.3343468126076825,0.06456914313141394,251,2.5541874427597437,0.06255154286416019,423,2.552806276403138,0.059964852706677445,305,3.046344386735917,0.0575411899657956,249,2.6475279106858056,0.055662171302505205,285,2.823179791976226,0.054710552119820025,388,2.4995168459704953,0.055185941457591293,266,2.5785188057386588,0.05767132457384663,292,2.456878418174169,0.06278617898454956,560,2.5430271104854456
8,0.05571015221875358,135,1.9771528998242531,0.054175473348915024,133,2.130044843049327,0.052938063417736214,139,1.988555078683834,0.052059289630479164,145,1.8853205044857626,0.051437935189021816,311,2.136429209315106,0.05095813693997177,210,2.2558814050918468,0.05053066517609984,165,2.0223066552273563,0.05008466123586838,188,2.203469292076887,0.04971289732723859,300,1.9202457914613071,0.04939168150940002,211,2.2399150743099785,0.04890066596540265,206,2.407667134174848,0.0483362399816524,252,2.7910067560084175,0.04785395655393877,348,2.164179104477612,0.04761694887519832,228,2.386435001046682,0.04779098602084115,190,2.1647487752079297,0.048387432357803614,235,2.5699912510936134,0.04921411202218432,430,2.6849828285981894,0.050291683584538394,245,2.5436046511627906,0.0516703622051995,203,2.2127752343579683,0.05335632132309203,289,2.353803551066949,0.05540575796087763,1633,2.3559793978041634,0.05791339581010683,205,2.528678919452325,0.06081377477447495,248,2.743059396084504,0.06372970495717055,203,2.146558105107328,0.06637606200907996,410,2.3930426661997317,0.06885645290441167,253,2.431289640591966,0.07102275544690685,270,2.766676913618199,0.07273234250484119,257,2.587074692973626,0.0738706066939614,427,2.4406973420977423,0.07436057531945148,275,2.7106949236076887,0.07419491293137559,243,2.46275463666768,0.07333602110138666,259,2.6355958074692176,0.07153071672595532,412,2.4864212432106214,0.069192021759292,265,2.6468238114262888,0.06702174653051575,195,2.073365231259968,0.0653533580876996,254,2.516097077761268,0.064543526487863,321,2.067899246279714,0.06508586635202962,206,1.996898022489337,0.067531913859919,221,1.859486748001683,0.07237282350972445,469,2.1297852050315607
9,0.06699645877121989,130,1.9039250146455773,0.06542387444632457,110,1.7616912235746316,0.06406905415325927,148,2.1173104434907013,0.06304456549040245,163,2.1193602912495124,0.062263618267883146,299,2.0539946417531088,0.06161846129941413,158,1.6972822000214847,0.061031612438165406,145,1.7771785758058587,0.06044671729885474,148,1.7346460384435067,0.06000095621409999,322,2.0610638161684696,0.05966929403677376,184,1.9532908704883227,0.05916904733530555,165,1.9284712482468442,0.058595015831067424,154,1.7056152397829216,0.058114321982786224,321,1.996268656716418,0.057905061181226056,167,1.747958970064894,0.05814932472323097,193,2.1989290190270023,0.058841930211207094,197,2.1544181977252843,0.05973047766370916,368,2.2978457695910084,0.060832027579346686,195,2.0245016611295683,0.06221304277619347,228,2.485284499672989,0.06388661102126807,265,2.158331975891839,0.06592423943970413,1650,2.3805058214187813,0.06844111455765572,164,2.02294313556186,0.07136452470483709,202,2.2342661210043135,0.07426672175666096,217,2.29459659511473,0.07684001844504199,360,2.101208194711959,0.07923117083022345,236,2.2679223524889487,0.08130248291464481,212,2.172353724766882,0.08292659396703886,212,2.13408496074089,0.08400906054105849,404,2.309231208916833,0.08449583139023055,228,2.247412518482011,0.08440616858389309,231,2.341137123745819,0.08371810694767713,238,2.4218988501068486,0.08215218221157977,340,2.051901025950513,0.08009986626783888,226,2.2572912504994007,0.07822636137566381,192,2.041467304625199,0.07680040597469981,215,2.129767211490837,0.07613381377129565,302,1.9455002254718805,0.07669652187232151,174,1.6867002714230324,0.0789901648847903,183,1.5397559949516197,0.0833583491399589,368,1.67113210117615
10,0.07996658115974298,100,1.4645577035735209,0.07841264264714329,88,1.4093529788597052,0.07697050251187043,132,1.888412017167382,0.07581286267119149,139,1.8073072422311793,0.07487251518852864,316,2.170776945799272,0.07405414911853439,192,2.06252014179826,0.07329655800211549,168,2.059075867140581,0.0725624565214321,176,2.062822315986873,0.07204191790404967,316,2.0226589003392434,0.07170894230248992,185,1.9639065817409767,0.07120849617201708,174,2.0336605890603083,0.07063223023415788,173,1.9160482888470485,0.07015907905571438,325,2.0211442786069655,0.06998268692416207,176,1.8421603516851581,0.0703020304379139,185,2.1077817021761422,0.07109097437440934,183,2.0013123359580054,0.0720264886013497,360,2.247892600686856,0.07312195880336622,210,2.1802325581395348,0.07446483070483605,198,2.158273381294964,0.07607872259576905,318,2.589998371070207,0.07805505619059748,1605,2.315582935380087,0.08053435459362054,183,2.257308498828173,0.08343781190934173,227,2.5107842052870257,0.08628337571311413,209,2.2100031722533573,0.08874038867993353,348,2.0311679215548937,0.09100464044283232,212,2.0372861810493945,0.09294996734188694,183,1.8751921303412233,0.09446510297568535,206,2.073686329776525,0.09547665223832555,351,2.006287510717348,0.09595476572411227,187,1.8432725480532282,0.09594780607692856,201,2.0370933414411674,0.09545249253255651,224,2.279434211865269,0.09416413255317498,354,2.136391068195534,0.092450880206548,224,2.2373152217339194,0.09092973145407529,194,2.0627325890483785,0.089784178027683,219,2.1693907875185734,0.0892581479476996,338,2.1774141596340915,0.08977581094708788,188,1.8224117875145405,0.09176789266405116,190,1.5986537652503154,0.0954136095443355,440,1.998092729667136
11,0.09419614935390437,109,1.5963678968951376,0.09273523516516954,104,1.6655989750160152,0.09125391282997573,103,1.4735336194563662,0.08999189916141367,136,1.7683006111038877,0.08890656493710276,245,1.683039087724119,0.08791961402756218,180,1.9336126329358685,0.0869908215031928,143,1.7526657678637088,0.08610666439118962,156,1.8284106891701828,0.08551746045485213,290,1.8562375984125967,0.08519687383391655,155,1.645435244161359,0.08470967904500556,160,1.8700327255726974,0.08414234203444815,180,1.9935762542917266,0.08368484113628408,291,1.8097014925373134,0.0835458323168736,199,2.082897215825832,0.083940567480729,192,2.187535604420645,0.08481773550819685,219,2.3950131233595804,0.08577535566831239,341,2.1292538245394943,0.08682332816310462,210,2.1802325581395348,0.08807470703069335,175,1.907564857205145,0.08956749914627131,269,2.1909105717543573,0.09141741339020036,1682,2.426673207046297,0.09379458060081337,185,2.2819785370667325,0.09661586309605623,219,2.422298418316558,0.09934397074608813,196,2.072538860103627,0.10162658382452193,387,2.2587988093153566,0.10371297181471023,183,1.7586008072266,0.10548999667070863,212,2.172353724766882,0.10686363970321754,218,2.194483591705255,0.10778260851765877,357,2.040583023721063,0.10824252128567236,171,1.6855593888615084,0.10832292276700363,179,1.814127901084423,0.10804211204858657,194,1.974152844204742,0.10707276727035163,346,2.088111044055522,0.10575578689441484,191,1.907710747103476,0.1046445556724822,208,2.2115895800106324,0.10381519182020135,210,2.080237741456166,0.10341869236815546,280,1.8037750434838624,0.10380899785446253,144,1.3958898797983714,0.10532494698202041,148,1.2452671434581406,0.10797070905462147,331,1.5031106670905046
12,0.10892461566972747,112,1.6403046280023432,0.10764132931984528,90,1.4413837283792441,0.10618415571382109,108,1.5450643776824033,0.10486296373609273,113,1.4692497724613185,0.10366358897858603,247,1.6967781823177854,0.10252876590400578,161,1.7295090772370822,0.1014432716088711,160,1.9610246353719818,0.10042128027219847,147,1.7229254571026722,0.09977793647276594,274,1.7538244895346604,0.09948736195973902,169,1.7940552016985138,0.09903036156310184,148,1.729780271154745,0.0984859919246549,161,1.7831432052276002,0.09805343330194972,310,1.9278606965174128,0.09795454964437826,225,2.355034540506594,0.09841893336847655,151,1.7204056055599863,0.09936684306303632,183,2.0013123359580054,0.10031305173034182,325,2.0293474867311896,0.10126449096275995,201,2.086794019933555,0.10236356638069247,206,2.2454763461957707,0.1036662326349814,240,1.9547157517510996,0.10531590635932336,1552,2.2391182029345145,0.10751522465551319,163,2.0106081164425804,0.11017902246693569,196,2.1679017807764627,0.1127175056715283,197,2.0831130379612985,0.11475987362528381,343,2.001984474406117,0.11661075293135502,209,2.00845665961945,0.11817157782061118,180,1.8444512757454659,0.11936666825704968,198,1.9931548218240387,0.12016759553946128,322,1.8405258645327236,0.12059616938703127,207,2.0404139970428785,0.12076412849367205,217,2.199250025336982,0.12071354574161951,185,1.882568433906584,0.12009874062444917,299,1.804465902232951,0.11922807286065909,178,1.7778665601278467,0.11857435225810403,185,1.9670388091440723,0.11808594233264967,216,2.139673105497771,0.11779729561430362,249,1.604071377955292,0.11796844175454316,140,1.3571151609150833,0.11882849859670397,134,1.1274716028607488,0.12020516351020887,276,1.2533490758821126
13,0.12307085361989495,120,1.7574692442882252,0.12204750670729637,109,1.7456758488148623,0.12068543977855777,110,1.5736766809728182,0.11936274881475431,147,1.9113249252372904,0.1180956020377865,213,1.4632135742254586,0.11685036651678331,136,1.4609517671071006,0.11563923010375299,145,1.7771785758058587,0.11450628072541742,144,1.6877637130801686,0.1138317408455227,242,1.5489982717787878,0.11359099326745255,143,1.5180467091295118,0.11318279383953922,155,1.8115942028985508,0.11267674653162453,191,2.115405914276221,0.11227841006431132,327,2.0335820895522385,0.11221981872799644,179,1.8735608122252458,0.11274168159896301,180,2.0508146291443543,0.11373434082388689,156,1.7060367454068242,0.1146307306484134,301,1.8794879800187323,0.11543562260845788,176,1.8272425249169437,0.1163227679056902,178,1.9402659690429473,0.11736865043044713,224,1.8244013683010263,0.11874607687907887,1456,2.100616046051967,0.120690939862961,168,2.0722832120389785,0.12311867889781686,175,1.9356265899789848,0.1253938354860883,177,1.871629480807867,0.12713210577727027,307,1.791863654934921,0.1286918589859516,167,1.6048433596002307,0.12999037906185573,172,1.7624756634901115,0.1309710063130918,175,1.7616267364606402,0.131628248923643,316,1.8062303515290083,0.13200984508841682,165,1.6264169541646132,0.13225912218812094,178,1.8039931083409344,0.13244289748880075,169,1.7197517044876363,0.13220295368244583,301,1.8165359082679542,0.13180955218771923,175,1.7479025169796245,0.1316393110084616,156,1.6586921850079743,0.13149809161670242,156,1.5453194650817237,0.1312857084098326,227,1.4623461959672743,0.13114912151876515,131,1.2698720434276851,0.13119609419705786,134,1.1274716028607488,0.13108731734832005,238,1.0807865219563144
14,0.1359105865537311,95,1.3913298183948448,0.1352098479874384,100,1.6015374759769379,0.1340061029078189,102,1.4592274678111588,0.13273970212967304,104,1.3522298790794436,0.13145656933539543,247,1.6967781823177854,0.13014720795049153,158,1.6972822000214847,0.12885143842278543,138,1.6913837480083342,0.12764327220703042,159,1.8635724331926864,0.12696451147716295,303,1.9394482493759202,0.1267923561745633,147,1.5605095541401275,0.12644955529490692,151,1.764843384759233,0.12599496920331807,166,1.8385203234023701,0.12563773118247126,313,1.9465174129353235,0.12561686606793204,166,1.7374921498848652,0.12618082397904729,157,1.7887660931981315,0.12719037556435409,177,1.935695538057743,0.1280022832482713,289,1.804558226662504,0.1286201413527585,184,1.910299003322259,0.12924931281170662,184,2.0056681927185522,0.12998813148858585,270,2.1990552207199867,0.13103882541637202,1300,1.8755500411178276,0.13266952200862245,171,2.1092882693968176,0.1347985787133387,187,2.068355270434686,0.13675326834097432,187,1.977371259384583,0.1381408661311374,339,1.9786377166870952,0.13936937332915958,200,1.9219680953296174,0.14037245296678735,191,1.9571677425965777,0.14111236469254096,183,1.8421582444131266,0.14160574346345794,320,1.8290940268648186,0.14192498045393043,192,1.8925579103006407,0.14224304964605136,185,1.8749366575453532,0.14265121115502077,155,1.5772870662460567,0.1427844866578196,289,1.7441158720579362,0.1428711844433939,179,1.7878545745105872,0.14318142005471793,133,1.4141414141414141,0.14337177279489519,161,1.5948489351163941,0.1431977196311406,262,1.6878180764027573,0.14268200157133015,149,1.4443582784024815,0.14180781999169054,150,1.2620950778291964,0.14008753054603174,240,1.0898687616366196
15,0.1474648169269744,112,1.6403046280023432,0.1471204208954746,100,1.6015374759769379,0.14611850392995765,111,1.5879828326180259,0.14495429450442243,130,1.6902873488493044,0.1437009527490137,225,1.5456481417874564,0.1423716375836979,145,1.557632398753894,0.14103212365325465,131,1.6055889202108102,0.13978455570474946,151,1.7698077824660103,0.13912727287843749,263,1.6834154771810792,0.13903943019573275,162,1.7197452229299364,0.13877447860165767,150,1.753155680224404,0.13838022326251084,183,2.026802525196589,0.13806758205759787,304,1.8905472636815919,0.1380804126706936,181,1.8944944525853047,0.13867259765637688,163,1.8571265808362765,0.13967675228157397,173,1.8919510061242346,0.14038002935480962,253,1.5797689665938184,0.14078583136469786,161,1.6715116279069766,0.1411304910955937,181,1.9729670808807498,0.1415345457162715,251,2.044306890373025,0.1422288603516445,1344,1.9390301963556618,0.14351218314583303,159,1.9612680399654618,0.14530725555228666,176,1.946687313350293,0.14691072388529905,179,1.8927778365232104,0.1479248490351211,277,1.6167629720422576,0.14880281061614692,216,2.075725542955987,0.14949435470464473,189,1.936673839532739,0.14997984515350238,174,1.7515602979665794,0.15029665867189468,303,1.731923406687625,0.15054008771727653,161,1.586988664366683,0.15091043831912843,191,1.9357454140062835,0.15152239097709572,146,1.4857026559478985,0.15200831021136255,254,1.5328907664453832,0.15255345079456953,170,1.697962445065921,0.15331781672969164,149,1.5842636895268474,0.15380860695014634,159,1.575037147102526,0.15363485670026555,271,1.7457965599433098,0.15269206250790143,153,1.4831329972857696,0.1508429452357193,138,1.1611274716028608,0.14747413300522172,262,1.1897733981199765
16,0.15802055581488586,99,1.4499121265377855,0.15803874323865236,108,1.729660474055093,0.15726065567444775,104,1.4878397711015738,0.15622906417626864,132,1.716291769600832,0.15504070028882203,255,1.7517345606924504,0.15372854292885807,154,1.6543130304006874,0.15238137598049012,147,1.8016913837480084,0.15112651372637403,139,1.6291608063759961,0.15051337111237995,276,1.7666261281444022,0.1505227817474129,193,2.048832271762208,0.1503448863701957,159,1.858345021037868,0.15001682647281187,172,1.9049728652120943,0.149750499828261,293,1.822139303482587,0.1497934962233137,181,1.8944944525853047,0.1504039361383371,156,1.777372678591774,0.1513881531146887,186,2.0341207349081363,0.15196969223340895,292,1.823290665001561,0.15215259491035427,181,1.879152823920266,0.15220305720069507,153,1.6677567037279268,0.15226349909247652,234,1.905847857957322,0.15259226881980492,1304,1.8813209643212672,0.1535170400604925,169,2.0846182311582586,0.15496559065048326,157,1.7365335692954318,0.15620823253920757,171,1.808184413661838,0.1568438809337563,325,1.8969240646705188,0.15736702344987719,209,2.00845665961945,0.1577427668569528,174,1.7829695665539502,0.15796847801871142,162,1.6307630360378498,0.158100779311929,280,1.6004572735067162,0.15825612923835855,176,1.7348447511089204,0.15866004872604478,156,1.5810276679841897,0.159449393652094,150,1.5264068383026357,0.1602563199974876,249,1.5027157513578757,0.1612241249495479,140,1.3983220135836996,0.16240422210803263,147,1.562998405103668,0.1631587531789246,139,1.3769192669638435,0.16295349346091728,244,1.571861109321652,0.161559462010614,126,1.221403644823575,0.15872722992399177,108,0.9087084560370214,0.1537397534574474,210,0.9536351664320422
17,0.16806228641258836,113,1.6549502050380784,0.1684255523507463,87,1.393337604099936,0.16787258000094493,117,1.6738197424892705,0.1669874451861454,152,1.9763359771161098,0.16588634436973126,250,1.7173868242082846,0.16461850021792748,179,1.922870340530669,0.16329210765738655,172,2.1081014830248805,0.16205611403651518,184,2.156586966713549,0.16150603350527964,306,1.958650707290533,0.16162372518626086,176,1.8683651804670913,0.16154028174454405,148,1.729780271154745,0.16128296237205356,202,2.2372355742607155,0.16106466671609093,310,1.9278606965174128,0.16113655181541917,195,2.0410299351057146,0.16176077643116224,168,1.9140936538680642,0.16271917304887307,144,1.574803149606299,0.16317604661297128,289,1.804558226662504,0.16313665631818824,172,1.7857142857142856,0.1628959103429885,182,1.9838674514933505,0.16261744780508752,247,2.011728294510507,0.16258599155028292,1298,1.8726645795161079,0.16315680082315467,130,1.6035524855063525,0.1642626645769384,176,1.946687313350293,0.16514928588026298,167,1.7658877022311514,0.16541227789026036,308,1.7977003443646764,0.16558481061587862,208,1.9988468191428022,0.1656465634143119,184,1.8854390818731428,0.16561088523780118,165,1.6609623515200325,0.16555241542620308,299,1.7090597313518148,0.1656074533410147,161,1.586988664366683,0.16602525944847088,174,1.7634539373669809,0.16696383234812948,125,1.2720056985855297,0.16805611837803022,276,1.6656608328304165,0.16940612525165238,124,1.238513783459848,0.17096156740169327,163,1.7331206804891017,0.17194599867692853,165,1.634472511144131,0.17168796234835892,204,1.3141789602525287,0.16984002924244843,128,1.240791004265219,0.16605032983612125,117,0.9844341607067733,0.1595162570892275,188,0.8537305299486854
18,0.1782382756142171,120,1.7574692442882252,0.17890937343348523,97,1.5534913516976299,0.17856379545886603,125,1.7882689556509301,0.17782250154855617,137,1.7813028214796516,0.1768171350221739,267,1.8341691282544481,0.1756093346904298,165,1.7724782468578795,0.1743229521063839,162,1.9855374433141317,0.17312494979185705,130,1.5236755743084858,0.17265314312606955,282,1.8050310439736286,0.17288942572223742,180,1.910828025477707,0.17290763352053018,158,1.8466573165030389,0.17272603045609422,172,1.9049728652120943,0.1725591835290541,309,1.9216417910447763,0.1726624267563755,154,1.6118903077245135,0.17330258887270733,184,2.0963882875697846,0.17423823138280653,169,1.848206474190726,0.1745763549338725,318,1.9856384639400562,0.17432371120328607,170,1.764950166112957,0.17380309610015762,181,1.9729670808807498,0.17319867421332474,225,1.8325460172666557,0.17282084414865137,1096,1.5812329577424151,0.17305183451545073,126,1.554212409029234,0.17382890109928156,155,1.714412122552815,0.17437221782983242,166,1.75531352437348,0.1742726460738616,261,1.5233759411661707,0.17410114615665767,191,1.8354795310397847,0.17385141257993636,167,1.7112409058305154,0.17355212968100522,176,1.771693174954701,0.17329529182682124,305,1.7433552443555302,0.17323643649631024,155,1.5278462296697881,0.17364808493457246,159,1.6114320462146547,0.17470892452115624,141,1.4348224280044775,0.17605247850642836,233,1.4061557030778515,0.17774715927492588,143,1.4282860567319218,0.17964364829143817,143,1.5204678362573099,0.18083350562465428,140,1.3868251609707776,0.1805147127882225,218,1.4043677124267218,0.1782284008092222,132,1.2795657231485071,0.17352894337580507,121,1.018090029448885,0.1655398658889506,201,0.9127650878706688
19,0.18926043549280508,115,1.6842413591095489,0.1901849139042076,114,1.8257527226137091,0.19001148212082183,107,1.5307582260371961,0.18939557776853186,141,1.8333116629827069,0.18848064773779555,286,1.9646905268942776,0.1873369730864322,172,1.8476742936942743,0.18610044877967288,153,1.8752298075744578,0.18495263621307245,154,1.804969526488514,0.18457127404057258,326,2.0866670933879536,0.1849369856902336,187,1.9851380042462845,0.18506548463583153,156,1.8232819074333801,0.18496679068909594,153,1.6945398161479677,0.18485819454349797,284,1.7661691542288558,0.18500033476692046,184,1.9258949131253926,0.18566590886299045,178,2.02802779993164,0.18659062189580597,186,2.0341207349081363,0.18682344149848276,293,1.82953481111458,0.18637254970321057,158,1.6403654485049834,0.1855883029319767,185,2.0165685633311536,0.18467485348281296,217,1.767388825541619,0.18396815611760398,1136,1.6389421897768093,0.18387765875764678,133,1.6405575428641916,0.18434418456730614,167,1.8471408030085168,0.18455907489195214,143,1.512107433647034,0.18410574931726667,288,1.6809665557695677,0.18359394346777333,185,1.7778204881798962,0.1830312861981361,156,1.5985244389794036,0.18246175324599515,172,1.731427420978458,0.1819948069490056,251,1.434695627322092,0.1818055387905026,150,1.4785608674223756,0.18219043686574854,143,1.4492753623188406,0.18334924171589945,127,1.2923577897628982,0.1849149897343985,255,1.5389257694628848,0.18692478718638444,122,1.2185377546943668,0.18913951455564015,127,1.3503455608718768,0.19052418540097674,151,1.495789995047053,0.19015206357504214,182,1.1724537782645106,0.18745918147027132,113,1.0953858084528887,0.1819121599191197,120,1.0096760622633572,0.17256458503997363,240,1.0898687616366196
20,0.20108860799201464,136,1.9917984768599881,0.20219154437442108,123,1.9698910954516333,0.20213758812366558,151,2.1602288984263236,0.2016141391585241,156,2.028344818619165,0.20077282896264936,260,1.786082297176616,0.1996887822583557,196,2.1054893114190567,0.19850617425791597,161,1.9732810393430567,0.19741749797411418,195,2.2855133614627285,0.1971373075835524,299,1.913844972156436,0.19764339304741926,172,1.8259023354564756,0.19789299883942538,177,2.0687237026647964,0.1978883205701803,197,2.1818584560859455,0.19784991975501107,318,1.9776119402985075,0.19804433304652258,188,1.9677621938455099,0.19875079718113703,179,2.039421214537997,0.1996824725236855,172,1.8810148731408576,0.19982992282000597,274,1.7108960349672182,0.1992022988698182,238,2.4709302325581395,0.19817661686349378,176,1.9184652278177456,0.19697606030236767,219,1.7836781234728785,0.1959615655953151,1146,1.653369497785408,0.19556961121516392,155,1.9119279634883433,0.19574361628542636,185,2.0462338236920696,0.19564324842902783,189,1.9985196150999258,0.1948420647630552,314,1.832720480943209,0.1939894776536998,191,1.8354795310397847,0.19310757953977797,172,1.7624756634901115,0.19225619551831968,188,1.8924904368834305,0.19156290956801167,302,1.7262074878536724,0.1912231405115714,182,1.7939871858058156,0.19155836678671237,145,1.4695449478058173,0.19279006882606567,146,1.4857026559478985,0.19455037619424811,268,1.6173808086904045,0.19684974477366785,141,1.4083100279664402,0.19936733902948808,119,1.26528442317916,0.20094872518163973,147,1.4561664190193164,0.2005497303868071,192,1.2368743155317914,0.1975080057298106,110,1.0663047692904226,0.19120691566908055,129,1.0854017669331089,0.18062943273000934,188,0.8537305299486854
21,0.21313383886664583,104,1.5231400117164615,0.2143150055412755,118,1.889814221652787,0.2143079992332986,127,1.8168812589413448,0.2138281722064092,146,1.8983227148615265,0.21303147603618192,310,2.129559662018273,0.21199397404741005,188,2.0195509721774627,0.21086401108561126,153,1.8752298075744578,0.20984080352483164,187,2.1917487107360527,0.20967054781194164,300,1.9202457914613071,0.21032643659468572,185,1.9639065817409767,0.21070944431226085,152,1.7765310892940627,0.21081397829291473,174,1.9271237124820026,0.21086341833820296,275,1.7101990049751241,0.21112967066878519,178,1.8630939920452165,0.2118980375515493,191,2.1761421898142874,0.21285985087678,149,1.6294838145231847,0.21294918836806806,318,1.9856384639400562,0.2121752615558945,172,1.7857142857142856,0.21093953230468357,170,1.8530630041421408,0.20948239977791344,208,1.694086984850953,0.2081880220557856,1132,1.63317126657337,0.20751837934978185,133,1.6405575428641916,0.20741852870210806,151,1.6701692290675811,0.2070157477659826,133,1.4063656550703183,0.20587240157765374,302,1.7626802077861436,0.2046770655186713,196,1.883528733423025,0.20346737551541705,166,1.700993954298596,0.20232002302031618,162,1.6307630360378498,0.20138162262711004,295,1.6861960560160045,0.200868728686602,130,1.2814194184327254,0.20112848374124234,125,1.2668490929360494,0.20240468288492344,149,1.5162307927139513,0.20432957902140322,225,1.3578756789378394,0.20689229191588274,145,1.448262085497403,0.20970032981616168,138,1.467304625199362,0.2114911987002242,124,1.2283308568598317,0.21111431414996026,191,1.2304322618050634,0.20781767902307158,115,1.1147731678945327,0.20090624214728892,128,1.076987799747581,0.18929027633036558,172,0.781072612506244
22,0.22500304532032672,139,2.035735207967194,0.2261459684230288,103,1.649583600256246,0.22610031259034294,120,1.7167381974248928,0.225604420953257,143,1.8593160837342348,0.22481454822575267,268,1.8410386755512813,0.22380375666724522,163,1.750993662047481,0.2227202990248031,146,1.7894349797769333,0.221765650379328,141,1.6526019690576654,0.22171134296917408,278,1.7794277667541447,0.22252413554912334,141,1.496815286624204,0.22305244528117457,141,1.6479663394109396,0.22328277392688226,156,1.72776608705283,0.22344035707691778,256,1.5920398009950247,0.2238013517068073,153,1.601423487544484,0.2246560370313567,160,1.822946337017204,0.2256749094288907,129,1.4107611548556431,0.2257388506024234,281,1.7546050577583516,0.22485594913192808,176,1.8272425249169437,0.22344905187371097,167,1.8203618923043383,0.22177336732275857,211,1.7185209317478416,0.2202337271762397,1095,1.5797902269415551,0.2193152061330167,125,1.5418773899099543,0.21896348038747002,168,1.858201526379825,0.2182739296744093,165,1.7447393465158085,0.2167969945295438,277,1.6167629720422576,0.21525898081944267,162,1.55679415721699,0.21371435970968286,157,1.6087713905113228,0.21225786469183133,169,1.7012281054962755,0.2110560888497681,293,1.6747642183480995,0.21034743804858053,161,1.586988664366683,0.21050507343356092,125,1.2668490929360494,0.21179548949653987,154,1.5671110206573726,0.21385279537830293,188,1.1345805672902836,0.2166507168575859,126,1.2584898122253296,0.2197369623952318,115,1.2227538543328018,0.22175552628148074,103,1.0203070827142149,0.2214633199637765,226,1.4559041422405463,0.218029330494999,104,1.0081426909654905,0.21068576224834956,113,0.9507782919646613,0.1982676002903874,170,0.7719903728259389
23,0.23666814520101417,123,1.8014059753954303,0.2376561148990696,113,1.8097373478539398,0.23748574835852504,132,1.888412017167382,0.23691327095044398,165,2.14536471200104,0.23609119688031108,285,1.9578209795974446,0.23508568102126903,194,2.0840047266086583,0.23404069670577315,148,1.813947787719083,0.23315560037661143,154,1.804969526488514,0.2332210786204214,261,1.670613838571337,0.23419569359059433,197,2.0912951167728235,0.23487905925089503,195,2.279102384291725,0.23524980999753514,176,1.9492745597519106,0.23553424441005613,314,1.95273631840796,0.23601180872471683,199,2.082897215825832,0.23697680633920826,174,1.9824541415062094,0.2380799916692393,166,1.815398075240595,0.2381524253077978,295,1.8420231033406183,0.23719988752477042,192,1.9933554817275747,0.2356634223839884,182,1.9838674514933505,0.23381049268944704,203,1.653363740022805,0.23206389907288175,1249,1.8019707702739745,0.2309292534106565,159,1.9612680399654618,0.2303517309086984,142,1.5706227187258046,0.22939526867569116,166,1.75531352437348,0.22759761416996074,302,1.7626802077861436,0.22572123776280892,179,1.7201614453200076,0.22383855719261805,143,1.4653140690644533,0.2220633558018137,144,1.4495671431447554,0.22058299327555608,263,1.5032866533295228,0.21965828284163905,198,1.9517003449975356,0.2196885912064053,136,1.3783318131144218,0.22096329085939215,151,1.5365828838913198,0.22311978083743345,232,1.40012070006035,0.22612250445390678,124,1.238513783459848,0.22947193223395043,112,1.190855927698033,0.23173388988103674,128,1.267954432887568,0.2315876455683451,171,1.101591187270502,0.2281348264291741,108,1.0469174098487786,0.22054133695476116,116,0.9760201935212452,0.20756431894879177,174,0.7901548521865491
24,0.24813998127962514,119,1.7428236672524897,0.24886028914941907,110,1.7616912235746316,0.248482055747277,144,2.060085836909871,0.2477742424795087,151,1.9633337667403459,0.24688161980832365,232,1.593734972865288,0.2458596385637329,162,1.7402513696422817,0.24484398341009814,155,1.8997426155166075,0.24402772643888096,160,1.875293014533521,0.244214880457675,312,1.9970556231197594,0.24535417417294433,177,1.8789808917197452,0.24620002510198288,152,1.7765310892940627,0.24672339798368317,147,1.6280872743382433,0.24715107971644043,292,1.8159203980099503,0.2477650620285189,155,1.6223571279045426,0.24886291996722928,154,1.754585849379059,0.2500768226400704,161,1.7607174103237095,0.2501913166754093,254,1.5860131127068373,0.24920876050376814,161,1.6715116279069766,0.2475852430864201,163,1.776760409853935,0.24559790279714122,210,1.7103762827822122,0.24368477863111437,1272,1.8351535786937514,0.24236943416268092,157,1.9365980017269029,0.2415953530224211,145,1.6038048888397303,0.24039536304616346,175,1.8504811250925242,0.23829368667109127,288,1.6809665557695677,0.2360873235264339,179,1.7201614453200076,0.23386750084584887,161,1.6497591966389997,0.23176783706987766,133,1.3388363197100865,0.2299970530246885,263,1.5032866533295228,0.22883875262377024,178,1.7545588960078857,0.22871854388871846,153,1.5506232897537247,0.22994866236277053,143,1.455174519181846,0.2321708633508451,217,1.3095956547978274,0.23534641668855938,102,1.0187774670395526,0.23894140890054885,115,1.2227538543328018,0.2414590634279196,136,1.3472015849430412,0.24151632091518338,180,1.1595696708110546,0.2381599076329059,111,1.0759984490112446,0.23049690228640754,112,0.9423643247791333,0.21720506795923541,152,0.6902502157031924
25,0.25943549509358843,128,1.8746338605741066,0.259782308536771,138,2.210121716848174,0.25911822423293435,139,1.988555078683834,0.2582198262305234,162,2.1063580808737483,0.25722024895847867,296,2.033385999862609,0.25616062546210216,194,2.0840047266086583,0.25516459936600144,178,2.18163990685133,0.2544150888623347,179,2.0979840600093764,0.25472406178862617,307,1.965051526595404,0.2560289385387131,183,1.9426751592356688,0.2570423505802569,170,1.986909770920991,0.25772793127251337,152,1.6834643925130135,0.2583125902041649,297,1.8470149253731343,0.25908033471766284,163,1.706091689344777,0.2603314591105871,127,1.4469636550074056,0.2616807498412686,152,1.6622922134733158,0.26186944688093716,272,1.6984077427411801,0.2608954926359847,179,1.8583887043189369,0.2592269982548902,165,1.7985611510791366,0.25714825936100694,201,1.6370744420915457,0.2551098726861052,1077,1.5538210725260773,0.2536508007937948,163,2.0106081164425804,0.25271161321091706,161,1.7807764627806657,0.251294265882572,160,1.6918684572274505,0.24890858905737495,279,1.6284363509017685,0.24638439978818644,173,1.6625024024601192,0.24383230710112222,167,1.7112409058305154,0.24140629073020461,164,1.6508959130259713,0.23933680629387846,252,1.4404115461560447,0.23793044226723542,167,1.6461310990635782,0.23763892633880948,143,1.4492753623188406,0.2387971542185875,139,1.414470336827109,0.24105194850537057,202,1.2190706095353048,0.2443673911149241,130,1.2984418697562925,0.24818803991480862,92,0.9782030834662414,0.2509699647925524,135,1.337295690936107,0.2512832266468854,172,1.10803324099723,0.24813273966136745,103,0.9984490112446684,0.24057544160654437,104,0.8750525872949095,0.22721003060603928,165,0.749284773625176
26,0.27054824208750144,126,1.845342706502636,0.27042506343022144,122,1.9538757206918642,0.26940427619059265,140,2.0028612303290414,0.2682650505954307,163,2.1193602912495124,0.26712517572724054,257,1.7654736552861168,0.2660081049062239,163,1.750993662047481,0.26502200443254015,142,1.740409363892634,0.2643361198933555,161,1.8870135958743552,0.26476547854968874,319,2.0418613582538563,0.2662349121360586,184,1.9532908704883227,0.26741853910435903,181,2.1154745208041144,0.2682731242760101,130,1.4398050725440248,0.26902551453726375,349,2.1703980099502487,0.2699613881530008,174,1.8212267113250993,0.2713833803146487,162,1.8457331662299192,0.27289015623978774,163,1.7825896762904636,0.27318282107482744,286,1.7858257883234467,0.2722540631534354,173,1.7960963455149501,0.27058116776314706,178,1.9402659690429473,0.2684531832028007,187,1.5230493565727317,0.26633066934573557,1163,1.6778959214000257,0.2647654857755842,127,1.5665474281485137,0.2636940767700665,146,1.6148656122110385,0.26208776953846813,157,1.660145923654436,0.2594411654545514,292,1.7043133134885893,0.2566150446728278,136,1.3069383048241399,0.2537396330006126,141,1.4448201660006148,0.25098949118756525,171,1.721360982484397,0.24861691561652405,296,1.6919119748499571,0.24695143954976673,148,1.4588467225234105,0.2464705855402599,145,1.4695449478058173,0.2475314945585399,107,1.0888368779892135,0.24978645201848057,199,1.2009656004828002,0.2532081202551191,121,1.2085497403116259,0.2572321896045167,119,1.26528442317916,0.2602827367113204,107,1.0599306587419515,0.2608983347181661,156,1.0049603813695807,0.25805567517147354,98,0.9499806126405583,0.2507715808865325,94,0.7909129154396298,0.23756855898511672,139,0.6312156577812088
27,0.2814681843608622,154,2.255418863503222,0.28079007165309106,130,2.0819987187700195,0.27935053358293277,125,1.7882689556509301,0.277926482453987,129,1.6772851384735405,0.2766169260206037,233,1.6006045201621213,0.27542459998943547,181,1.944354925341068,0.27443913376894785,131,1.6055889202108102,0.27381298785197067,143,1.6760431317393343,0.274359879522879,339,2.169877744351277,0.27599099005690964,183,1.9426751592356688,0.2773450539924964,157,1.8349696119682093,0.2783725392254988,175,1.9381991361169564,0.2793002090080706,278,1.728855721393035,0.2804152395268364,178,1.8630939920452165,0.28202239206132274,168,1.9140936538680642,0.28370552281421096,153,1.673228346456693,0.284128734091605,309,1.9294411489228849,0.28327880578684644,174,1.8064784053156147,0.2816395817770982,156,1.7004578155657293,0.27950263165271544,215,1.75109952761036,0.27733602589211853,1162,1.676453190599166,0.2757021179165043,125,1.5418773899099543,0.27453206835092836,149,1.648047782324964,0.27276686788932064,150,1.5861266786507349,0.2698851195448372,261,1.5233759411661707,0.2667765570034023,155,1.4895252738804536,0.2635908824906246,149,1.526795778255969,0.26052311215758617,148,1.4898328971209986,0.2578471857630297,257,1.4689911403258074,0.25591527808919035,125,1.232134056185313,0.25523015537853944,130,1.3175230566534915,0.2561705672896439,117,1.1905973338760558,0.25839435392032095,194,1.1707905853952927,0.26188822718599847,121,1.2085497403116259,0.26609128628519935,119,1.26528442317916,0.26941026650132915,109,1.0797424467558197,0.270367343120496,147,0.9469818978290279,0.26792485633401525,101,0.9790616518030244,0.2610708148057811,113,0.9507782919646613,0.2482572971358592,161,0.7311202942645656
28,0.292190944662389,138,2.0210896309314585,0.2908864234229033,136,2.1780909673286355,0.288976274662188,147,2.1030042918454934,0.2872306461519611,161,2.0933558704979847,0.28572669736293255,284,1.9509514323006114,0.28444380180411416,179,1.922870340530669,0.28345042399850734,174,2.1326142909670303,0.2828795810182824,148,1.7346460384435067,0.28353988968602906,319,2.0418613582538563,0.2853280541952748,235,2.494692144373673,0.2868503825588593,175,2.0453482935951377,0.28805171081046904,190,2.1043304906412668,0.28915885049208395,262,1.6293532338308456,0.2904604652650833,191,1.9991626543855976,0.2922633848004219,171,1.9482738976871368,0.29413800344208657,177,1.935695538057743,0.29471448380986076,313,1.954417733374961,0.29397324525630114,170,1.764950166112957,0.2924023614938606,161,1.7549596686287332,0.2902939202813622,254,2.0687408372699134,0.28812125087066315,1264,1.8236117322868723,0.2864549531094779,123,1.517207351671395,0.2852198386701213,143,1.581683442097113,0.28332692422622024,154,1.6284233900814211,0.28023813819489923,260,1.517539251736415,0.27687001501908065,154,1.4799154334038054,0.2733911890602085,137,1.4038323598729379,0.27001663000506676,167,1.681095228508154,0.26704139194044346,269,1.537582166333238,0.2648397018956869,156,1.5377033021192705,0.26393877860505344,141,1.4290057768318638,0.2647381181999088,122,1.2414775618194769,0.2669009044626859,189,1.1406155703077852,0.2704329972120108,143,1.4282860567319218,0.2747886223741785,110,1.1695906432748537,0.27837109660320725,102,1.0104011887072808,0.2797007282653036,147,0.9469818978290279,0.27773939127616265,83,0.804575416828228,0.27145864060931113,82,0.6899453092132941,0.2592487829503223,148,0.6720857363425821
29,0.3027174998872273,148,2.1675454012888107,0.30073016057907437,134,2.146060217809097,0.2983088586119598,131,1.8741058655221747,0.2962129524961299,157,2.041347028994929,0.29449514779489033,292,2.0059078106752763,0.2931092675607844,193,2.073262434203459,0.29210046075651147,169,2.0713322711116557,0.2915801336608504,165,1.9338959212376934,0.2923486270128086,304,1.9458490686807912,0.2942875881494496,179,1.900212314225053,0.2959736672740485,155,1.8115942028985508,0.2973468133839485,170,1.8828220179421862,0.2986341585490371,302,1.8781094527363182,0.3001259948428314,159,1.6642244086246598,0.3021313105741313,153,1.7431924347727015,0.3042084065715681,158,1.7279090113735782,0.3049564782904274,302,1.8857321261317517,0.30434934559432253,155,1.60921926910299,0.3028773101785676,177,1.9293655984303464,0.3008312468718472,198,1.6126404951946571,0.298687741648922,1204,1.7370478842352803,0.29702359962610275,133,1.6405575428641916,0.2957563506553236,132,1.4600154850127198,0.29376749459616097,165,1.7447393465158085,0.29050173030122883,270,1.5759061460339694,0.28690011194754855,147,1.412646550067269,0.28314923669132974,143,1.4653140690644533,0.27948312367205436,128,1.2885041272397826,0.2762170544539547,257,1.4689911403258074,0.2737464101721724,140,1.3799901429275505,0.2726218146825411,131,1.3276578493969797,0.27326241549651736,114,1.160069197110003,0.2753362260472921,180,1.0863005431502715,0.2788729202441731,141,1.4083100279664402,0.2833528656595744,95,1.0101010101010102,0.2871889713206277,106,1.0500247647350174,0.28891342213263244,163,1.0500547574566772,0.28750124547970224,92,0.8918185343156262,0.2819206512325343,106,0.8918805216659655,0.2705114809283427,129,0.585804459379683
30,0.3130538607712394,149,2.1821909783245457,0.31034367335159063,136,2.1780909673286355,0.30738290288294745,146,2.088698140200286,0.30491671105900464,177,2.3013912365102067,0.3029712904086343,267,1.8341691282544481,0.3014732374254199,158,1.6972822000214847,0.30044274967147955,166,2.0345630591984314,0.2999679738076914,186,2.180028129395218,0.3008384363275178,314,2.0098572617295014,0.3029204027510779,209,2.2186836518046706,0.30476343771575215,173,2.0219728845254794,0.3063034160963435,172,1.9049728652120943,0.30776819052003535,302,1.8781094527363182,0.3094499617341905,175,1.8316935315051286,0.31166010415886264,118,1.344422923550188,0.3139462032518538,172,1.8810148731408576,0.3148793540229866,307,1.9169528566968468,0.3144267558197602,170,1.764950166112957,0.3130792911091249,150,1.6350555918901242,0.31112519601484995,232,1.889558560026063,0.3090426005939421,1349,1.9462438503599613,0.30741272372087125,129,1.591217466387073,0.3061450501311974,125,1.3825904214135605,0.3040921412067523,138,1.4592365443586761,0.30068106171050335,279,1.6284363509017685,0.2968749936969667,168,1.6144532000768788,0.2928770887662647,161,1.6497591966389997,0.28893908836753923,147,1.4797664586269377,0.28539523320055743,259,1.4804229779937126,0.28266082847682183,148,1.4588467225234105,0.2813085809554171,149,1.510084118779771,0.2817759507437488,120,1.2211254706421084,0.28373496193849157,192,1.1587205793602897,0.28724328386053294,120,1.1985617259288852,0.29181761950959334,122,1.2971823498139288,0.29589242211407774,97,0.9608717186726102,0.2980245100511084,169,1.0887070798170457,0.2972151397489216,107,1.0372237301279565,0.2924426518797591,92,0.7740849810685738,0.2820099243309091,165,0.749284773625176
31,0.32321987451990075,141,2.0650263620386644,0.3197642050946616,117,1.8737988468930173,0.3162485528824937,155,2.2174535050071533,0.3134012229732448,143,1.8593160837342348,0.3112204577723263,328,2.2532115133612693,0.3096045101083009,192,2.06252014179826,0.3085475355572886,168,2.059075867140581,0.3081133123697114,207,2.4261603375527425,0.3090786769400899,314,2.0098572617295014,0.3112944456087175,207,2.197452229299363,0.31328544954851,174,2.0336605890603083,0.31498436013052766,167,1.849595747037324,0.31662027017185745,289,1.7972636815920398,0.31848770109165586,194,2.0305631149256853,0.3209007713950554,147,1.674831947134556,0.32339772309444975,187,2.0450568678915135,0.3245242813057611,299,1.8669996877926944,0.32424122176349274,155,1.60921926910299,0.323038739670238,169,1.84216263352954,0.32120133998340306,200,1.6289297931259161,0.3192073112502325,1160,1.6735677289974462,0.31764078916975197,130,1.6035524855063525,0.3164026523407451,140,1.5485012719831877,0.3143172323443278,152,1.607275034366078,0.31079372555753504,236,1.3774587054222844,0.3068149731365039,177,1.7009417643667115,0.3025988297026752,131,1.3423506506814222,0.298412997389633,152,1.5300986510972419,0.2946090112793921,238,1.3603886824807088,0.29162052369107694,147,1.448989650073928,0.2900407170624582,137,1.3884666058579103,0.29032377549853533,119,1.2109494250534243,0.29214459973202495,179,1.08026554013277,0.2955925056696502,117,1.1685976827806632,0.300229800122047,114,1.2121212121212122,0.3045232310122098,118,1.168895492818227,0.3070658289340509,133,0.8567931456548347,0.30689732805428216,113,1.0953858084528887,0.3030196045066848,86,0.723601177955406,0.29371361747212704,128,0.5812633395395305
32,0.3332625059148213,146,2.1382542472173403,0.32905680412332383,122,1.9538757206918642,0.3249841811744341,123,1.759656652360515,0.32175429460263877,131,1.703289559225068,0.3193366840761111,285,1.9578209795974446,0.3176007361933594,193,2.073262434203459,0.31651404146573964,153,1.8752298075744578,0.3161154560539972,194,2.273792780121894,0.3171679427327268,306,1.958650707290533,0.3195070554822414,194,2.059447983014862,0.3216349781486751,188,2.1972884525479195,0.3234820976430158,170,1.8828220179421862,0.32527938337881235,298,1.8532338308457712,0.32732421929848265,187,1.9572953736654803,0.32993395490981303,167,1.902700239261707,0.3326388324336964,181,1.979440069991251,0.3339617523114006,300,1.8732438339057134,0.33385747818371364,174,1.8064784053156147,0.33281465295090934,156,1.7004578155657293,0.33111331512948516,214,1.7429548786447302,0.3292308898035478,1154,1.664911344192287,0.3277532741304856,139,1.7145676575798692,0.3265724085425287,124,1.371529698042252,0.3244852215582359,146,1.5438299672200486,0.32088298422344125,246,1.4358255997198388,0.316765702424464,158,1.5183547953103977,0.3123636454064009,150,1.537042729787888,0.3079582791264941,134,1.3489027582041473,0.30391636794417237,275,1.5718776793369533,0.3006879833062739,140,1.3799901429275505,0.2988848933475099,133,1.3479274348839565,0.29897616953907435,131,1.333061972117635,0.30063812136088475,207,1.2492456246228123,0.30399479635172005,120,1.1985617259288852,0.30866235787899104,85,0.9037745879851143,0.3131492569947676,96,0.950965824665676,0.31609495376016267,142,0.9147716291953875,0.31658880831100356,90,0.8724311748739823,0.3136691021846202,91,0.7656710138830458,0.3056106772956539,120,0.5449343808183098
33,0.3432376372184717,155,2.270064440538957,0.3382960256892648,103,1.649583600256246,0.3336780683111277,146,2.088698140200286,0.3300739219493989,136,1.7683006111038877,0.3274244025410662,270,1.8547777701449473,0.3255701316073196,199,2.1377161886346547,0.3244521939208885,143,1.7526657678637088,0.32408453134252546,181,2.1214252226910455,0.3252157355838065,302,1.9330474300710492,0.3276665402801566,164,1.7409766454352442,0.3299183166753221,150,1.753155680224404,0.3319001300361605,170,1.8828220179421862,0.33384556978789276,329,2.0460199004975124,0.3360555427172795,142,1.4862884655641615,0.33885123330716055,147,1.674831947134556,0.34175619664619233,161,1.7607174103237095,0.3432728753566188,283,1.7670933499843895,0.3433506426249944,184,1.910299003322259,0.3424761268654005,142,1.5478526269893176,0.3409245293081367,185,1.5067600586414727,0.33917176530504367,1111,1.602873919755313,0.3378046978379073,118,1.455532256074997,0.336706251332848,113,1.2498617409578587,0.3346469257758557,138,1.4592365443586761,0.33100021588054906,193,1.1264810599428003,0.3267807879315887,165,1.5856236786469344,0.32222860394824543,136,1.3935854083410186,0.3176362553083362,132,1.3287698812160258,0.31338325497052666,237,1.3546727636467562,0.3099337927898215,160,1.5771315919172006,0.3079160249056108,122,1.2364447147055841,0.3078118043799958,136,1.3839422000610562,0.30929703972251726,187,1.1285455642727822,0.31253299834566217,119,1.1885737115461446,0.31719689000579254,85,0.9037745879851143,0.32184688677689516,96,0.950965824665676,0.3251776376260421,117,0.7537202860271854,0.32633797087093935,93,0.9015122140364482,0.32441450569447194,98,0.8245687841817417,0.3176917825004907,131,0.5948866990599883
34,0.35320626365123203,133,1.947861745752783,0.3475620653441506,111,1.777706598334401,0.34242451933303636,151,2.1602288984263236,0.3384644054021578,167,2.171369132752568,0.33559456057025694,270,1.8547777701449473,0.3336275896046432,203,2.1806853582554515,0.33247872522033917,176,2.15712709890918,0.33213756897937063,201,2.3558368495077358,0.3333385165519272,312,1.9970556231197594,0.3358881821779326,191,2.0276008492569,0.3382487386411183,192,2.244039270687237,0.3403489346239271,186,2.060028796101451,0.3424258206060962,333,2.0708955223880596,0.34478459334122785,174,1.8212267113250993,0.3477509808096457,181,2.062208043750712,0.35084313601119527,196,2.1434820647419075,0.35254525352848143,292,1.823290665001561,0.3528021428019096,184,1.910299003322259,0.352098350790076,160,1.7440592980161325,0.3507042358800578,239,1.9465711027854697,0.3490939365182263,1174,1.6937659602094843,0.34785485406127237,131,1.6158875046256322,0.3468610954098924,152,1.6812299524388896,0.34485789160385444,165,1.7447393465158085,0.341201348378834,245,1.4299889102900836,0.33691828645435506,168,1.6144532000768788,0.33225521057473256,142,1.455067117532534,0.32751275220215165,159,1.6005637205556675,0.3230802598645618,263,1.5032866533295228,0.31943334174883514,137,1.350418925579103,0.3172140024150877,134,1.358062227627445,0.31691447066973705,126,1.2821817441742138,0.31820809238275966,182,1.0983705491852747,0.3212952154767516,133,1.3284059129045145,0.32592019129234645,100,1.063264221158958,0.3306975241757101,104,1.030212976721149,0.33438429292817234,133,0.8567931456548347,0.336197160934009,83,0.804575416828228,0.33528171517246474,94,0.7909129154396298,0.3299473065326019,144,0.6539212569819718
35,0.3632338418210216,121,1.7721148213239601,0.35694007705919584,111,1.777706598334401,0.35132318970531695,145,2.074391988555079,0.34703569360865855,141,1.8333116629827069,0.3439639779058111,278,1.9097341485196127,0.34189404364758724,187,2.008808679772263,0.3407165297959323,161,1.9732810393430567,0.3403978432479997,150,1.7580872011251758,0.3416590167040452,290,1.8562375984125967,0.3442935117693674,166,1.762208067940552,0.34674573532913955,153,1.788218793828892,0.348945167940722,196,2.1707830324509914,0.3511332520118712,285,1.7723880597014925,0.35362033786227776,196,2.0514967552857444,0.3567374987427011,181,2.062208043750712,0.35999874995361675,160,1.7497812773403325,0.361872118233997,249,1.5547923821417422,0.3622988758830388,169,1.7545681063122924,0.3617618054915686,173,1.8857641159799432,0.36052677958244733,192,1.5637726014008795,0.3590662701923512,1326,1.9130610419401843,0.3579681607682051,122,1.5048723325521156,0.3570982344293986,126,1.393651144784869,0.3551778358787984,130,1.3746431214973036,0.35154634021825437,253,1.476682425728127,0.34724022140359867,162,1.55679415721699,0.34250895645558754,147,1.5063018751921304,0.33765768175216393,152,1.5300986510972419,0.33308222011451466,247,1.4118319519862819,0.32926647019086663,155,1.5278462296697881,0.32686336396619375,129,1.307388263910003,0.3263727620301091,116,1.1804212882873715,0.3274629192820188,206,1.2432106216053107,0.33037446276774524,106,1.0587295245705155,0.33492385988760054,98,1.0419989367357787,0.33978715277436955,97,0.9608717186726102,0.3437895353320686,137,0.882561360561747,0.3462222601904111,95,0.9208995734780923,0.3462988918414289,96,0.8077408498106857,0.3423673373459429,147,0.6675446165024296
36,0.37338898784807173,131,1.9185705916813123,0.3665188782717483,128,2.0499679692504804,0.3604778329929949,137,1.959942775393419,0.35590217859032186,164,2.132362501625276,0.3526541787113709,301,2.0677337363467747,0.3504953198637384,178,1.91212804812547,0.34929351941212555,181,2.2184091187645545,0.3489937141832567,175,2.0511017346460383,0.3503050501610906,279,1.7858285860590155,0.3530090802107124,180,1.910828025477707,0.35553374602112425,139,1.6245909303412809,0.3578103555945017,172,1.9049728652120943,0.3600857571725619,383,2.3818407960199,0.3626764051850866,167,1.747958970064894,0.3659196026871207,160,1.822946337017204,0.36932648217723807,154,1.68416447944007,0.3713508882721232,291,1.817046518888542,0.371931777539158,150,1.5573089700996678,0.37155085500903756,148,1.6132548506649227,0.3704702211300244,212,1.7266655807134712,0.3691611638708227,1246,1.797642577871395,0.3682123613406561,124,1.5295423707906748,0.36748207805433386,170,1.8803229731224422,0.3656694176861398,147,1.5544041450777202,0.3620979873809124,300,1.751006828926633,0.35781142138802247,134,1.2877186238708438,0.35305818830500213,125,1.2808689414899068,0.34814394414322947,127,1.2784376887457216,0.34346716178382347,245,1.4004001143183766,0.33951644462941305,133,1.310990635781173,0.3369523045457747,145,1.4695449478058173,0.33627910625511104,115,1.1702452426986873,0.3371570999973117,219,1.3216656608328305,0.33986768694913044,127,1.2684778266080703,0.34430327800645477,79,0.8399787347155768,0.34920526740364005,107,1.0599306587419515,0.35347107837556646,118,0.7601623397539136,0.35647159071915296,77,0.7464133385032958,0.3574954759037458,92,0.7740849810685738,0.3549410091808585,140,0.6357567776213614
37,0.3837178458893362,138,2.0210896309314585,0.37636552458673406,131,2.0980140935297884,0.3699711033893296,146,2.088698140200286,0.3651576938647193,158,2.0543492393706932,0.3617665357844467,258,1.77234320258295,0.3595373755168656,163,1.750993662047481,0.3583179060446907,173,2.120357886995955,0.3580339091659118,168,1.969057665260197,0.3593847283923894,274,1.7538244895346604,0.3621415533640054,165,1.7515923566878981,0.3647171373194694,172,2.0102851799906496,0.3670457658323654,175,1.9381991361169564,0.3693807764116394,324,2.014925373134328,0.37204574739103785,165,1.7270253297048357,0.37538516069902245,157,1.7887660931981315,0.3789085404992808,194,2.121609798775153,0.3810575215558408,324,2.0231033406181704,0.3817701554783533,164,1.7026578073089702,0.3815280967708913,119,1.2971441028994986,0.3805907300536732,186,1.514904707607102,0.37942899256148044,1237,1.784658000663656,0.3786330169335209,134,1.6528925619834711,0.37805468284788585,135,1.4931976551266453,0.3763728352679742,130,1.3746431214973036,0.372896633161611,269,1.5700694566042142,0.36867436249599445,147,1.412646550067269,0.3639491004419449,113,1.1579055231068758,0.359022583085627,152,1.5300986510972419,0.3542916225729815,203,1.1603315232923692,0.3502454376113213,143,1.409561360275998,0.34754827373272956,123,1.2465795074490726,0.3467054180247382,143,1.455174519181846,0.34736580520948646,189,1.1406155703077852,0.3498513407188716,92,0.9188973232121453,0.3541330300136316,126,1.3397129186602872,0.3590201048154111,105,1.040118870728083,0.363484794725457,137,0.882561360561747,0.3669808729606418,93,0.9015122140364482,0.3688771896095847,65,0.5469078670593185,0.36763186349969806,113,0.5131465419372417
38,0.3942355124217073,167,2.44581136496778,0.3865167627497807,145,2.32222934016656,0.379856076913978,129,1.8454935622317596,0.3748671090159068,164,2.132362501625276,0.3713739229888952,301,2.0677337363467747,0.3690979855077913,217,2.3310774519282416,0.36786989843501083,172,2.1081014830248805,0.36759921022302566,171,2.0042194092827006,0.3689781220954411,305,1.952249887985662,0.3717693388400577,185,1.9639065817409767,0.37437179599534826,152,1.7765310892940627,0.3767239695692011,146,1.6170118507032896,0.37908682530546245,296,1.8407960199004976,0.3817921367626531,188,1.9677621938455099,0.3851925609834423,186,2.1191751167825,0.38879733977712766,137,1.4982502187226596,0.39103793967095324,312,1.9481735872619417,0.3918531004196562,146,1.51578073089701,0.3917257626665098,141,1.5369522563767168,0.3909139785608381,195,1.5882065482977683,0.38988949686830904,1205,1.7384906150361403,0.38924488890060627,125,1.5418773899099543,0.38882712643920364,144,1.5927441654684218,0.38729718488921955,115,1.2160304536322302,0.3839515017380123,274,1.5992529037529912,0.3798404696456527,150,1.4414760714972132,0.37519700333719197,123,1.2603750384260684,0.3703140289604586,121,1.218039057781357,0.36558188470642355,214,1.2232066304658473,0.3614857708348869,121,1.1927057663873828,0.3586892503755024,121,1.2263099219620959,0.357694423718596,127,1.2923577897628982,0.35813518873565076,190,1.1466505733252867,0.3603728404296465,108,1.0787055533359968,0.36445839863989365,95,1.0101010101010102,0.3692701414870694,97,0.9608717186726102,0.3738561818461358,129,0.8310249307479225,0.3777546488512541,113,1.0953858084528887,0.3804174685772171,114,0.9591922591501894,0.3803694633196719,114,0.5176876617773942
39,0.40495508088247184,125,1.830697129466901,0.39700774122333243,132,2.114029468289558,0.3901847086413792,146,2.088698140200286,0.3850946124125294,150,1.9503315563645822,0.38154888019129163,355,2.438689290375764,0.3792548283985773,194,2.0840047266086583,0.3780297405176609,141,1.728152959921559,0.37777047562814065,154,1.804969526488514,0.379165327040307,306,1.958650707290533,0.3819707501214142,174,1.8471337579617835,0.3845733858112005,135,1.5778401122019634,0.3869171819032059,176,1.9492745597519106,0.3892719221269072,287,1.7848258706467661,0.39197869216470016,184,1.9258949131253926,0.39539936265241415,134,1.5267175572519083,0.39904428473044606,158,1.7279090113735782,0.401336895454528,246,1.536059943802685,0.40221838963963186,169,1.7545681063122924,0.40217462629907286,133,1.4497492914759103,0.401464027760818,227,1.848835315197915,0.4005606382129984,999,1.4412880700590076,0.4000607723744605,128,1.5788824472677931,0.39980832004054,124,1.371529698042252,0.398449197528125,128,1.3534947657819605,0.3952692704861761,248,1.44749897857935,0.391318473920491,164,1.5760138381702864,0.3868144290113465,147,1.5063018751921304,0.3820359352949445,136,1.369035635192269,0.37736155267576504,237,1.3546727636467562,0.3732672771730945,111,1.094135041892558,0.3704109717024651,123,1.2465795074490726,0.36928687013985406,123,1.2516536074081612,0.3695096758915704,209,1.2613156306578155,0.3714780336292808,133,1.3284059129045145,0.3753230833889894,96,1.0207336523125996,0.3799920686166174,90,0.8915304606240713,0.38460856112218217,145,0.9340977903755718,0.38879468369359804,91,0.8821248545948043,0.3920860986498685,80,0.6731173748422381,0.3930783892591835,124,0.5630988601789201
40,0.4158895026269611,155,2.270064440538957,0.40787370574784604,135,2.162075592568866,0.40100943237873027,179,2.5608011444921317,0.3959052604759183,171,2.2233779742556234,0.3923651374874376,349,2.3974720065947657,0.39008699833536603,177,1.9013857557202707,0.388879217373388,182,2.2306655227356296,0.38863014394334877,198,2.320675105485232,0.39002796839490617,299,1.913844972156436,0.39282551429781276,167,1.772823779193206,0.39539886503177857,154,1.7999064983637212,0.39769879489490034,170,1.8828220179421862,0.4000051401238271,341,2.120646766169154,0.40266945437525326,190,1.9886958342055683,0.40606389782086993,184,2.0963882875697846,0.40970140331663385,184,2.012248468941382,0.4119996416908091,278,1.7358726194192944,0.4129041934637522,217,2.252906976744186,0.41290574820130815,138,1.5042511445389144,0.41226511067404753,225,1.8325460172666557,0.411460416779059,1146,1.653369497785408,0.41109334412764503,118,1.455532256074997,0.41100687676370395,119,1.3162260811857096,0.40983510963346176,156,1.6495717457967642,0.40685591666394727,292,1.7043133134885893,0.4031162085406835,149,1.431866231020565,0.39881285407027867,140,1.4345732144686956,0.39420481480093206,152,1.5300986510972419,0.38965309963192624,228,1.3032294941411833,0.3856187678615943,142,1.3997042878265153,0.38274834427869964,117,1.185770750988142,0.38152291161767704,130,1.3228859265289508,0.38153336425764045,213,1.2854556427278214,0.3832126459313573,119,1.1885737115461446,0.38677071357204457,115,1.2227538543328018,0.39122238668902554,89,0.8816245666171372,0.39576478060904485,147,0.9469818978290279,0.4001018425846683,109,1.0566110895696008,0.40385141671481123,104,0.8750525872949095,0.40568107972582385,154,0.6993324553834975
41,0.4269615925696055,122,1.7867603983596954,0.41905737385895564,140,2.242152466367713,0.4122886199963306,127,1.8168812589413448,0.4072690712899653,161,2.0933558704979847,0.4038007840485224,310,2.129559662018273,0.4015776072178898,189,2.030293264582662,0.40040397140203704,159,1.9487682314009072,0.4001644700654103,165,1.9338959212376934,0.4015514257567846,273,1.7474236702297894,0.40431703652294726,184,1.9532908704883227,0.4068289656151405,172,2.0102851799906496,0.4090462335946402,164,1.8163694761324618,0.41125996414261884,327,2.0335820895522385,0.4138333269752029,180,1.8840276324052754,0.417149844012445,165,1.8799134100489918,0.42072662317576937,150,1.6404199475065617,0.4229780683094509,261,1.6297221354979705,0.4238561899731704,143,1.4846345514950166,0.4238585992246914,135,1.471550032701112,0.42325072683997467,182,1.4823261117445838,0.4225168198731489,1043,1.504768225296842,0.42226576003355193,122,1.5048723325521156,0.4223421093144889,130,1.4378940382701029,0.42137183528151,167,1.7658877022311514,0.4186278294379163,298,1.739333450067122,0.41515138607996716,137,1.3165481453007881,0.41111294537923865,126,1.291115893021826,0.406745635607446,130,1.308637004227904,0.4023867678671737,242,1.383252357816519,0.39847625133950887,109,1.0744208969935929,0.3956430337287066,123,1.2465795074490726,0.39434916752599036,115,1.1702452426986873,0.39415676548003575,191,1.1526855763427883,0.3955289880517544,98,0.9788254095085898,0.39875190628589785,77,0.8187134502923977,0.4029054188767059,78,0.7726597325408618,0.40725700096712053,152,0.9791921664626682,0.41158865895645996,92,0.8918185343156262,0.4155969086231612,90,0.7572570466975179,0.4180200574070875,97,0.4404886244948004
42,0.43747561778016814,138,2.0210896309314585,0.4298633324185922,136,2.1780909673286355,0.4233281374932588,141,2.017167381974249,0.4184932500530634,144,1.8723182941099987,0.4151640822743765,282,1.937212337706945,0.413035616675172,217,2.3310774519282416,0.41191330202818416,164,2.0100502512562812,0.4116827647090279,148,1.7346460384435067,0.41304423055484396,270,1.7282212123151766,0.41575250203107084,158,1.6772823779193207,0.41817006256590533,161,1.881720430107527,0.4202655640728115,196,2.1707830324509914,0.42234240923691,306,1.9029850746268655,0.4247762712909121,167,1.747958970064894,0.42796287234671937,154,1.754585849379059,0.431425328647331,118,1.290463692038495,0.43357794646663395,290,1.810802372775523,0.43438102890795116,133,1.380813953488372,0.43434080734957065,138,1.5042511445389144,0.43372933841777456,159,1.2949991855351035,0.4330386889977194,1103,1.5913320733484342,0.43288643976938607,128,1.5788824472677931,0.4331211934419917,138,1.5263798252405707,0.43236497756856723,150,1.5861266786507349,0.42988901837506927,281,1.6401097297612794,0.4267262329099594,158,1.5183547953103977,0.4230153625525077,123,1.2603750384260684,0.41895804744291326,119,1.1979061807932354,0.41486194598141934,207,1.1831951986281795,0.4111396027869532,120,1.1828486939379004,0.4083958807055989,124,1.256714300192561,0.4070676818175029,119,1.2109494250534243,0.4066837982309832,181,1.092335546167773,0.4077329633215143,95,0.9488613663603676,0.4105739797422442,83,0.8825093035619352,0.41434963059577545,81,0.8023774145616641,0.4183946582160084,131,0.8439090382013786,0.4225649435520866,67,0.6494765412950756,0.4266314886647413,84,0.70677324358435,0.42940117806041067,125,0.5676399800190728
43,0.4470735366875139,162,2.3725834797891037,0.4399194936581895,135,2.162075592568866,0.43374565342871846,150,2.1459227467811157,0.42918817779682217,151,1.9633337667403459,0.4260604314845082,305,2.095211925534107,0.4240632895623428,191,2.0517778493930603,0.42300782556986655,144,1.7649221718347836,0.42278519735768066,176,2.062822315986873,0.424106873061004,313,2.00345644242463,0.4267334084388878,170,1.8046709129511678,0.4290256388721044,166,1.9401589527816736,0.43096311045536534,152,1.6834643925130135,0.43286230832925465,315,1.9589552238805972,0.4351121164307897,183,1.915428092945363,0.4381211421531549,143,1.629258288709126,0.44142030970584917,145,1.5857392825896761,0.44342698636208416,290,1.810802372775523,0.4441113365167608,181,1.879152823920266,0.4439895422109749,139,1.5151515151515151,0.44334196045539725,205,1.6696530379540644,0.4426698738876404,1042,1.503325494495982,0.4426007597946492,139,1.7145676575798692,0.44298945378899335,141,1.5595619953544961,0.44245797697969486,142,1.5015332557893624,0.44027899551199823,257,1.5000291834471486,0.43747456026405346,137,1.3165481453007881,0.4341472166982104,115,1.1783994261707142,0.4304622396879601,123,1.2381719347694786,0.4266923993970595,191,1.0917404972849385,0.423217281012644,131,1.291276490882208,0.42061163174189103,119,1.206040336475119,0.4192815079122503,126,1.2821817441742138,0.4187184548527578,201,1.2130356065178034,0.41943211926087964,118,1.178585697163404,0.42185035267931464,113,1.2014885699096225,0.4251767478190652,77,0.7627538385339276,0.42881032706384087,129,0.8310249307479225,0.4326766207519017,85,0.8239627762698721,0.43661675032500663,79,0.6647034076567101,0.439503420293456,104,0.47227646337586854
44,0.455839454709942,181,2.6508494434680725,0.4492924645489861,135,2.162075592568866,0.44359436406103814,165,2.3605150214592276,0.4393972397969154,141,1.8333116629827069,0.43652640966951267,314,2.1570378512056054,0.4346928837496928,196,2.1054893114190567,0.4337175467941606,176,2.15712709890918,0.43350123154254633,186,2.180028129395218,0.4347697775315818,335,2.1442744671317926,0.43729241125933527,158,1.6772823779193207,0.43943150137230913,143,1.6713417484805986,0.441178605441891,159,1.7609923579576918,0.44286399830423073,278,1.728855721393035,0.4448904070030096,179,1.8735608122252458,0.447679951718254,148,1.6862253617409138,0.45077294895154396,169,1.848206474190726,0.45259251618753427,253,1.5797689665938184,0.45311997835391443,140,1.4534883720930232,0.45288257896558975,147,1.6023544800523217,0.45217039100086487,184,1.4986154096758428,0.45149511389804753,1048,1.5119818793011413,0.45149517133804895,134,1.6528925619834711,0.45203349201588894,131,1.4489547616414113,0.45173536983089846,129,1.3640689436396318,0.4498775473054677,254,1.4825191151578825,0.4474692237004642,141,1.3549875072073803,0.44457304558720584,121,1.2398811353622297,0.44131388847813385,124,1.2482383732635394,0.43792525966389606,202,1.1546156044584166,0.4347490411892125,142,1.3997042878265153,0.43232466686817067,135,1.3681970203709335,0.43102239266323583,115,1.1702452426986873,0.4302931280739129,223,1.3458056729028365,0.4306629994899584,114,1.138633639632441,0.4326250310372241,88,0.9356725146198831,0.4354412700471632,102,1.0104011887072808,0.43857186995448444,119,0.7666043934806416,0.4420077512926622,84,0.8142690965490499,0.4456556948951679,90,0.7572570466975179,0.44845087263710093,106,0.4813587030561737
45,0.4638720359730881,192,2.8119507908611596,0.45806294535774966,139,2.226137091607944,0.45294107854622273,158,2.2603719599427756,0.4491770041759614,156,2.028344818619165,0.44661145027571897,290,1.9921687160816104,0.4449693081725914,226,2.4277580835750348,0.44408503485244355,161,1.9732810393430567,0.44387290381156835,161,1.8870135958743552,0.4450760054093961,285,1.8242335018882418,0.44747489780102173,165,1.7515923566878981,0.4494363161826185,157,1.8349696119682093,0.4509647924936682,159,1.7609923579576918,0.4524049903351958,265,1.6480099502487564,0.45417402379469896,177,1.8526271718651874,0.45670807996949897,170,1.9368804830807793,0.45955823990744216,148,1.6185476815398077,0.46115563333298215,291,1.817046518888542,0.4614937860209194,152,1.5780730897009967,0.4611118829008462,155,1.6895574449531283,0.4603108608566863,216,1.7592441765759896,0.4596138218582061,1081,1.5595919957295168,0.45967100771457253,138,1.7022326384605897,0.4603549635572303,129,1.4268333148987944,0.460296921616763,145,1.533255789362377,0.4587798746286886,248,1.44749897857935,0.4567986204509909,140,1.3453776667307322,0.454372969687638,124,1.2706219899579876,0.45158418718676857,128,1.2885041272397826,0.44862299943468353,246,1.4061160331523292,0.44578971140107915,112,1.1039921143420404,0.44358411897203526,126,1.276983885679538,0.44233652059843553,143,1.455174519181846,0.4414543985985287,206,1.2432106216053107,0.4414762028930192,117,1.1685976827806632,0.4429561039215422,98,1.0419989367357787,0.4452120052469419,102,1.0104011887072808,0.44776192345535926,126,0.8116987695677381,0.45065794059612535,98,0.9499806126405583,0.45386806631131305,77,0.6478754732856542,0.4563862694107194,104,0.47227646337586854
46,0.47127445250334893,166,2.4311657879320445,0.46631600006021473,165,2.6425368353619474,0.4618567499236941,175,2.503576537911302,0.4585879473977866,169,2.1973735535040957,0.45636870104747923,275,1.889125506629113,0.45494106294441217,196,2.1054893114190567,0.4541564016470933,203,2.4880500061282023,0.45394580576599075,157,1.8401312705110175,0.45507220876045346,327,2.0930679126928244,0.4573298872672931,222,2.3566878980891723,0.4590924454954626,160,1.8700327255726974,0.46037819140734526,162,1.794218628862554,0.4615466561216025,326,2.027363184079602,0.4630297823230156,188,1.9677621938455099,0.4652782893269456,161,1.8343397516235613,0.4678551910594737,190,2.077865266841645,0.4692015134284578,249,1.5547923821417422,0.4693237745488504,155,1.60921926910299,0.468773738485273,177,1.9293655984303464,0.46786407958949094,209,1.7022316338165824,0.46713005492410337,1038,1.4975545712925424,0.4672343913415896,128,1.5788824472677931,0.4680604376148695,118,1.305165357814401,0.46824746542187257,127,1.342920587924289,0.46708644574647945,227,1.3249285005544855,0.46555659706117813,158,1.5183547953103977,0.463632693384515,136,1.3935854083410186,0.46134997433742275,124,1.2482383732635394,0.4588537084571889,205,1.1717633609602742,0.45639962057631783,139,1.3701330704780679,0.454444435277207,123,1.2465795074490726,0.4532751699950843,125,1.2720056985855297,0.4522537385792782,224,1.3518406759203379,0.4519270747310783,88,0.8789452656811825,0.45290635372479854,94,0.9994683678894205,0.4545625293333553,87,0.861812778603269,0.4564681245395577,127,0.8181408232944662,0.4587322168141181,89,0.8627374951531602,0.46137971007223133,74,0.6226335717290703,0.4634595626210738,101,0.45865310385541075
47,0.47815310594305044,157,2.299355594610428,0.4741399453032911,136,2.1780909673286355,0.4704155080781608,156,2.2317596566523603,0.4676935999642829,158,2.0543492393706932,0.46585424927066854,278,1.9097341485196127,0.4646595134448091,166,1.7832205392630787,0.4639805984522286,136,1.6668709400661845,0.46376838219417643,174,2.0393811533052038,0.4648079144733405,302,1.9330474300710492,0.46690929002417814,172,1.8259023354564756,0.4684551736195983,163,1.9050958391771855,0.46947828451582957,149,1.6502381216081514,0.4703533692430301,304,1.8905472636815919,0.47152752608892196,157,1.6432907682646012,0.4734663696829061,118,1.344422923550188,0.475745820441141,183,2.0013123359580054,0.4768183527146449,231,1.4423977521073992,0.47670402876890344,145,1.5053986710963454,0.47596757755944313,170,1.8530630041421408,0.47493400514100004,204,1.6615083889884346,0.4741512285569871,1030,1.4860127248856636,0.47429489981092493,117,1.4431972369557173,0.4752600254484274,139,1.5374405486118792,0.47569550087393125,142,1.5015332557893624,0.4749015778834294,252,1.4708457362983716,0.4738410352467769,142,1.3645973476840285,0.4724421198693563,130,1.332103699149503,0.47069240228429476,113,1.1375075498288705,0.4686898363379583,215,1.2289225492998,0.4666434262545417,132,1.3011335633316905,0.4649642879030607,108,1.0945576162967467,0.46389369025704597,107,1.0888368779892135,0.46274653002464694,185,1.1164755582377792,0.4620747322811538,112,1.1186576108669597,0.46254224945165373,88,0.9356725146198831,0.46357010255058434,117,1.1589895988112928,0.46478189401001524,146,0.9405398441022998,0.4663396037793105,70,0.6785575804575417,0.46832082161465444,73,0.6142196045435423,0.4698256632284103,89,0.40415966577357976
48,0.48461762000382225,191,2.7973052138254246,0.48162642681650575,150,2.4023062139654066,0.4786948198266856,148,2.1173104434907013,0.4765607783826179,193,2.5094266025224288,0.4751274075394568,304,2.0883423782372743,0.47417921036456456,194,2.0840047266086583,0.47360975213971696,179,2.1938963108224048,0.47339226856902433,176,2.062822315986873,0.4743358525161217,305,1.952249887985662,0.4762682195850068,199,2.1125265392781314,0.47758299729062803,185,2.1622253389434314,0.4783277813794305,145,1.6059364270683354,0.47889274176034563,249,1.5485074626865671,0.4797403341816312,159,1.6642244086246598,0.4813513178721535,170,1.9368804830807793,0.48331530820063173,175,1.9138232720909885,0.48409749147912673,255,1.5922572588198562,0.4837317939645107,150,1.5573089700996678,0.48279603434981777,181,1.9729670808807498,0.4816278610808728,203,1.653363740022805,0.4807880960139759,1210,1.7457042690404396,0.48096551098278506,127,1.5665474281485137,0.48206729525015607,130,1.4378940382701029,0.4827530794623389,164,1.7341651686581367,0.4823332949592271,235,1.3716220159925292,0.48175369342344165,152,1.4606957524505093,0.48089519300537453,138,1.414079311404857,0.47969679907011004,133,1.3388363197100865,0.4782080934362652,237,1.3546727636467562,0.47659006827484957,118,1.1631345490389353,0.4752065847450289,128,1.2972534711665147,0.4742515633837389,117,1.1905973338760558,0.47299216164117436,215,1.2975256487628244,0.4719821750949172,128,1.278465840990811,0.4719340441337705,98,1.0419989367357787,0.4723157249811302,87,0.861812778603269,0.47279841458878047,114,0.7343941248470013,0.4735929733617138,64,0.6203955021326095,0.47482560235011445,75,0.6310475389145982,0.4756437864614823,104,0.47227646337586854
49,0.4907846353699532,173,2.5336848271821912,0.4888742402452013,158,2.530429212043562,0.4867793495508474,154,2.203147353361946,0.48526348716119827,159,2.067351449746457,0.484254650100211,299,2.0539946417531088,0.4835618493647643,183,1.9658395101514663,0.48310313639287,162,1.9855374433141317,0.4828762636134663,170,1.992498827941866,0.48371592294714644,311,1.9906548038148884,0.485468949810532,173,1.8365180467091295,0.48654156986743013,155,1.8115942028985508,0.48699654805742676,159,1.7609923579576918,0.4872395378905006,286,1.7786069651741294,0.4877484199377698,167,1.747958970064894,0.489019223229762,143,1.629258288709126,0.4906558708568143,151,1.6513560804899388,0.4911372753467142,260,1.6234779893849516,0.4905113209080935,186,1.9310631229235882,0.4893687710828941,155,1.6895574449531283,0.48805993961790645,196,1.596351197263398,0.48715852676945826,1143,1.6490413053828283,0.48736635707647613,138,1.7022326384605897,0.4886030019470028,111,1.2277402942152416,0.4895395058728656,135,1.4275140107856614,0.48949699628924387,215,1.2548882273974202,0.4894038469401984,139,1.3357678262540842,0.4890935194010724,152,1.5575366328517266,0.4884562875878249,113,1.1375075498288705,0.4874930843164273,194,1.1088882537867961,0.48631643141595077,126,1.2419911286347955,0.48524216976634055,123,1.2465795074490726,0.48441614169489816,135,1.373766154472372,0.4830577964129538,180,1.0863005431502715,0.48172006912456844,111,1.108669596484219,0.48115955908468877,79,0.8399787347155768,0.48088790356624606,107,1.0599306587419515,0.4806203604782525,126,0.8116987695677381,0.4806127104436505,62,0.6010081426909655,0.4810358198627813,76,0.6394615061001262,0.4810808392402897,92,0.4177830252940375
50,0.4967737296550647,141,2.0559930008748903,0.4959852389055668,157,2.6462160795550314,0.4947568779557636,182,2.7811735941320292,0.49387885867686826,174,2.39010989010989,0.4933055741996501,308,2.296793437733035,0.4928722488848896,192,2.1993127147766325,0.49252315877981423,170,2.221060883198328,0.4922823186818135,199,2.485014985014985,0.49301118083920664,310,2.1321961620469083,0.4945768911721109,183,2.0603467687457777,0.495399669253156,156,1.9441674975074776,0.4955575677009017,165,1.9246471480228626,0.4954716282929472,298,1.985475381437804,0.49563507985399824,133,1.4820592823712948,0.4965592120749091,157,1.870606457762421,0.49786270277811373,162,1.8526989935956084,0.49803899444485894,259,1.72356425101484,0.49714980142148885,154,1.693051890941073,0.49579840740243575,177,1.9957154132371182,0.4943475213666935,165,1.4157014157014158,0.49338341262509194,1195,1.8374438772372226,0.49362061307007404,123,1.5561740890688258,0.49499095316336683,118,1.3436574812115691,0.49617717497610964,148,1.593625498007968,0.4965112584170171,228,1.378393083852246,0.49690405399645865,122,1.2207324394636783,0.49714210443654455,137,1.448509198562064,0.49706750393899496,129,1.3482441471571907,0.4966330243895919,209,1.2570672440755444,0.49590307601704714,142,1.4669421487603305,0.495145578513399,127,1.34805222375544,0.4944584320744706,123,1.3134009610250934,0.49301418419839865,203,1.2903635901347572,0.49136258101194435,123,1.2909319899244331,0.490300028800743,88,0.9773434029320303,0.4893784981135612,90,0.944386149003148,0.48835373531319376,132,0.900470700593492,0.4875225298884464,101,1.0337768679631525,0.4870965830633914,79,0.705483121986069,0.48630711658534925,121,0.5812277836487655
51,0.5027050352297837,153,2.2309711286089238,0.5030619031094311,162,2.7304904769930896,0.5027158509740108,159,2.4297066014669926,0.5024846994940114,190,2.60989010989011,0.5023504520049181,279,2.0805369127516777,0.5021759093114975,203,2.325315005727377,0.5019329253763557,156,2.038149986934936,0.5016731051567433,185,2.31018981018981,0.5022854041931235,335,2.3041474654377883,0.5036581583712633,203,2.2855212789912183,0.5042267660309427,156,1.9441674975074776,0.504084510523827,162,1.889653563513356,0.5036675634615199,263,1.7522819641548404,0.503484272098434,164,1.8275016714954313,0.5040610330569408,160,1.9063505302037413,0.5050315695814215,163,1.864135407136322,0.5049044839548712,262,1.7435283156984096,0.50375497350751,141,1.550131926121372,0.5021981266866449,178,2.006990641560492,0.5006084785200048,189,1.6216216216216217,0.4995842628089024,1150,1.7682514299772432,0.4998520784987329,121,1.5308704453441295,0.5013555713436112,119,1.3550444090184468,0.5027891053353447,159,1.712070636373425,0.5034953303957651,217,1.311891663140076,0.5043676081273654,143,1.4308585151090654,0.5051467641074581,136,1.4379361387185452,0.5056279773789613,100,1.0451505016722409,0.5057171015053079,211,1.269096595693492,0.5054315963397761,142,1.4669421487603305,0.5049924061889833,140,1.4860418214626898,0.5044504819783067,134,1.430859583555793,0.502933069961745,175,1.1123824052885838,0.500984808414172,113,1.1859781696053737,0.49943755042512405,83,0.9218125277654375,0.4978801882498814,90,0.944386149003148,0.49610535627176017,126,0.8595402142028788,0.4944469761542186,69,0.7062436028659161,0.4931538506617526,80,0.7144132880871584,0.49149380083574173,88,0.4227111153809204
52,0.5086988619236187,162,2.3622047244094486,0.5102068956714114,165,2.781055115455924,0.5107448989710067,148,2.26161369193154,0.511158995341255,171,2.348901098901099,0.511459733816996,286,2.1327367636092465,0.5115385196344648,193,2.2107674684994274,0.5113957518176983,172,2.247191011235955,0.5111115292554108,177,2.2102897102897106,0.5116026121266606,314,2.159708370589449,0.5127790923572145,182,2.049088043233506,0.5130925502409344,173,2.1560319042871385,0.5126512667451889,141,1.6446984719468098,0.5119061145856154,275,1.8322339929375708,0.5113801671372917,157,1.7494985513706263,0.5116146191984683,149,1.775288931252234,0.5122583823203056,155,1.7726440988106131,0.5118357090827055,236,1.57050642177414,0.5104347144319912,158,1.7370272647317502,0.5086812738440745,171,1.9280640432968768,0.5069608729612545,185,1.5873015873015872,0.5058827970665112,1165,1.791315579063903,0.5061847593246305,141,1.7839068825910929,0.5078214569111357,125,1.423365975859713,0.5094984743011584,142,1.529019058899537,0.5105686309360896,221,1.3360739979445015,0.5119079916645882,141,1.410846507904743,0.513213535491133,147,1.554239796997251,0.5142355048407484,124,1.2959866220735785,0.514834826421974,204,1.2269938650306749,0.5149839609198437,126,1.3016528925619835,0.5148586505989545,122,1.294979301560344,0.5144647339963356,104,1.1105178857447944,0.5128865651987666,192,1.2204424103737606,0.5106621702372639,98,1.0285474391267841,0.5086544933213739,88,0.9773434029320303,0.5064859049866328,96,1.0073452256033577,0.5039823132493695,116,0.7913227368851901,0.5015109166994184,78,0.7983623336745137,0.4993539627557557,73,0.6519021253795321,0.49681252745233245,83,0.3986934383706408
53,0.5148753487943637,174,2.537182852143482,0.5175226379911708,171,2.8821843923815944,0.5189323706016874,152,2.3227383863080684,0.5199794271442251,183,2.5137362637362637,0.520703560764229,275,2.0507084265473527,0.5210254734925074,166,1.9014891179839633,0.5209746846223334,159,2.077345178991377,0.5206602585503431,173,2.1603396603396603,0.5210265963199493,328,2.2560011004883416,0.5220057969876272,165,1.8576897095248817,0.5220664741581423,172,2.143569292123629,0.5213314968668568,151,1.761343753645165,0.5202658329820291,247,1.6456792591112002,0.5194067178692716,132,1.4709159794963227,0.51930966971834,158,1.8825211485761946,0.5196387910096184,175,2.0013723696248857,0.5189343690869211,255,1.6969454981034138,0.5172966531017611,186,2.044854881266491,0.5153609730795568,156,1.7589356184462734,0.5135225753397052,214,1.8361218361218363,0.5124005604961147,1162,1.786702749246571,0.5127424712979655,124,1.568825910931174,0.5145129717366543,145,1.6511045319972673,0.5164281730367261,151,1.6259287175621837,0.5178502668667244,204,1.2332990750256936,0.5196383525539482,146,1.4608765259155494,0.5214481129509192,132,1.3956438993444702,0.5229875533463567,128,1.3377926421404682,0.5240754124435804,208,1.2510525682665705,0.5246418820452021,123,1.2706611570247934,0.5248200827238478,118,1.2525209638042671,0.5245734051933599,100,1.0678056593699947,0.5229465400796985,186,1.1823035850495804,0.520469812765234,123,1.2909319899244331,0.5180329198701441,112,1.2438916037316747,0.5152882702978149,102,1.0703043022035676,0.512091436300081,147,1.0027969165700252,0.5088390497204405,76,0.7778915046059366,0.505843200971126,84,0.7501339524915164,0.5024350055205548,83,0.3986934383706408
54,0.5213564793298326,169,2.464275298920968,0.5251132461430877,130,2.191134333389516,0.5273682266256595,164,2.506112469437653,0.5290252483889701,161,2.2115384615384617,0.5301536408875626,326,2.431021625652498,0.5307037509231111,197,2.256586483390607,0.530734390475992,160,2.0904102430101905,0.530383618420181,155,1.9355644355644357,0.5306228233041982,312,2.1459522663181785,0.531406046326987,207,2.3305561810403064,0.531219665507192,149,1.856929212362911,0.5302005522030296,157,1.831330922664178,0.528826979313993,282,1.8788726763941634,0.5276495983783257,184,2.050367728994874,0.5272375980306644,129,1.5369951149767664,0.527270140804844,165,1.8870082342177494,0.5263038610083804,267,1.7768017568376921,0.5244501400654685,144,1.58311345646438,0.5223521017445283,172,1.9393392716202502,0.5204132390340374,193,1.6559416559416558,0.5192608917846508,1134,1.743649670951473,0.5196507940281827,158,1.9989878542510122,0.5215561697071308,115,1.3094966977909361,0.5237027065762706,124,1.3351997415742436,0.5254608977592592,260,1.5718517622876487,0.5276733304310587,136,1.3608164898939363,0.5299576383719038,140,1.48022837809262,0.5319830221492363,123,1.2855351170568563,0.5335295203509598,202,1.2149645134127272,0.5344885549018504,130,1.3429752066115703,0.5349539892470463,104,1.1039167816579982,0.5348502381669161,121,1.2920448478376934,0.5331863848089073,193,1.2267988812611237,0.5304843799778005,118,1.2384550797649034,0.5276563630906126,91,1.0106619280319857,0.5243813852054359,112,1.1752360965372508,0.5205411043247692,141,0.961866430179412,0.5165577492955287,78,0.7983623336745137,0.5127696883603758,66,0.5893909626719057,0.5085349911734541,94,0.4515323277932558
55,0.5282699699194042,183,2.668416447944007,0.5330883364695174,171,2.8821843923815944,0.5361478047141331,134,2.047677261613692,0.5383810364158431,167,2.293956043956044,0.5398870024674217,288,2.1476510067114094,0.5406456807497131,169,1.9358533791523482,0.5407449294422836,169,2.207995819179514,0.5403513753742463,164,2.047952047952048,0.5404622244499048,326,2.242244996217071,0.5410530784336188,177,1.9927944156721458,0.5406287267506233,160,1.9940179461615155,0.5393392816507393,157,1.831330922664178,0.5376753389407815,327,2.178692784329402,0.5362000274276917,176,1.9612213059950971,0.5354953607313822,154,1.834862385321101,0.5352553036063201,152,1.738334858188472,0.5340531143605826,255,1.6969454981034138,0.5320100852694579,161,1.770008795074758,0.5297751292128586,172,1.9393392716202502,0.5277581365068725,202,1.733161733161733,0.5265927503197781,970,1.491481640937327,0.5270408781870775,117,1.4802631578947367,0.5290825729703349,130,1.4803006148941016,0.5314519341717284,136,1.4644126197911058,0.5335264400449143,251,1.5174415089776918,0.5361327241437003,132,1.320792475485291,0.5388543374069646,124,1.3110594205963206,0.5413258573058999,115,1.201923076923077,0.543292862812387,250,1.503668952243474,0.5446122625522533,123,1.2706611570247934,0.5453427852194457,116,1.2312917949262285,0.5453741238526012,128,1.3667912439935932,0.5436846428525575,180,1.1441647597254003,0.5407876530993628,97,1.0180520570948783,0.537613466704084,89,0.9884495779653488,0.5338644705966036,100,1.049317943336831,0.5294448955464909,131,0.8936489528617232,0.5247987419369962,84,0.8597748208802457,0.5202871137928363,68,0.6072512948740847,0.5152920882408543,91,0.4371217215870881
56,0.5357430537587691,180,2.6246719160104988,0.5415567386548845,146,2.460812405191303,0.545365506044958,184,2.8117359413202934,0.5481303788283264,169,2.3214285714285716,0.5499796933265159,282,2.102908277404922,0.5509226567500738,210,2.405498281786942,0.55107548682096,173,2.2602560752547687,0.5506324814083547,186,2.3226773226773227,0.5506149488325836,298,2.049659536419286,0.5510193533316199,179,2.01531186669669,0.5503694965594653,163,2.031405782652044,0.5488277957334686,151,1.761343753645165,0.5468959878117121,311,2.072090079285762,0.5451485349172493,201,2.2398038778694005,0.5441792217488316,169,2.013582747527702,0.5436964361791856,187,2.1386093321134494,0.5422903412065019,301,2.0030611565848138,0.5400906984963252,153,1.682058047493404,0.5377498457596993,173,1.950614499943624,0.5356818739537115,238,2.0420420420420418,0.5345244114379013,1257,1.9327756934620828,0.5350431126418501,135,1.7079959514170042,0.5372228028749192,141,1.6055568207697564,0.539804663609422,142,1.529019058899537,0.5421716301568537,246,1.4872135904721602,0.545135029810029,155,1.550930558335001,0.5482490426332354,141,1.4908014379361387,0.5511185718577098,127,1.3273411371237458,0.5534597324906055,232,1.395404787681944,0.5550999194098506,122,1.2603305785123966,0.5560675750199136,125,1.3268230548774014,0.5562226759506234,119,1.2706887346502935,0.5545185894829155,232,1.474701245868294,0.5514601207177846,104,1.09151973131822,0.5479915348690975,86,0.9551310528653931,0.5438353906189345,90,0.944386149003148,0.5389150887315496,144,0.9823316733747187,0.5336926005679027,74,0.7574206755373593,0.5285482429094388,86,0.7679942846936954,0.5228853131855767,99,0.4755500048035354
57,0.5439004450442523,174,2.537182852143482,0.550624417888047,136,2.292263610315186,0.5551127206031279,156,2.3838630806845966,0.5583538237738064,158,2.17032967032967,0.5605047631082823,272,2.028337061894109,0.5616031497875866,212,2.4284077892325318,0.5617924085203041,172,2.247191011235955,0.5612931249082913,162,2.022977022977023,0.5611484224261323,333,2.2903913611665176,0.5613746142222583,195,2.195451474893042,0.5605151082684915,171,2.1311066799601197,0.5587435187254215,171,1.9946343170418757,0.5565713354026108,306,2.038776733959624,0.5545829925776286,159,1.7717851571205705,0.5533827662784193,152,1.8110330036935542,0.5526929718885111,157,1.7955169258920403,0.5511210023728204,269,1.7901111332934052,0.5488034279087408,144,1.58311345646438,0.5463932718016676,143,1.6123576502424175,0.5443062697028522,202,1.733161733161733,0.5431813106988246,983,1.5114705701457656,0.5437849285962226,140,1.771255060728745,0.5461043401735297,126,1.4347529036665907,0.5488863740831667,134,1.4428771400882956,0.5515177251014906,283,1.7109001874130947,0.5547951343902803,141,1.410846507904743,0.5582488971169287,128,1.3533516599703954,0.5614599747869325,136,1.4214046822742474,0.5641207669869907,203,1.220979189221701,0.5660348757049383,149,1.5392561983471074,0.5672059916051578,121,1.2843647171213246,0.5674700917019465,136,1.4522156967431927,0.5657620928614352,224,1.4238494787693874,0.5625788151201336,128,1.343408900083963,0.5588743200505654,90,0.9995557529986673,0.554388374363176,96,1.0073452256033577,0.5490603119641212,114,0.7776792414216522,0.5433663269714543,78,0.7983623336745137,0.5377024541794486,69,0.6161814609751741,0.5314906240794467,90,0.43231818618503215
58,0.552863182856231,148,2.15806357538641,0.560393324257978,141,2.3765380077532443,0.5654767239213637,156,2.3838630806845966,0.5691278372139615,160,2.197802197802198,0.5715312784607682,309,2.3042505592841165,0.5727517699008436,195,2.2336769759450172,0.5729582959600759,177,2.3125163313300234,0.5723958446064019,160,1.998001998001998,0.5721264691097595,304,2.090927849233097,0.5721850052308146,168,1.8914658860616977,0.5711350959406408,149,1.856929212362911,0.5691602762599927,171,1.9946343170418757,0.5667801881785761,261,1.7389566260243854,0.564587647639019,185,2.061511031869846,0.563195897602259,136,1.6203979506731798,0.5623405728028052,145,1.6582799634034768,0.560646709694933,252,1.6769814334198445,0.5582558092720673,158,1.7370272647317502,0.5558184526166356,146,1.646183335212538,0.5537490944033,174,1.492921492921493,0.5526847291114343,990,1.52223383971954,0.5533894281906974,131,1.6573886639676114,0.555850099956097,157,1.7877476656797995,0.5588177544190431,140,1.5074835791967267,0.561681032332472,257,1.5537150111843299,0.5652228648474829,132,1.320792475485291,0.5689559482772342,124,1.3110594205963206,0.5724438286944603,120,1.254180602006689,0.5753616798239927,209,1.2570672440755444,0.5774957198948178,114,1.177685950413223,0.5788310567632391,124,1.3162084704383823,0.579186045149265,131,1.3988254137746932,0.577484504776673,203,1.2903635901347572,0.5742161597643304,94,0.9865659109991604,0.5703407873875154,81,0.8996001776988005,0.5656126621350017,76,0.7974816369359917,0.559984046080477,123,0.8390749710075721,0.5539417015518467,77,0.7881269191402251,0.5478939398853377,92,0.8215752813002322,0.5412790026299558,94,0.4515323277932558
59,0.5627390522287387,171,2.493438320209974,0.5709519298426565,125,2.1068599359514577,0.5765313516375862,139,2.1240831295843523,0.5805156067523819,161,2.2115384615384617,0.5831152325796619,316,2.356450410141685,0.5844202514430545,185,2.1191294387170676,0.5846230366968416,176,2.29945126731121,0.5839905794729026,165,2.0604395604395602,0.5836003633409292,279,1.9189765458422177,0.5835041132911781,151,1.7000675523530735,0.5822864060888747,153,1.9067796610169492,0.5801392609134155,180,2.0996150705703953,0.5775886576971674,275,1.8322339929375708,0.5752339657055209,175,1.9500780031201248,0.5736956087467848,156,1.8586917669486478,0.5727218219394052,146,1.6697163769441903,0.5709558269446889,262,1.7435283156984096,0.5685419675594514,155,1.7040457343887423,0.5661248593167565,135,1.522155823655429,0.564114375460498,170,1.4586014586014586,0.5631420097010069,1064,1.6360169752137277,0.56396552650979,132,1.6700404858299596,0.5665685207389769,129,1.468913687087224,0.5697047737886872,152,1.636696457413589,0.5727630084292509,248,1.4993047578743728,0.5765131627211505,154,1.5409245547328396,0.5804574357240179,107,1.1313174032565023,0.5841492729706954,116,1.2123745819397993,0.5872538231351206,216,1.2991699747383616,0.5895469669782288,129,1.3326446280991735,0.5910019652328985,127,1.34805222375544,0.5914265216756771,133,1.420181526962093,0.5897414796525954,184,1.1695906432748537,0.5864307032826804,121,1.2699412258606213,0.5824557002085056,103,1.143936028431808,0.5775828801085482,70,0.7345225603357817,0.5717747336417965,132,0.900470700593492,0.5655250864929642,100,1.023541453428864,0.559251180286601,80,0.7144132880871584,0.5524056007039636,102,0.4899606110097031
60,0.573212897540774,131,1.9101778944298629,0.581968081767016,152,2.5619416821169727,0.587931802660397,166,2.5366748166259168,0.5921633347110753,174,2.39010989010989,0.5948968580884794,304,2.26696495152871,0.5962453098050284,217,2.4856815578465064,0.5964217836869377,174,2.273321139273582,0.5957124461937983,182,2.272727272727273,0.5952064439840147,269,1.8501960244858655,0.5949704814324446,175,1.970276964647602,0.5936104305835582,175,2.1809571286141574,0.5913252846421885,172,2.006298845211711,0.5886455147479462,329,2.1920181224598574,0.5861751561773173,189,2.1060842433697347,0.5845399216161868,195,2.32336470868581,0.5834997365158399,160,1.8298261665141813,0.5817163408122635,261,1.7368736274705527,0.5793346862020893,166,1.8249780123131047,0.5769896833803164,149,1.6800090201826587,0.5750830529546389,192,1.6473616473616473,0.5742368658214471,1059,1.6283289255181748,0.5751983916433087,117,1.4802631578947367,0.5779446410855715,135,1.5372352539284901,0.5812306259753687,165,1.7766770754818564,0.5844431619177846,291,1.7592648570219453,0.5883402546078282,140,1.4008405043025816,0.5924213885014927,121,1.2793402410657644,0.5962378438168509,152,1.588628762541806,0.5994524772521338,210,1.2630819198845182,0.6018383426448317,128,1.322314049586777,0.6033640363323253,120,1.2737501326823055,0.6038340089957956,101,1.0784837159636946,0.6021745791278993,176,1.1187388761759471,0.5988654969735413,101,1.060033585222502,0.5948664885604935,93,1.0328742780986229,0.5899540739143533,94,0.9863588667366212,0.5840986880026853,150,1.0232621597653317,0.5777981116139451,92,0.9416581371545548,0.5714754465552033,86,0.7679942846936954,0.5645960041971059,144,0.6917090978960515
61,0.5836310506718256,144,2.099737532808399,0.5927828498515693,141,2.3765380077532443,0.5990159158792132,131,2.001833740831296,0.6034072232071632,155,2.129120879120879,0.6062117880215275,387,2.8859060402684564,0.6075626284770471,193,2.2107674684994274,0.6076906110468745,154,2.0120198588973084,0.6068981002880188,169,2.1103896103896105,0.6062824821159363,274,1.8845862851640416,0.6059233919749156,171,1.9252420625985138,0.6044475288555823,155,1.931704885343968,0.6020594278278995,145,1.6913565846261518,0.5992924455879418,300,1.998800719568259,0.5967536184101144,188,2.0949409404947628,0.5950722168513201,154,1.834862385321101,0.5940186975463794,170,1.9441903019213176,0.5922730040236623,272,1.8100751979769747,0.5899785172795786,156,1.7150395778364116,0.5877569602612281,128,1.4432292253918142,0.5859984477989943,229,1.964821964821965,0.5853118539600733,1004,1.543760378867089,0.5864299419305721,133,1.6826923076923077,0.5893198919846153,147,1.6738783876110226,0.5927361477901832,121,1.302896522020028,0.59606155144695,299,1.807629526630796,0.6000436648437751,138,1.380828497098259,0.6041870577209637,131,1.3850708395009517,0.6080487069644671,123,1.2855351170568563,0.611296771309502,246,1.4796102490075786,0.6137088191914941,112,1.1570247933884297,0.6152558670929774,106,1.1251459505360364,0.6157463280104525,116,1.2386545648691938,0.6141198029064953,204,1.2967200610221206,0.610854166950966,102,1.070528967254408,0.6069047747731959,98,1.0884051532652155,0.6020565311933848,75,0.7869884575026233,0.5962859981376661,149,1.016440412033563,0.5900924683462669,85,0.8700102354145343,0.583902326783928,100,0.8930166101089481,0.577192217143188,121,0.5812277836487655
62,0.5939018758841531,147,2.1434820647419075,0.6033149587787274,130,2.191134333389516,0.6097118612539487,146,2.231051344743276,0.6141837348651303,164,2.2527472527472527,0.6170034421165628,304,2.26696495152871,0.6183211511087956,159,1.8213058419243988,0.6183825571266981,168,2.1949307551607005,0.6175033217657749,168,2.097902097902098,0.6167859023983785,274,1.8845862851640416,0.6163208564268623,173,1.9477595136230579,0.6147550074597254,159,1.981555333998006,0.6122970741045807,172,2.006298845211711,0.6094818099112222,318,2.1187287627423546,0.6069176865643688,164,1.8275016714954313,0.6052358695612896,164,1.9540092934588347,0.6042161185551266,177,2.024245196706313,0.6025560887646598,284,1.889931456711253,0.6003956954399275,173,1.9019349164467898,0.5983405813586358,155,1.7476603901229002,0.5967663683105826,242,2.0763620763620763,0.596265543292821,1086,1.669844393874162,0.5975529566101436,124,1.568825910931174,0.6005832895835532,141,1.6055568207697564,0.6041091259357317,117,1.2598255626144073,0.6075078002713653,253,1.5295326763799044,0.6115178936024864,133,1.3307984790874523,0.6156559692960666,146,1.5436667371537323,0.6194915838511559,128,1.3377926421404682,0.6227047726179482,213,1.2811259473114398,0.6250839224110969,112,1.1570247933884297,0.626608542309479,124,1.3162084704383823,0.6270971836317104,125,1.3347570742124935,0.6255093521919256,199,1.2649377065853038,0.6223230481003881,100,1.0495382031905962,0.6184871211373615,118,1.310528653931586,0.6137933847031402,101,1.0598111227701994,0.6082230268574847,129,0.8800054573981855,0.6022748082851861,104,1.0644831115660185,0.5963761513033944,82,0.7322736202893374,0.5900138776753717,128,0.6148525314631569
63,0.6040164793258858,132,1.9247594050743655,0.6135680849841193,134,2.258553851339963,0.6200344547166292,137,2.0935207823960877,0.624517217977214,153,2.1016483516483517,0.6273040000503988,309,2.3042505592841165,0.628559176067883,214,2.4513172966781216,0.6285403931102398,152,1.9858897308596812,0.6275738259105186,183,2.285214785214785,0.6267640500433919,309,2.125318109911273,0.6262106033219293,180,2.026570592208962,0.6245796337619108,146,1.8195413758723826,0.6220827474542485,164,1.912982619853027,0.6192546823150495,348,2.31860883469918,0.616703839864424,178,1.9835079117450412,0.6150616562694319,172,2.0493268199690218,0.6141159339634392,139,1.5896614821591948,0.6125814688327694,284,1.889931456711253,0.610593115939844,163,1.7919964819700966,0.6087381593453152,134,1.5108805953320554,0.6073754603183429,174,1.492921492921493,0.6070785710360469,1122,1.7251983516821452,0.6085416916456143,117,1.4802631578947367,0.6117049979826872,122,1.3892051924390798,0.6153185346934836,137,1.475180359642511,0.6187531939917563,274,1.6564899341031378,0.6227399195351456,158,1.580948569141485,0.6268131392389106,117,1.2370480016916896,0.6305607623520377,108,1.12876254180602,0.6336801488648706,211,1.269096595693492,0.6359756834899641,130,1.3429752066115703,0.6374403447450917,136,1.4435834837066128,0.637907891831863,117,1.2493326214628937,0.6363631680450932,227,1.4429188914314772,0.6332859393761568,108,1.1335012594458438,0.629616738521527,92,1.0217681030653043,0.6251530008327932,95,0.9968520461699895,0.619879262300948,141,0.961866430179412,0.6142919884868621,82,0.8393039918116683,0.6088176367275315,88,0.7858546168958742,0.6029522236138203,112,0.5379959650302623
64,0.6139666578691039,155,2.2601341498979295,0.6235467862440042,143,2.410247766728468,0.6299994128689999,143,2.18520782396088,0.6344328285376901,158,2.17032967032967,0.6371462970418413,296,2.20730797912006,0.6383154899264178,200,2.290950744558992,0.6382072251208912,176,2.29945126731121,0.6371555387793081,170,2.1228771228771226,0.6362643727052976,283,1.9464887543847582,0.6356403752905779,177,1.9927944156721458,0.6339681537429109,143,1.7821535393818544,0.6314609598457334,156,1.8196663944943428,0.6286521639920055,292,1.9454993670464389,0.6261486384455546,197,2.1952306663695116,0.6245804969800494,147,1.7514595496246872,0.623742302666107,164,1.8755718206770355,0.62236535995066,344,2.2892127503826445,0.6205781589414613,160,1.759014951627089,0.6189479449189562,112,1.2628255722178374,0.6178151663364191,213,1.8275418275418276,0.6177325392852159,1207,1.8558951965065504,0.6193715566978177,120,1.5182186234817814,0.6226565474177653,146,1.6624914598041447,0.6263349267394256,136,1.4644126197911058,0.6297707739579098,271,1.6383531829998188,0.6336885953295309,158,1.580948569141485,0.6376454931993091,128,1.3533516599703954,0.641252387448251,145,1.5154682274247493,0.6442283019284325,226,1.3593167328281006,0.64639771302792,138,1.4256198347107438,0.6477709999626368,124,1.3162084704383823,0.6482011485255136,128,1.3667912439935932,0.6467026432188245,205,1.303076531909484,0.6437582893615159,107,1.123005877413938,0.6402987551440003,97,1.0772989782318971,0.6361259444151566,99,1.0388247639034627,0.631226610295524,137,0.9345794392523363,0.6260933622935803,92,0.9416581371545548,0.6211498671465059,79,0.705483121986069,0.6159004341561795,117,0.5620136420405418
65,0.6237470798251702,138,2.012248468941382,0.63325852783273,142,2.3933928872408563,0.6396252475332915,148,2.26161369193154,0.6439583235921816,150,2.0604395604395602,0.6465655479791291,273,2.0357941834451903,0.6476310513056774,182,2.0847651775486824,0.647428161258913,182,2.377841651424092,0.6462962648807832,169,2.1103896103896105,0.64533610061201,302,2.0771717449618268,0.6446596295796037,170,1.913983337086242,0.6429690186692432,168,2.0937188434695915,0.6404779686152838,190,2.2162603522687507,0.6377171748740197,336,2.23865680591645,0.6352905540596648,179,1.9946512146200135,0.6338253279493113,170,2.0254974383414748,0.6331215273313976,152,1.738334858188472,0.631926294088801,283,1.8832767684833964,0.6303607287973737,159,1.7480211081794195,0.6289709384383965,145,1.6349081068891644,0.6280779121485429,212,1.818961818961819,0.6282122711066954,1123,1.7267359616212559,0.6300214242235526,118,1.492914979757085,0.6334131691432124,133,1.5144613983147346,0.6371327598412491,150,1.6151609777107785,0.6405376151587325,266,1.6081252644942872,0.6443468361663051,175,1.751050630378227,0.6481439416585326,129,1.3639247198139142,0.6515664170524469,164,1.7140468227424748,0.654358213433841,231,1.38939011187297,0.6563669564829618,142,1.4669421487603305,0.6576233686726495,131,1.3905105615115168,0.658002691124074,133,1.420181526962093,0.6565522930564656,234,1.4874141876430207,0.6537589220375549,140,1.4693534844668346,0.6505420475558091,112,1.2438916037316747,0.6467069760063243,119,1.248688352570829,0.6422416314651404,128,0.8731837096664166,0.6376333395348394,91,0.931422722620266,0.6333012683199071,101,0.9019467762100376,0.628757119191412,135,0.6484772792775483
66,0.6333867015443718,142,2.0705745115193936,0.6427446234068431,111,1.8708916231248947,0.6489638619502518,133,2.03239608801956,0.6531544159530042,143,1.9642857142857142,0.6556295549825304,302,2.2520507084265473,0.6565791357026934,175,2.004581901489118,0.6562804616811455,165,2.155735563104259,0.6550758906679333,181,2.2602397602397604,0.6540605024758999,308,2.118440057775638,0.6533498379798901,181,2.037829317721234,0.6516627700283906,166,2.068793619142572,0.6492122775733423,178,2.0762860142307242,0.6465250809494737,330,2.198680791525085,0.6442007112019199,185,2.061511031869846,0.6428619220887071,167,1.989753365900155,0.6423129290416878,169,1.9327538883806037,0.641316073162997,282,1.87662208025554,0.6399843087627743,142,1.5611257695690413,0.6388420462099763,157,1.770210846769647,0.638190350000158,204,1.7503217503217503,0.6385370999517266,1167,1.7943907989421244,0.6405048903819293,139,1.7586032388663968,0.6439849444119777,121,1.3778182646322021,0.6477213896049948,146,1.5720900183051576,0.6510656390873167,260,1.5718517622876487,0.6547322035920732,145,1.450870522313388,0.6583337180184511,125,1.3216324804398394,0.6615367282627056,131,1.3691471571906355,0.6641123562671519,237,1.4254781667268135,0.6659334618240812,151,1.5599173553719008,0.667053122450433,121,1.2843647171213246,0.6673709397534502,124,1.3240790176187935,0.6659694627025735,192,1.2204424103737606,0.6633398922414099,144,1.5113350125944585,0.6603892938737556,94,1.0439804531319414,0.656925374073273,90,0.944386149003148,0.6529362209680951,126,0.8595402142028788,0.6489025102916977,111,1.136131013306039,0.6452372644061067,66,0.5893909626719057,0.6414586410664693,114,0.5476030358343741
67,0.6429399952177028,135,1.968503937007874,0.6520713620789601,107,1.803472105174448,0.6580916212578678,144,2.2004889975550124,0.6621058212533003,132,1.8131868131868134,0.664429754165154,245,1.8269947800149142,0.6652563954490068,183,2.0962199312714773,0.6648646174112899,155,2.0250849229161223,0.6635974823019214,153,1.9105894105894103,0.6625420005771563,299,2.0565375885549213,0.6618156152732386,161,1.8126548074757938,0.6601531735467202,157,1.956630109670987,0.6577657702335211,186,2.1696022395894086,0.6551748229099501,297,1.9788127123725765,0.6529740094365619,161,1.794071762870515,0.6517800041556314,154,1.834862385321101,0.651399954907414,181,2.0699908508691673,0.6506108710464981,242,1.610434551141279,0.6495170627015788,175,1.9239226033421284,0.6486211882768271,149,1.6800090201826587,0.6482044770136839,188,1.613041613041613,0.6487519976371022,1062,1.6329417553355066,0.6508614030499945,109,1.3790485829959513,0.6544079174661668,145,1.6511045319972673,0.6581361540731603,145,1.5613222784537524,0.6613926588274263,257,1.5537150111843299,0.6648879037374728,165,1.650990594356614,0.6682653347482873,151,1.5965320363713258,0.6712220450191082,145,1.5154682274247493,0.6735576101822816,261,1.5698303861421867,0.6751712963230388,148,1.5289256198347108,0.6761396675027497,135,1.4329688992675937,0.6763879244785055,120,1.2813667912439934,0.6750352454447273,205,1.303076531909484,0.6725773864783972,130,1.364399664147775,0.6699078617428739,76,0.8440693025322079,0.6668358323911177,110,1.154249737670514,0.6633485612031416,129,0.8800054573981855,0.6599187241861235,92,0.9416581371545548,0.6569515806389705,101,0.9019467762100376,0.6539707722768776,120,0.5764242482467096
68,0.6524597302963749,163,2.3767862350539515,0.6613030090347541,135,2.2754087308275746,0.6670825230795616,135,2.062958435207824,0.670894561541708,162,2.2252747252747254,0.6730546108966128,266,1.9835943325876213,0.6737563010715266,172,1.970217640320733,0.6732777948546105,148,1.9336294747844267,0.6719606985285208,178,2.2227772227772227,0.6708815529332687,312,2.1459522663181785,0.670158074763053,189,2.12789912181941,0.6685405099427145,171,2.1311066799601197,0.666236907599299,174,2.0296279015513825,0.6637620130035286,351,2.338596841894863,0.6617021323158945,156,1.738355248495654,0.6606662044791065,170,2.0254974383414748,0.6604631040307316,173,1.9784995425434584,0.6598841248314988,334,2.2226658681040794,0.6590246904359447,170,1.868953386103782,0.6583661318455365,176,1.9844401849137445,0.6581704667536692,230,1.9734019734019732,0.658900433441716,1254,1.9281628636447505,0.6611291891832934,148,1.8724696356275303,0.6647171255426899,121,1.3778182646322021,0.6684115055419755,158,1.7013028965220203,0.6715555940351082,246,1.4872135904721602,0.6748560935233382,148,1.4808885331198718,0.6779879870588973,159,1.6811165151194754,0.6806794408866906,144,1.5050167224080269,0.6827588579927278,271,1.629977144231926,0.6841522209144845,173,1.7871900826446283,0.6849598750782085,154,1.6346460036089587,0.6851330362036343,127,1.3561131873998933,0.6838281777402893,178,1.1314518179506738,0.6815453061881867,120,1.2594458438287155,0.6791632680146538,106,1.1772545535317636,0.6764917946701765,98,1.0283315844700944,0.6735163524366062,138,0.9414011869841054,0.6707002792522474,95,0.9723643807574206,0.6684394922402326,100,0.8930166101089481,0.666262126738589,123,0.5908348544528773
69,0.6619958095904331,153,2.2309711286089238,0.6705006460853522,133,2.2416989718523515,0.6760070508132933,146,2.231051344743276,0.6795988346283103,142,1.9505494505494505,0.681588502306124,312,2.3266219239373602,0.6821680292615506,210,2.405498281786942,0.6816127194169178,173,2.2602560752547687,0.6802606604052253,173,2.1603396603396603,0.6791755050721193,263,1.8089277116720544,0.6784736594639895,188,2.116640396307138,0.6769203785147762,175,2.1809571286141574,0.6747195006992299,187,2.181266767759244,0.6723776781740091,318,2.1187287627423546,0.67047226787145,170,1.894361488745264,0.6696027682304203,139,1.6561420231145003,0.6695786382657583,189,2.1614821591948763,0.6692052574147083,273,1.8167298862048313,0.6685691731710276,172,1.8909410729991205,0.6681312697469572,168,1.8942383583267564,0.6681354876977003,170,1.4586014586014586,0.6690232355573564,1227,1.8866473952887632,0.6713441575945288,131,1.6573886639676114,0.6749455351075155,120,1.3664313368253245,0.6785799653837263,142,1.529019058899537,0.6815894273877257,229,1.3844386675533524,0.6846768299206799,190,1.9011406844106464,0.6875484950934291,144,1.522520617466695,0.6899632802603511,141,1.4736622073578596,0.6917779335537745,285,1.7141826055575606,0.6929446503333583,131,1.353305785123967,0.6935870544345694,134,1.4223543148285744,0.693682006605202,133,1.420181526962093,0.6924232111291947,196,1.245868293923214,0.6903142207066353,132,1.385390428211587,0.6882181145718514,98,1.0884051532652155,0.6859443872651936,113,1.185729275970619,0.6834757742439787,146,0.9959751688382564,0.6812649674273795,103,1.0542476970317298,0.6796970353585363,101,0.9019467762100376,0.6783036472544921,116,0.5572101066384859
70,0.6715948363896893,131,1.9101778944298629,0.6797217360805666,132,2.2248440923647395,0.6849317429290369,165,2.521393643031785,0.688292590060987,166,2.28021978021978,0.6901112959478978,306,2.2818791946308723,0.6905760363348005,206,2.359679266895762,0.6899572345410795,164,2.1426704990854457,0.6885874875630688,209,2.60989010989011,0.6875150999584675,311,2.1390742141825436,0.6868536242041562,202,2.274262553478946,0.6853831480257477,191,2.380358923230309,0.683302130452227,178,2.0762860142307242,0.6811076537300707,296,1.9721500433073489,0.6793664854857007,186,2.0726543347448185,0.678666929131136,154,1.834862385321101,0.6788179680768326,182,2.0814272644098812,0.6786390894036414,285,1.8965861449391095,0.6782082244667188,184,2.0228671943711523,0.6779671202562766,149,1.6800090201826587,0.6781432567915031,248,2.127842127842128,0.6791581980775643,1048,1.6114152161879576,0.6815395538161203,110,1.3917004048582995,0.6851237331977429,131,1.4916875427009793,0.6886718350569578,144,1.5505545386023474,0.691526917473848,253,1.5295326763799044,0.6943877745976242,161,1.6109665799479689,0.6969909990234633,154,1.628251215901882,0.6991249083370547,179,1.8708193979933112,0.7006733129326609,252,1.5156983038614218,0.7016133503648988,141,1.4566115702479339,0.7020906578183638,155,1.6452605880479778,0.7021066180153309,132,1.409503470368393,0.7008914180710303,189,1.2013729977116705,0.6989510633007177,121,1.2699412258606213,0.6971317782751166,125,1.3882718791648156,0.6952421161984567,90,0.944386149003148,0.6932612166472896,156,1.0641926461559452,0.6916298852002262,105,1.0747185261003072,0.6907209630807815,89,0.7947847829969638,0.6900687963411616,146,0.7013161687001633
71,0.6813046177939608,149,2.1726450860309128,0.6890245519663535,144,2.42710264621608,0.6939235754379545,133,2.03239608801956,0.6970498795620198,177,2.4313186813186816,0.698702675756403,253,1.8866517524235644,0.6990643630038215,183,2.0962199312714773,0.6983985858772209,163,2.129605435066632,0.6970305609841707,163,2.0354645354645355,0.695990714386924,278,1.9120984937065821,0.6953882424239272,212,2.3868498086016663,0.6940181405238794,153,1.9067796610169492,0.6920723171098704,157,1.831330922664178,0.6900367473322397,244,1.625691251915517,0.6884659031964127,166,1.8497882772453753,0.6879350883256604,148,1.7633742404384607,0.6882518546570279,184,2.104300091491308,0.6882500843366846,279,1.8566580155719703,0.68799959527453,185,2.0338610378188213,0.6879246995618941,181,2.0408163265306123,0.6882384785906964,206,1.7674817674817676,0.6893445764501075,1236,1.9004858847407589,0.6917504915022193,130,1.644736842105263,0.6952844700524263,126,1.4347529036665907,0.6987197311065683,146,1.5720900183051576,0.7014031128854842,266,1.6081252644942872,0.7040286753301813,189,1.8911346808084852,0.7063614066831483,167,1.7657009938676254,0.708217071132393,128,1.3377926421404682,0.7095045162026592,251,1.509683628052448,0.7102238307518085,138,1.4256198347107438,0.7105406711089862,135,1.4329688992675937,0.7104790962496265,103,1.0998398291510945,0.7093043948504439,191,1.2140859394863972,0.7075235501768542,101,1.060033585222502,0.7059648511354223,109,1.2105730786317193,0.7044353414556914,130,1.3641133263378804,0.7029098108395961,135,0.9209359437887986,0.7018160513932479,88,0.9007164790174003,0.701513490575855,116,1.0358992677263796,0.7015384872644147,128,0.6148525314631569
72,0.6912018399647231,135,1.968503937007874,0.6984954529938118,134,2.258553851339963,0.7030769788298808,137,2.0935207823960877,0.7059717009067201,184,2.5274725274725274,0.7074688821406364,303,2.2595078299776286,0.707743329695435,207,2.3711340206185567,0.7070501172165091,184,2.4039717794617195,0.7057052491609804,191,2.385114885114885,0.7047185936192372,331,2.276635256895247,0.7041935255440043,217,2.443143436163026,0.7029403781217083,185,2.3055832502492524,0.7011433305708005,146,1.7030211127959876,0.6992756274762768,258,1.7189686188287028,0.6978776445742619,157,1.7494985513706263,0.6975098045995204,147,1.7514595496246872,0.697977410953922,165,1.8870082342177494,0.6981293980478213,313,2.0829174153190926,0.6980282017061794,164,1.8029903254177662,0.6980827282081079,162,1.826586988386515,0.6984941116441654,197,1.6902616902616903,0.6996503669157174,1173,1.8036164585767882,0.7020411649251791,133,1.6826923076923077,0.7054897277235838,139,1.5827829651560008,0.7087854960545558,155,1.6689996769678046,0.7112821297562627,274,1.6564899341031378,0.7136680032035645,142,1.4208525115069042,0.7157339031946712,142,1.5013744977796573,0.717320324514358,138,1.4423076923076923,0.7183584493862509,261,1.5698303861421867,0.7188686531987187,148,1.5289256198347108,0.7190339105718124,132,1.401125145950536,0.7188984161374208,126,1.3454351308061934,0.717760635859284,197,1.2522247648105773,0.7161266557501028,120,1.2594458438287155,0.7148057055464969,112,1.2438916037316747,0.7136029354515369,99,1.0388247639034627,0.7124881900619832,136,0.9277576915205676,0.7118752611461028,101,1.0337768679631525,0.7121092170519165,84,0.7501339524915164,0.7127280779707036,154,0.7397444519166106
73,0.7013692792628745,181,2.639253426655001,0.7082263465175254,126,2.1237148154390697,0.7124914671575826,135,2.062958435207824,0.715163727621027,151,2.074175824175824,0.7165204781498329,251,1.8717375093214017,0.7167272789665237,139,1.5922107674684993,0.7160289393497836,132,1.7245884504834073,0.714730468527802,151,1.8856143856143857,0.7138183078060979,317,2.1803425269963546,0.7133885883191015,211,2.375591083089394,0.7122678361577764,153,1.9067796610169492,0.7106313226652219,168,1.959640732532369,0.708937847662868,310,2.0654274102205346,0.707711789752562,175,1.9500780031201248,0.7074967285714673,157,1.870606457762421,0.7080950720800401,153,1.7497712717291856,0.7083719038979132,288,1.9165502096226792,0.7083832205794345,139,1.5281442392260334,0.7085248147751237,173,1.950614499943624,0.7089886547725491,214,1.8361218361218363,0.7101497141330266,1141,1.7544129405252475,0.7124824070903797,135,1.7079959514170042,0.7158084518623912,135,1.5372352539284901,0.7189380908680267,161,1.7336061160762355,0.7212351727172055,247,1.4932591741732666,0.723381095716671,159,1.5909545727436463,0.725189205339774,135,1.4273630788750264,0.7265213827348105,150,1.5677257525083612,0.7273278251456338,235,1.4134488151088656,0.7276459001759681,147,1.518595041322314,0.7276725202360662,126,1.337437639316421,0.7274688080686121,124,1.3240790176187935,0.726364002994447,158,1.004322400203407,0.7248610184159525,132,1.385390428211587,0.7237488411862052,106,1.1772545535317636,0.7228305693630865,92,0.9653725078698846,0.722070712491272,170,1.1596971144007093,0.7218682547879958,92,0.9416581371545548,0.7225532560145805,108,0.964457938917664,0.7236654544560567,157,0.7541550581227784
74,0.7118797762205051,140,2.041411490230388,0.7182988281320235,124,2.0900050564638466,0.7222558651432351,121,1.8490220048899755,0.7247205643288339,135,1.8543956043956045,0.7259565797490048,238,1.7747949291573453,0.7261187331438458,157,1.7983963344788085,0.7254399783522841,141,1.8421740266527307,0.7242126001138186,140,1.7482517482517483,0.7233965507125651,321,2.2078547355388953,0.7230793521380353,194,2.1841927493807702,0.722105043868973,148,1.844466600199402,0.720638829339293,147,1.7146856409658229,0.7191232738085829,252,1.6789926044373376,0.7180647724421745,158,1.7606418542455986,0.7179880338517703,161,1.9182652210175146,0.7186921221546368,178,2.0356816102470265,0.7190598435693955,271,1.8034205097491183,0.7191418851476757,169,1.8579595426561124,0.7193234130932123,139,1.5672567369489232,0.7197902734524083,226,1.9390819390819392,0.7209072138032766,1159,1.7820899194292392,0.7231361814622568,116,1.4676113360323886,0.7263012358835421,150,1.7080391710316556,0.7292384376905985,158,1.7013028965220203,0.7313254816598845,243,1.469076839368841,0.7332351778772515,156,1.5609365619371625,0.7347996291907409,145,1.5330936773102135,0.7358982059737534,153,1.5990802675585285,0.7364962470282914,286,1.7201972813665343,0.7366442396735627,143,1.4772727272727273,0.736549014467357,137,1.4541980681456321,0.7362847857654194,97,1.0357714895888948,0.7352087323031931,178,1.1314518179506738,0.7338179395495751,144,1.5113350125944585,0.7328799129590227,109,1.2105730786317193,0.7321957955091638,109,1.1437565582371458,0.7317246150893206,156,1.0641926461559452,0.7318499618901336,96,0.9825997952917094,0.732886582798301,91,0.8126451151991426,0.7343764603050735,138,0.662887885483716
75,0.7227946263137378,129,1.8810148731408576,0.728782514475708,127,2.1405696949266813,0.7324465637500728,136,2.078239608801956,0.7347239093923154,113,1.5521978021978022,0.7358629116232286,237,1.7673378076062638,0.7360063326019282,154,1.7640320733104238,0.7353737909852619,136,1.7768487065586622,0.7342431836653056,186,2.3226773226773227,0.7335447266520175,303,2.084049797097462,0.7333560458440149,160,1.8013960819635217,0.7325405177537799,167,2.0812562313060816,0.7312521617814458,158,1.8429954508340138,0.7299154668902185,313,2.085415417416217,0.729016796539959,161,1.794071762870515,0.7290599180448947,169,2.013582747527702,0.7298403304976224,161,1.8412625800548947,0.730260639072887,282,1.87662208025554,0.7303675015206302,177,1.945910290237467,0.7305380537215405,142,1.601082421919044,0.7309552398384358,215,1.8447018447018446,0.7319765424242819,1193,1.834368657359001,0.7340543746018026,136,1.7206477732793521,0.7370192410851002,165,1.878843088134821,0.739738420879363,165,1.7766770754818564,0.7416073608987059,297,1.7955383592285836,0.7432883760379847,147,1.4708825295177106,0.7446280562365797,146,1.5436667371537323,0.7455188962161794,148,1.5468227424749164,0.7459370232966639,279,1.678094550703717,0.7459416582088342,158,1.6322314049586777,0.7457449473887144,131,1.3905105615115168,0.7454297858771679,135,1.4415376401494928,0.7443780891664021,208,1.3221459445715738,0.7430781081301288,131,1.374895046179681,0.7422745777515167,118,1.310528653931586,0.741767057858234,105,1.1017838405036726,0.7415092150602445,177,1.2074493485230917,0.7418689037366035,112,1.1463664278403274,0.7431456240183207,112,1.000178603322022,0.7448846242873434,162,0.778172735133058
76,0.7341618219350786,136,1.9830854476523767,0.7397331841550978,103,1.7360525872240014,0.743125541946365,144,2.2004889975550124,0.7452404448415123,165,2.2664835164835164,0.7463095551951423,287,2.140193885160328,0.7464624355164178,170,1.9473081328751431,0.7459040157312731,153,1.998954794878495,0.7448962271363128,140,1.7482517482517483,0.7443361404978149,294,2.0221473278767452,0.7442903060616066,167,1.880207160549426,0.7436437968710867,148,1.844466600199402,0.7425384081809974,145,1.6913565846261518,0.7413786922142941,277,1.8455593310680258,0.7406289037505263,161,1.794071762870515,0.7407697882795532,157,1.870606457762421,0.7415933130161071,147,1.681152790484904,0.7420244730934764,246,1.637053304052705,0.7421072764707669,182,2.0008795074758137,0.7422134271413041,164,1.849137445033262,0.7425262597304955,173,1.4843414843414844,0.7433990027356482,1093,1.6806076634479366,0.7452775259486757,133,1.6826923076923077,0.7480030670335953,148,1.6852653154179003,0.750479841757172,163,1.755141595779046,0.7521251547522388,293,1.7713560244241582,0.7535886608563402,152,1.520912547528517,0.7547268031674923,145,1.5330936773102135,0.7554404653807004,150,1.5677257525083612,0.7557118187947607,270,1.623962468422952,0.755603999116261,168,1.7355371900826446,0.7553293616728954,130,1.3798959770724977,0.7549745736943531,143,1.5269620928990923,0.7539427937863931,208,1.3221459445715738,0.752710119352044,110,1.1544920235096556,0.7519971761660228,104,1.1550422034651266,0.7516025908266531,136,1.4270724029380903,0.7514750587405838,159,1.0846578893512517,0.7519666002387961,102,1.0440122824974412,0.7533618968035577,119,1.0626897660296482,0.7552109611524617,138,0.662887885483716
77,0.7459853106388927,114,1.6622922134733158,0.7511622828140944,104,1.7529074667116131,0.7543099532082368,134,2.047677261613692,0.756291407619395,149,2.0467032967032965,0.7573204256997861,241,1.797166293810589,0.7575124339862488,186,2.1305841924398625,0.7570564821322272,132,1.7245884504834073,0.7561970909982813,162,2.022977022977023,0.7557947238762759,279,1.9189765458422177,0.7559038245379192,150,1.6888088268408017,0.7554339962090596,141,1.7572283150548356,0.7545138950110334,145,1.6913565846261518,0.7535263309432794,284,1.8921980145246184,0.7529114224376328,180,2.0057945174949854,0.7531248786337444,141,1.679971404742047,0.7539554288251287,148,1.6925892040256174,0.7543534736891708,240,1.597125174685566,0.7543617857058833,172,1.8909410729991205,0.7543491378601977,155,1.7476603901229002,0.7545025084652325,191,1.6387816387816385,0.7551738505774543,1143,1.7574881604034687,0.7568054807129723,158,1.9989878542510122,0.7592537452655057,161,1.8332953769073104,0.7614656718121059,153,1.6474641972649942,0.7628846254730135,277,1.6746266852064569,0.7641452759282049,172,1.721032619571743,0.7651090300038836,144,1.522520617466695,0.7656801575560709,158,1.6513377926421404,0.7658418409204807,253,1.5217129796703956,0.7656559880393768,168,1.7355371900826446,0.765329672709814,154,1.6346460036089587,0.7649480400418247,138,1.4735718099305926,0.7639317589035013,253,1.608187134502924,0.7627412314332428,107,1.123005877413938,0.7620716371023916,117,1.2994224788982676,0.761721562614702,113,1.185729275970619,0.7616353626652109,190,1.2961320690360871,0.7621493618176756,109,1.1156601842374616,0.7635341842078565,111,0.9912484372209324,0.7653464748856893,160,0.768565664328946
78,0.7581620105790903,109,1.589384660250802,0.7629746008969589,104,1.7529074667116131,0.7659101317062864,118,1.8031784841075795,0.7677907476901853,142,1.9505494505494505,0.7688114400292719,259,1.9313944817300521,0.7690728073181801,166,1.9014891179839633,0.7687470607525769,153,1.998954794878495,0.7680600949458052,141,1.760739260739261,0.7678325370254071,284,1.9533668065203933,0.7681058957652245,157,1.7676199054267057,0.7678173220615854,178,2.218344965104686,0.767081616956675,175,2.0412924297212176,0.7662582493639724,271,1.8055833166766608,0.765761389683105,164,1.8275016714954313,0.766019927694968,148,1.7633742404384607,0.7668198622173744,134,1.5324794144556266,0.7671401179156384,259,1.72356425101484,0.7670236080670343,157,1.7260334212840809,0.7668385349178983,177,1.9957154132371182,0.7667786465885499,201,1.7245817245817245,0.7671975459933951,1097,1.686758103204379,0.7685370108093181,182,2.302631578947368,0.7706728361400399,140,1.5941698929628787,0.7726005241031251,152,1.636696457413589,0.7737935879620789,255,1.5416238437821173,0.7748694597486538,164,1.640984590754453,0.7756894582608631,165,1.7445548741805879,0.7761560654760277,158,1.6513377926421404,0.7762482688193373,267,1.6059184409960303,0.7760214229268919,165,1.7045454545454544,0.7756716362719418,141,1.496656405901709,0.7752770103743051,134,1.430859583555793,0.7742717131193553,219,1.3920671243325706,0.7730968778502226,139,1.4588581024349285,0.7724210778950548,116,1.288316303864949,0.7720438931790811,154,1.61594963273872,0.7719061315751806,195,1.3302408076949315,0.7723288116993527,119,1.218014329580348,0.7735695658532875,111,0.9912484372209324,0.7751936541312235,165,0.7925833413392256
79,0.7705689735374844,126,1.837270341207349,0.7750540781268237,122,2.056295297488623,0.7778145026444514,120,1.8337408312958436,0.7796294505169363,160,2.197802197802198,0.7806745114843302,255,1.901565995525727,0.781035019125149,172,1.970217640320733,0.7808656475603971,140,1.8291089626339168,0.7803727189774424,134,1.6733266733266732,0.7803341500627305,275,1.8914643372996767,0.7807779264219622,169,1.9027246115739698,0.7806718470689724,146,1.8195413758723826,0.7801163809488773,152,1.7730082818150008,0.7794463354493176,276,1.8388966620027984,0.779048414238131,182,2.02808112324493,0.7793232073158632,176,2.0969855832241153,0.7800546750854448,147,1.681152790484904,0.7802533343449825,322,2.142809609369801,0.77996348606536,149,1.6380826737027263,0.7795548679532157,177,1.9957154132371182,0.7792308756824297,192,1.6473616473616473,0.779349552423169,1122,1.7251983516821452,0.7803551242324169,136,1.7206477732793521,0.78214705151018,167,1.9016169437485766,0.7837746146172772,153,1.6474641972649942,0.7847453663094346,277,1.6746266852064569,0.7856574353655924,170,1.7010206123674205,0.7863669604756597,163,1.7234087544935506,0.786769406718172,154,1.6095317725752507,0.7868343105370218,263,1.5818597377601347,0.7866051033672756,165,1.7045454545454544,0.7862612146417538,121,1.2843647171213246,0.7858681142737292,152,1.6230646022423918,0.7848692738583367,185,1.175947114162217,0.7836830509087193,120,1.2594458438287155,0.7829504465028126,116,1.288316303864949,0.7824731114354168,122,1.280167890870934,0.7821891562322109,178,1.2142710962548604,0.782404830278418,130,1.3306038894575232,0.7833659971180744,111,0.9912484372209324,0.7846483979494248,165,0.7925833413392256
80,0.7830656846904028,117,1.7060367454068242,0.7872653472471423,114,1.9214562615877298,0.7898904503076989,129,1.971271393643032,0.7916758114930971,123,1.6895604395604396,0.7927773135076465,242,1.8046234153616705,0.7932648558868479,183,2.0962199312714773,0.7932751694930711,136,1.7768487065586622,0.7929943784402477,159,1.9855144855144855,0.7931553191803073,267,1.8364399202145953,0.7937721446674243,163,1.8351722585003376,0.7938463402845545,172,2.143569292123629,0.7934638335186998,167,1.9479762043625333,0.7929337958015957,250,1.6656672663068826,0.7926143106196446,172,1.9166480944952085,0.7928765526100048,179,2.132729655665435,0.7935032611299669,151,1.7268984446477584,0.7935393635011482,261,1.7368736274705527,0.7930315533325543,197,2.1657871591908533,0.7923528223717748,187,2.1084676964708535,0.7917186992415939,215,1.8447018447018446,0.7914942215090573,1118,1.7190479119257025,0.7921289538156638,124,1.568825910931174,0.7935500087606832,166,1.890230015941699,0.7948652244675976,168,1.8089802950360718,0.7956197908613449,306,1.8499486125385407,0.7963907998008765,166,1.6609965979587753,0.7970242693142546,153,1.6176781560583633,0.7974035507064376,168,1.7558528428093645,0.7974836212350619,288,1.732226632984482,0.7972907965047484,152,1.5702479338842976,0.7969823409184797,130,1.3798959770724977,0.7966056962659335,147,1.5696743192738922,0.7956094327607617,237,1.5064836003051105,0.7943857935892624,134,1.4063811922753988,0.7935473477239938,126,1.399378054198134,0.792898703800109,136,1.4270724029380903,0.7923759247139737,202,1.3779930418173136,0.7922709100106902,115,1.1770726714431934,0.792818813975925,119,1.0626897660296482,0.7936072109166754,197,0.946296474205015
81,0.7952184313272244,148,2.15806357538641,0.7991743142084005,114,1.9214562615877298,0.8017001269128209,126,1.9254278728606355,0.8034862558752557,161,2.2115384615384617,0.8046691226732794,271,2.0208799403430273,0.8053034626873429,171,1.958762886597938,0.805508233481728,160,2.0904102430101905,0.8054494348116411,179,2.2352647352647352,0.805814092263635,324,2.228488891945801,0.8066025744516662,176,1.981535690159874,0.8068515950629692,134,1.669990029910269,0.8066326193189473,168,1.959640732532369,0.8062288885897398,296,1.9721500433073489,0.8059694686570693,168,1.87207488299532,0.8061957446462374,171,2.0374121291552485,0.8066897417263128,163,1.864135407136322,0.8065319783775365,289,1.9232048978505358,0.8057720253463821,192,2.1108179419525066,0.8047873557864115,160,1.8040365317397677,0.8038073984816181,211,1.8103818103818103,0.8032063451589895,1159,1.7820899194292392,0.8034418287479873,139,1.7586032388663968,0.8044717546449687,171,1.9471646549760875,0.8054653032189734,173,1.862818994293098,0.806007670222654,326,1.9708602865606675,0.8066546106243374,176,1.7610566339803884,0.8072383614487837,166,1.7551279340241068,0.8076263628944814,154,1.6095317725752507,0.8077553126708138,300,1.804402742692169,0.807630743975253,157,1.6219008264462809,0.8073840601544321,128,1.358666808194459,0.8070409243821544,153,1.6337426588360917,0.8060514276801197,244,1.5509788965166538,0.8047790669176852,132,1.385390428211587,0.8038065354852091,129,1.4326965792980897,0.8029402250259962,122,1.280167890870934,0.8021128465911017,198,1.3507060508902382,0.801600761381045,106,1.0849539406345956,0.8016276070056887,124,1.1073405965350955,0.8017913694059075,194,0.9318858679988471
82,0.806440734755789,113,1.647710702828813,0.8101908921255324,100,1.6854879487611663,0.8126462327471291,115,1.7573349633251836,0.8144545935705109,123,1.6895604395604396,0.8157338177628982,257,1.9164802386278896,0.8165242079716357,176,2.016036655211913,0.8169277863678681,168,2.1949307551607005,0.8170913498820086,134,1.6733266733266732,0.8176577002211124,256,1.760781346722608,0.8186137725727818,169,1.9027246115739698,0.8190304505795231,150,1.869391824526421,0.8189650403135422,161,1.8779890353435205,0.8186753990023282,266,1.7722699713505228,0.8184621376817838,162,1.805215065745487,0.8186374195255535,193,2.299535327058263,0.8189823841954189,174,1.9899359560841718,0.8186116671976114,296,1.9697877154455312,0.8175776061473912,167,1.8359718557607738,0.8162630814287415,174,1.9618897282669974,0.8149124929422297,191,1.6387816387816385,0.8139110726161298,1011,1.5545236484408635,0.8137272608902072,124,1.568825910931174,0.8143518168406688,146,1.6624914598041447,0.8150152147532487,156,1.6797674168192098,0.8153433330338485,263,1.5899885133909677,0.8158724632085411,212,2.1212727636581947,0.8164192106615045,185,1.956016071050962,0.8168331545568699,193,2.0171404682274248,0.8170309689781688,264,1.5878744135691087,0.8169959144212957,167,1.7252066115702478,0.8168324170976811,156,1.655875172486997,0.8165429707733283,157,1.6764548852108916,0.815576397263737,257,1.6336130180523774,0.8142658752605235,123,1.2909319899244331,0.8131619394401179,136,1.5104398045313194,0.8120684547168306,141,1.4795383001049318,0.8109105242264356,206,1.405280032744389,0.8099453285423831,110,1.1258955987717503,0.8093812504818086,125,1.116270762636185,0.808820942253737,184,0.883850513978288
83,0.8167066739501754,106,1.5456401283172936,0.82027924153228,98,1.6517781897859432,0.8226825792370606,99,1.5128361858190709,0.8245244120000572,137,1.8818681318681318,0.8259051729985336,256,1.9090231170768084,0.826851712726881,153,1.7525773195876289,0.8274502667998208,129,1.6853932584269662,0.8278297306536577,168,2.097902097902098,0.8285910837920589,268,1.8433179723502304,0.8297083527430664,169,1.9027246115739698,0.8302847478660486,146,1.8195413758723826,0.8303637321238908,174,2.0296279015513825,0.8301785340785233,319,2.125391431807582,0.8300021185701586,167,1.8609315801203477,0.8301182044590465,151,1.7991183128797807,0.8303065729236009,158,1.8069533394327537,0.8297136344728255,301,2.0030611565848138,0.8283938344742955,170,1.868953386103782,0.8267356392658138,176,1.9844401849137445,0.824998635027612,206,1.7674817674817676,0.823580251287024,1021,1.5698997478319698,0.8229618578005599,159,2.01163967611336,0.8231683819227585,170,1.9357777271692098,0.8234905863423305,152,1.636696457413589,0.8235950893877705,260,1.5718517622876487,0.8240016179077932,199,1.991194716830098,0.8245110616097723,151,1.5965320363713258,0.8249549088062648,162,1.69314381270903,0.8252297612893404,284,1.7081679297485866,0.8252968523934248,157,1.6219008264462809,0.8252343874185163,150,1.592187665852882,0.8250221607642543,131,1.3988254137746932,0.8241063958815953,275,1.7480294940249175,0.8227887082332379,132,1.385390428211587,0.821583608575228,121,1.3438471790315416,0.8202858115141973,153,1.6054564533053515,0.8188061590255037,204,1.3916365372808512,0.8173763808416643,118,1.2077789150460594,0.816182734218725,121,1.080550098231827,0.8148232552544067,195,0.936689403400903
84,0.8267734148170252,107,1.5602216389617964,0.8301759476535715,106,1.7866172256868362,0.8325286757376663,117,1.7878973105134472,0.834400135185513,121,1.6620879120879122,0.8358744579285409,219,1.6331096196868007,0.8369661657130728,167,1.9129438717067584,0.8377468312827994,141,1.8421740266527307,0.8383286209399373,144,1.7982017982017984,0.8392717001969083,271,1.863952128757136,0.8405379275187675,162,1.8239135329880658,0.8412634179165696,140,1.744765702891326,0.8414779806874186,177,2.064621486060889,0.8413903572019867,278,1.8522220001332534,0.8412459591449744,194,2.1618007577445955,0.8413000605726001,147,1.7514595496246872,0.8413311407511899,160,1.8298261665141813,0.8405172933279513,266,1.7701470686098355,0.8389137680034146,170,1.868953386103782,0.8369127882033052,156,1.7589356184462734,0.8347876725682398,240,2.0592020592020592,0.8329471661289333,1273,1.9573774524878529,0.8318854642578755,130,1.644736842105263,0.8316622106360557,168,1.9130038715554545,0.8316290307633555,177,1.9058899536987188,0.8314939496551698,317,1.9164500332507102,0.8317621609506443,193,1.9311586952171302,0.8322210141013346,151,1.5965320363713258,0.832685778217543,188,1.9648829431438128,0.8330347618182451,311,1.8705641765908818,0.8332090243412704,172,1.7768595041322315,0.8332626060461884,166,1.7620210168771893,0.83315469373854,153,1.6337426588360917,0.8323307113283073,241,1.531909483854564,0.8310587708279115,139,1.4588581024349285,0.8298105320876239,148,1.6437139049311416,0.8283638553889121,150,1.5739769150052465,0.8266071179244275,231,1.575823726038611,0.8247374055935572,142,1.4534288638689867,0.8229085946497073,116,1.0358992677263796,0.8207027918263329,186,0.8934575847823999
85,0.8373459873273608,102,1.4873140857392826,0.8405665127130634,85,1.4326647564469914,0.8428534228125995,105,1.6045232273838632,0.8447354716065277,127,1.7445054945054945,0.8462816272661431,219,1.6331096196868007,0.8474954393007036,172,1.970217640320733,0.8484349848472836,139,1.8160438986151033,0.8491967942478902,124,1.5484515484515484,0.8502998134722631,249,1.7126349817731619,0.8516948050413864,171,1.9252420625985138,0.8525540524494286,156,1.9441674975074776,0.8528939199811584,171,1.9946343170418757,0.8528983260426568,277,1.8455593310680258,0.8527846543583602,181,2.0169378203699577,0.8527791172738668,158,1.8825211485761946,0.8526597092055025,160,1.8298261665141813,0.851638679598225,260,1.7302189392426965,0.8497701863241054,171,1.8799472295514512,0.8474461733992514,189,2.131018153117601,0.8449503195780813,238,2.0420420420420418,0.8426994238281147,1344,2.0665477581647087,0.8411977553078938,150,1.8977732793522266,0.840539081168769,166,1.890230015941699,0.8401378262331902,191,2.0566383116183915,0.8397444510682516,297,1.7955383592285836,0.839850547432228,216,2.1612967780668404,0.8402344684390082,191,2.0194544301120745,0.8406993575627769,186,1.943979933110368,0.8411089217403265,294,1.7683146878383256,0.8413875396712871,182,1.8801652892561984,0.8415684072225965,180,1.9106251990234584,0.8415937739742541,159,1.6978109983982914,0.8409132662359412,265,1.684464785151284,0.8397590690196648,148,1.5533165407220824,0.8385507683408385,180,1.9991115059973346,0.8370414442329307,150,1.5739769150052465,0.8350881874957617,212,1.4462105191350023,0.8328422207386584,143,1.4636642784032754,0.8304122122435235,127,1.1341310948383638,0.8273516898424019,253,1.215294456720146
86,0.8489756357459194,104,1.516477107028288,0.8519855400182421,92,1.5506489128602732,0.8541766199743838,96,1.466992665036675,0.856036016407843,110,1.510989010989011,0.857618815386156,200,1.4914243102162565,0.858919263062012,113,1.2943871706758305,0.8599832392282988,138,1.8029788345962896,0.8608927430490446,136,1.6983016983016983,0.862123951455066,247,1.6988788775018915,0.8636180449788068,153,1.7225850033776178,0.8645892412873494,143,1.7821535393818544,0.8650408709164835,167,1.9479762043625333,0.8651314939637906,305,2.0321140648943965,0.865049738764893,170,1.894361488745264,0.8649918633295874,166,1.9778386750863814,0.8647370977986893,185,2.115736505032022,0.8635367839402748,259,1.72356425101484,0.8614416320080713,170,1.868953386103782,0.8588371051122164,177,1.9957154132371182,0.8560118530204316,215,1.8447018447018446,0.8533849320587631,1235,1.8989482748016484,0.8514650411001452,158,1.9989878542510122,0.8503778873701128,194,2.209063994534275,0.849603358368397,191,2.0566383116183915,0.8489352648659327,270,1.6323075992987122,0.8488513469985769,189,1.8911346808084852,0.8491278243229166,187,1.9771621907379997,0.8495620284718306,169,1.766304347826087,0.850008673342757,291,1.750270660411404,0.8503805718170652,169,1.7458677685950414,0.850694618190706,178,1.88939603014542,0.8508812583968884,145,1.5483182060864922,0.8504022587807705,280,1.779811848461734,0.8494513490973249,159,1.6687657430730478,0.8483854434620914,148,1.6437139049311416,0.8469257556055129,156,1.6369359916054567,0.8448899327230893,245,1.6713281942833755,0.8423715930145238,142,1.4534288638689867,0.8394202950476725,161,1.4377567422754063,0.8355481800789646,219,1.051974253050245
87,0.862025218494401,101,1.4727325750947797,0.8647834159948328,83,1.398954997471768,0.8668368745174311,85,1.2988997555012225,0.8686284093583699,103,1.414835164835165,0.8702007302790802,223,1.662938105891126,0.8715407901461011,133,1.5234822451317296,0.8726837515247909,120,1.567807682257643,0.8736982628729554,124,1.5484515484515484,0.8750153877375054,244,1.678244721094986,0.8765687627929655,145,1.6325151992794416,0.877622422625589,130,1.6201395812562314,0.8781674607225365,167,1.9479762043625333,0.8783366608065698,295,1.9654873742421215,0.8782892811830837,189,2.1060842433697347,0.8781908561172789,166,1.9778386750863814,0.8778245677010055,154,1.7612076852698992,0.8764879705433243,260,1.7302189392426965,0.8742257469040199,158,1.7370272647317502,0.8714087853098647,164,1.849137445033262,0.8683233906129257,229,1.964821964821965,0.8653825735020201,1214,1.866658466080325,0.8630908323076502,178,2.252024291497976,0.8616016052216022,173,1.9699385105898428,0.8604628651290466,160,1.7228383762248303,0.8595120302504758,340,2.055498458376156,0.8592114332100378,206,2.061236742045227,0.859344048006207,197,2.0828927891731865,0.8597097188267593,182,1.9021739130434785,0.86016152371349,273,1.6420064958498737,0.8606072775700299,179,1.8491735537190084,0.8610531571970025,199,2.112302303364823,0.8614241119274526,152,1.6230646022423918,0.8612043604746945,277,1.7607424357996442,0.8605469435377137,174,1.8261964735516372,0.8597354731346544,142,1.5770768547312304,0.858454390457469,161,1.689401888772298,0.8564760867541963,247,1.6849716897469131,0.8538264316553729,146,1.4943705220061412,0.8504831799236654,132,1.1787819253438114,0.8459061452194716,230,1.10481314247286
88,0.8765928321627586,109,1.589384660250802,0.8790523695931467,78,1.3146806000337097,0.8809199222378378,100,1.528117359413203,0.8825909308903918,118,1.6208791208791211,0.8840974914363648,216,1.6107382550335572,0.8854215676653385,129,1.4776632302405497,0.8865892733836538,148,1.9336294747844267,0.8876572037607414,136,1.6983016983016983,0.889008705999169,242,1.6644886168237154,0.8905724454618142,155,1.7451024544021618,0.8916714505932138,149,1.856929212362911,0.8922859106190193,178,2.0762860142307242,0.8925228906114193,275,1.8322339929375708,0.8925121974602432,166,1.8497882772453753,0.8923884571669448,148,1.7633742404384607,0.8919424557528858,159,1.8183897529734674,0.8905265681777779,307,2.042989285951953,0.8881770100614423,172,1.8909410729991205,0.8852408058071332,170,1.916788814973503,0.8819931382879445,260,2.230802230802231,0.8788306133717002,1355,2.0834614674949257,0.8762422360028053,169,2.138157894736842,0.8744026671927712,189,2.152129355499886,0.8729295895698868,176,1.8951222138473136,0.8717030311269839,307,1.855994196239647,0.8711669958295846,180,1.8010806483890334,0.8711214091608562,182,1.9242968915204062,0.8713783790341018,172,1.797658862876254,0.8717979768500095,316,1.900637555635751,0.8722906146768696,175,1.8078512396694213,0.8728579910284014,196,2.0804585500477657,0.8734264916305834,161,1.7191671115856912,0.873514408048257,283,1.798881261123824,0.8732325670095726,192,2.0151133501259446,0.8727823188086512,170,1.8880497556641493,0.8718100430790825,182,1.9097586568730327,0.8700413004257622,268,1.8282283921140599,0.8674283138552779,144,1.473899692937564,0.8638686136341873,151,1.3484550812645115,0.8587634810622232,285,1.3690075895859353
89,0.8919663427856279,94,1.3706620005832604,0.8940919229190134,95,1.601213551323108,0.8957330608669254,101,1.543398533007335,0.8972365349100027,102,1.4010989010989012,0.8986258980106113,207,1.5436241610738255,0.8998804930025844,149,1.706758304696449,0.9010192618786164,129,1.6853932584269662,0.9020883519704547,141,1.760739260739261,0.903422602310459,232,1.5957080954673637,0.9049484169723602,160,1.8013960819635217,0.9060544820814781,160,1.9940179461615155,0.9067118844289433,165,1.9246471480228626,0.9070031692659438,295,1.9654873742421215,0.9070299578798416,185,2.061511031869846,0.9068972406382675,162,1.930179911831288,0.9064068972889229,166,1.898444647758463,0.9049726383347506,327,2.1760830505090833,0.9026205275300261,185,2.0338610378188213,0.8996657565434003,176,1.9844401849137445,0.8963641709806539,236,2.024882024882025,0.8930860874516131,1489,2.2895011993357524,0.8902938275405907,169,2.138157894736842,0.8881752499989131,206,2.345707128216807,0.8864160801228133,196,2.1104770108754174,0.8849358334858987,340,2.055498458376156,0.8841576104372967,195,1.9511707024214529,0.8839078836420756,176,1.8608585324592937,0.8840205077773139,167,1.745401337792642,0.8843711078956719,351,2.1111512089498374,0.8848802734999583,181,1.8698347107438018,0.8855515172125191,192,2.0380002122916885,0.8863191499002041,193,2.0608649225840896,0.8867451558968811,323,2.0531400966183577,0.88689795395309,186,1.9521410579345089,0.886891642590375,170,1.8880497556641493,0.88633652606374,204,2.1406086044071353,0.8849144167351777,274,1.8691588785046727,0.8825044942892647,156,1.5967246673490274,0.8789226775889714,155,1.3841757456688695,0.8735112606073853,303,1.4554712268229417
90,0.9070061351218068,107,1.5602216389617964,0.9087860276991548,70,1.1798415641328164,0.9101787864525457,68,1.039119804400978,0.9114842807604651,114,1.565934065934066,0.9127197600829643,221,1.6480238627889634,0.913864062622337,164,1.8785796105383734,0.9149309099852856,156,2.038149986934936,0.9159578990804114,134,1.6733266733266732,0.9172335564566559,274,1.8845862851640416,0.9186843349707887,141,1.5874802972303537,0.919765999517364,132,1.6450648055832504,0.9204424734647372,175,2.0412924297212176,0.9207742123675524,285,1.898860683589846,0.9208374111602513,174,1.9389347002451527,0.9207103173769071,161,1.9182652210175146,0.9202081772291224,201,2.2987191216834404,0.9188078273646566,318,2.116190856458375,0.9165245990899547,209,2.297713280562885,0.9136372736801466,194,2.1873942947344682,0.9103766126043938,254,2.1793221793221793,0.9070796558388228,1532,2.3556184267175104,0.9041737320320739,181,2.28997975708502,0.901851818453989,214,2.4368025506718287,0.8998618708526346,209,2.2504576289436846,0.8981576850083246,345,2.085726376881688,0.8971407140774624,193,1.9311586952171302,0.8966713027146407,215,2.2732078663565236,0.8966127344702963,218,2.278428093645485,0.8968634440134656,367,2.2073860218934196,0.8973607923049435,207,2.1384297520661155,0.8981158352599039,204,2.1653752255599192,0.8990758953172485,207,2.210357714895889,0.8998516292087125,348,2.212051868802441,0.9004698682615487,195,2.0465994962216625,0.9009567561886601,220,2.4433585073300756,0.9008900435107081,202,2.119622245540399,0.8999142338678647,270,1.8418718875775972,0.8978425824730955,157,1.6069600818833165,0.8944155793968449,167,1.491337738881943,0.8889213083069385,395,1.8973964838120856
91,0.9208790177835627,111,1.6185476815398077,0.9223226333904428,104,1.7529074667116131,0.9234631274975484,120,1.8337408312958436,0.924557559905487,133,1.826923076923077,0.9256190223105085,255,1.901565995525727,0.9266275409640973,167,1.9129438717067584,0.9275934316101238,129,1.6853932584269662,0.9285476825750651,126,1.5734265734265735,0.9297369013963921,305,2.0978059013687322,0.9310892817051409,162,1.8239135329880658,0.9321246158062867,139,1.7323030907278165,0.9328014480691456,141,1.6446984719468098,0.9331612427925863,285,1.898860683589846,0.93325836684773,168,1.87207488299532,0.9331481471367733,172,2.0493268199690218,0.9326601769365296,176,2.012808783165599,0.9313321274390883,301,2.0030611565848138,0.9291689866190317,193,2.121811785400176,0.9264119061231673,196,2.209944751381215,0.9232635784611191,269,2.308022308022308,0.9200240444122477,1551,2.384833015560613,0.9170807236550821,173,2.1887651821862346,0.914624536969516,185,2.1065816442723753,0.9124570650180344,185,1.9920318725099602,0.9105599827214406,360,2.176410132398283,0.9093139338280836,205,2.0512307384430657,0.9086178586323109,199,2.1040389088602245,0.9083700233565586,216,2.25752508361204,0.9084973427218476,324,1.9487549621075424,0.9089593111238383,204,2.1074380165289255,0.9097793999624386,177,1.8787814457064005,0.9109213695018213,235,2.5093432995194873,0.9120448975344523,337,2.142130689041444,0.913135943034573,198,2.0780856423173804,0.9141345534421402,185,2.054642381163927,0.9145896873427171,223,2.3399790136411336,0.9141168719355212,316,2.1556722832389656,0.9124754546513469,180,1.842374616171955,0.9093430389664373,169,1.5091980710841222,0.9039632744835452,403,1.935824767028533
92,0.9330864906021427,124,1.8081073199183437,0.9342188023623793,81,1.3652452384965448,0.9351175882844714,119,1.8184596577017116,0.9360026721640894,134,1.8406593406593408,0.9368848700173457,236,1.7598806860551826,0.9377466170000694,139,1.5922107674684993,0.9385963840899254,124,1.620067938332898,0.9394603698612917,142,1.7732267732267732,0.9405489596441536,204,1.4031226356695783,0.9417930914628532,166,1.8689484350371537,0.9427702892341749,166,2.068793619142572,0.9434351419301217,170,1.98296978887204,0.9438133592302546,279,1.8588846691984808,0.9439412906192414,194,2.1618007577445955,0.94385542046062,171,2.0374121291552485,0.9433994936614571,179,2.04711802378774,0.9421667014852592,363,2.4156518267119185,0.940152728486575,199,2.187774846086192,0.9375626196273849,186,2.09719246814748,0.9345705078277868,279,2.393822393822394,0.9314387233784032,1557,2.3940586751952764,0.9285131422378579,184,2.327935222672065,0.9259769822604657,217,2.470963334092462,0.9236754895068897,231,2.487347905674599,0.9216114712579491,376,2.2731394716159845,0.920146870403312,230,2.301380828497098,0.9192216144435016,209,2.209769507295411,0.9187726021515336,254,2.6546822742474916,0.9187595218331273,403,2.4239143510164802,0.9191683309546885,227,2.3450413223140494,0.9200390319177049,232,2.462583589852457,0.9213537655697455,223,2.381206620395088,0.9228176248689246,351,2.231121281464531,0.9243752274480894,239,2.5083963056255247,0.9258828342342622,198,2.1990226565970676,0.9268632435185926,246,2.5813221406086044,0.9269115500158231,312,2.1283852923118904,0.9257478089243303,196,2.006141248720573,0.9230033249013037,195,1.7413823897124487,0.917890664846,424,2.0366990104717075
93,0.9434149744257969,113,1.647710702828813,0.944269748764297,90,1.5169391538850499,0.9449465929801028,125,1.9101466992665037,0.9456343364893544,126,1.7307692307692308,0.9463430743088661,270,2.013422818791946,0.9470584513731344,160,1.8327605956471937,0.9477883773827673,153,1.998954794878495,0.948555881145861,185,2.31018981018981,0.9495413530480612,302,2.0771717449618268,0.9506788312774318,192,2.161675298356226,0.9515952896961413,157,1.956630109670987,0.952242306998336,208,2.4262218593257905,0.9526328109230948,322,2.1453794390032646,0.9527886797433737,188,2.0949409404947628,0.952731370939879,167,1.989753365900155,0.9523176273535938,204,2.3330283623055807,0.9511889360526312,386,2.5687096559526186,0.9493329991445693,218,2.3966578715919087,0.9469221378273737,195,2.1986695230578417,0.9441033202468001,260,2.230802230802231,0.9411028110185278,1511,2.3233286179961867,0.9382260299508807,201,2.543016194331984,0.935644603022158,240,2.732862673650649,0.9332373131930137,227,2.444276946268978,0.9310216450034444,429,2.5935554077746206,0.9293439638966802,254,2.5415249149489694,0.9281859538493371,269,2.8441530979065344,0.927525549779267,262,2.738294314381271,0.9273587410319514,459,2.7607361963190185,0.92770181526902,259,2.675619834710744,0.9286150983067013,321,3.407281604925167,0.9301000418531917,243,2.594767752269087,0.931900544794928,395,2.5108060005085178,0.9339172268797062,282,2.959697732997481,0.9359231805703226,252,2.798756108396268,0.9374153468449689,279,2.9275970619097587,0.9379757124859553,399,2.7218773449757827,0.9373000187923306,259,2.6509723643807575,0.9349912639652705,230,2.0539382032505804,0.930245688996055,508,2.440195984244404
94,0.9520751691672209,126,1.837270341207349,0.9526858911036836,93,1.5675037923478847,0.9531622611469208,104,1.5892420537897312,0.9536677105528896,106,1.456043956043956,0.9542128218523052,224,1.6703952274422074,0.9547869923272283,177,2.027491408934708,0.9553985864103094,118,1.5416775542200156,0.9560687936441776,145,1.8106893106893107,0.956953538347759,244,1.678244721094986,0.9579900359082691,164,1.8464309840126099,0.958846919631304,183,2.2806580259222335,0.9594734003090398,218,2.5428671410241455,0.9598720714116417,321,2.1387167699380374,0.9600532823586425,181,2.0169378203699577,0.9600266528262525,222,2.645061360657691,0.9596606320745765,206,2.3559011893870085,0.9586381994176927,295,1.9631330272176748,0.9569404180811611,223,2.451627088830255,0.9547105896837595,237,2.672229112639531,0.9520705134609074,278,2.385242385242385,0.9492127101937107,1617,2.4863152715419155,0.9464040041734063,205,2.5936234817813766,0.9438015115655399,245,2.7897973126850375,0.9413084378089881,255,2.7457736621083235,0.9389510242098252,471,2.847469923221087,0.9370626488796862,263,2.631578947368421,0.9356667879772466,283,2.992175935715796,0.9347844570449783,265,2.769648829431438,0.93445149516884,516,3.1035727174305308,0.934718590818561,313,3.2334710743801653,0.9356702069229424,286,3.0357711495594946,0.9373275357122168,284,3.032568072610785,0.9394654474185659,480,3.051106025934401,0.9419352425653259,314,3.295549958018472,0.9444249812971871,258,2.8653931585961794,0.9464050316917639,297,3.116474291710388,0.9474513295516935,391,2.667303363121632,0.9472504286075341,264,2.7021494370522006,0.9453959546133585,327,2.92016431505626,0.9410850896009805,558,2.6803727543471996
95,0.9607947951658031,109,1.589384660250802,0.9611787888234441,96,1.6180684308107196,0.9614654808195775,113,1.7267726161369192,0.961792700291269,147,2.019230769230769,0.9621720115209674,244,1.819537658463833,0.9625971544753316,160,1.8327605956471937,0.9630774162759086,130,1.69845832244578,0.963632515160193,125,1.560939060939061,0.9643938363692836,298,2.049659536419286,0.9653037608286188,195,2.195451474893042,0.9660761159692544,171,2.1311066799601197,0.966660042331548,186,2.1696022395894086,0.9670499730141952,380,2.5318142447864616,0.9672470595203876,205,2.284377089369289,0.9672516530092224,193,2.299535327058263,0.9669469225191248,226,2.584629460201281,0.9660612320346531,351,2.33579556797764,0.9645710066535083,233,2.5615655233069483,0.9625898158484218,203,2.2888713496448303,0.9602128376541496,318,2.728442728442728,0.9575955966294676,1742,2.678516513930746,0.9549603940163952,218,2.7580971659919027,0.952442803538443,255,2.9036665907538146,0.949965248382114,271,2.918057499730806,0.9475562943764381,500,3.022791850553171,0.9455273143194207,323,3.2319391634980987,0.9439411797324941,334,3.5314019877352507,0.9428619709463806,321,3.354933110367893,0.9423668148818287,530,3.1877781787561648,0.9425425749817291,308,3.1818181818181817,0.9434982408761932,313,3.322364929413014,0.9452733838135371,351,3.7479978643886818,0.9476716055278058,534,3.3943554538520218,0.9504932735790744,366,3.841309823677582,0.9533502755928834,315,3.498445135495335,0.9557042090021202,286,3.0010493179433366,0.957146913217368,508,3.4654478477385906,0.9573816906182584,358,3.6642784032753326,0.9560256021711323,357,3.1880692980889442,0.9523219776613301,738,3.545009126717264
96,0.9707218273563002,101,1.4727325750947797,0.9709031297139532,100,1.6854879487611663,0.9710201869162143,131,2.001833740831296,0.9711802544925061,133,1.826923076923077,0.9713952862147202,250,1.864280387770321,0.9716634782290258,155,1.7754868270332187,0.971994634711343,147,1.9205644107656128,0.972406239983409,131,1.635864135864136,0.9730005373451521,294,2.0221473278767452,0.9737292268293064,198,2.2292276514298583,0.9743648642276111,193,2.405284147557328,0.9748612771826166,204,2.3795637466464483,0.9752077774487684,321,2.1387167699380374,0.9753991974409648,224,2.49609984399376,0.9754297324616614,229,2.7284641963541048,0.9752044597145584,220,2.516010978956999,0.9745100309237033,423,2.81493312038331,0.9733218437688405,240,2.638522427440633,0.9717207235855999,247,2.7849813958732663,0.9697723786692157,312,2.676962676962677,0.9675889990787233,1719,2.643151485331201,0.9653370876346706,257,3.2515182186234814,0.9631204484805106,269,3.0630835800501024,0.9608785985407796,290,3.1226445569075048,0.9586351451723896,528,3.1920681941841487,0.9566566838356533,305,3.0518310986591954,0.9550340946124207,311,3.28822161133432,0.9538651356382649,323,3.3758361204013374,0.9532601398949405,643,3.867436545170215,0.953334749906791,315,3.254132231404959,0.954213899418813,322,3.4178961893641864,0.9559491395552817,360,3.844100373731981,0.9583760924001372,581,3.6931095855580978,0.9612577683292274,373,3.914777497900924,0.9641675917896039,382,4.242558862727677,0.9666054065542129,357,3.7460650577124865,0.9682196183124222,575,3.922504945767106,0.9687674404440209,395,4.042988741044012,0.9679358726926097,463,4.13466690480443,0.9650900392573905,836,4.015755596118743
97,0.9811738042370571,161,2.347623213764946,0.9812084766746815,97,1.6349233102983314,0.981206341286178,107,1.635085574572127,0.9812400229102738,138,1.8956043956043955,0.9813202441962706,303,2.2595078299776286,0.9814485724151104,188,2.1534936998854524,0.9816340288785911,165,2.155735563104259,0.9818904512228979,178,2.2227772227772227,0.9822872242572378,344,2.3660499346585047,0.9827894716922312,242,2.7246115739698267,0.9832402675787653,210,2.617148554336989,0.9836036614713454,241,2.811151288930363,0.9838679280469469,398,2.651742287960557,0.9840254046465303,269,2.997548473367506,0.9840681032431803,270,3.2169665197188135,0.9839295003541113,312,3.568161024702653,0.9834648008513122,528,3.513675384308245,0.9826530651653786,351,3.8588390501319263,0.9815428171668865,325,3.6644492050964033,0.9801713177168112,464,3.981123981123981,0.9786061280678375,2261,3.4765360723291714,0.9769523243918183,296,3.7449392712550607,0.9752756401938945,365,4.156228649510362,0.9735319157252024,410,4.4147733390761275,0.9717343738643225,771,4.661145033552989,0.9700794546808851,435,4.352611566940165,0.9686629641927075,463,4.895326707549165,0.9675930402090381,450,4.703177257525084,0.9669905257493325,806,4.8478287020329605,0.9669787208030546,458,4.731404958677686,0.9676790325947987,488,5.179917206241376,0.9691430182425945,472,5.0400427122263745,0.9712436165135592,878,5.580981439105009,0.9737422015024111,507,5.321158690176323,0.9762425539367174,553,6.141714793425145,0.9783450121795073,556,5.83420776495278,0.9797956771814529,883,6.02360324715192,0.9804353516126756,585,5.987717502558853,0.9800574554547091,733,6.545811752098589,0.9782175495872198,1245,5.980401575559611
98,0.9901814076601324,143,2.085156022163896,0.9901485635000106,71,1.1966964436204282,0.99009819861293,100,1.528117359413203,0.9900705464905641,128,1.7582417582417582,0.9900733454868799,285,2.1252796420581657,0.9901094202158613,162,1.8556701030927836,0.9901854817041388,154,2.0120198588973084,0.9903106588577727,182,2.272727272727273,0.9905236402933942,330,2.269757204759612,0.9908040415015299,184,2.07160549425805,0.9910634285455584,178,2.218344965104686,0.9912791568119438,203,2.3678992184766123,0.9914421440375271,345,2.298620827503498,0.9915458204254377,226,2.518386449743704,0.9915835752074588,230,2.740378887167878,0.9915175701401876,269,3.076395242451967,0.9912679442904077,483,3.2142144140547018,0.9908208440705698,298,3.2761653474054526,0.9901993308638718,339,3.8223024016236327,0.9894193812960413,464,3.981123981123981,0.9885125750198879,2792,4.293006949996925,0.9875310302855184,363,4.592611336032388,0.9865064607604398,428,4.873605101343657,0.9854103961468749,489,5.265424787337138,0.9842457854623808,858,5.187110815549241,0.9831289495809368,555,5.55333199919952,0.982134825933714,521,5.50856417847325,0.9813524194683428,509,5.319816053511706,0.9808824949798255,944,5.677853963671358,0.9808272905366513,578,5.971074380165289,0.9812814460436072,568,6.029083961362913,0.9822841882566504,582,6.2146289375333685,0.9837496277319195,1046,6.648868548182049,0.9854853061601496,667,7.000419815281276,0.9871971880148555,621,6.896934695690804,0.9886278208927947,673,7.061909758656873,0.9896340863346752,1184,8.076949314414353,0.9901401337457802,718,7.349027635619243,0.9900449271791666,956,8.537238792641542,0.9891061783257591,1446,6.945912191372851
99,0.9960860205587644,217,3.164187809857101,0.996049154895951,114,1.9214562615877298,0.9960055900285649,138,2.10880195599022,0.9959724755752805,127,1.7445054945054945,0.9959540104976584,243,1.8120805369127517,0.9959524085709935,145,1.6609392898052693,0.9959714432686592,141,1.8421740266527307,0.9960158047926934,146,1.8231768231768233,0.9961022022176607,319,2.1940986312676247,0.9962215748170092,201,2.263003827966674,0.9963356171556814,188,2.3429710867397806,0.9964334513480564,231,2.6945060072320075,0.996510056808315,372,2.478512892264641,0.9965616332315822,268,2.986405170492534,0.9965844620573411,227,2.7046348147265578,0.9965620959479218,241,2.7561756633119856,0.9964608506582697,491,3.2674519198775536,0.9962739662232297,312,3.430079155672823,0.9960095887526786,303,3.4163941819821853,0.9956723804893362,467,4.0068640068640065,0.9952729232696543,2749,4.226889722615167,0.9948301179460456,379,4.79504048582996,0.9943545090270786,517,5.887041676155773,0.9938311577710588,585,6.299127813072037,0.9932579367588502,1134,6.855691917054592,0.9926865064881047,735,7.3544126475885525,0.9921589656412602,742,7.845210403890886,0.9917281765545229,894,9.343645484949832,0.9914555698549588,1510,9.082160471550583,0.9914039270564113,914,9.442148760330578,0.9916290116077319,964,10.23245939921452,0.9921527410061044,1120,11.95942338494394,0.9929279697252336,2126,13.513857106534452,0.9938379602279183,1340,14.063811922753988,0.9947185735246598,1523,16.914704575744114,0.9954445229504479,1790,18.782791185729273,0.9959574324936213,3203,21.85005798485572,0.9962348547806111,2520,25.79324462640737,0.9962441287159218,3537,31.585997499553493,0.9958892184566447,8331,40.018253434527814
