kalshi_game_id,espn_game_id
KXNCAAMBGAME-26MAR17USAAUB,401858193
KXNCAAMBGAME-26MAR17UNLVUCI,401858197
KXNCAAMBGAME-26MAR17SFATLSA,401858196
KXNCAAMBGAME-26MAR17DAVOKST,401858339
KXNCAAMBGAME-26MAR17WYOWICH,401858338
KXNCAAMBGAME-26MAR17UNCWYALE,401858340
KXNCAAMBGAME-26MAR17UMBCHOW,401856435
KXNCAAMBGAME-26MAR17LIBGMU,401858195
KXNCAAMBGAME-26MAR14TLSAWICH,401851228
KXNCAAMBGAME-26MAR14MISSARK,401851570
KXNCAAMBGAME-26MAR14JOESVCU,401851276
KXNCAAMBGAME-26MAR14PURUCLA,401851386
KXNCAAMBGAME-26MAR14CHARUSF,401851227
KXNCAAMBGAME-26MAR14PENNHARV,401851436
KXNCAAMBGAME-26MAR14VANFLA,401851569
KXNCAAMBGAME-26MAR14DAYSLU,401851275
KXNCAAMBGAME-26MAR14WISMICH,401851384
KXNCAAMBGAME-26MAR14CORYALE,401851435
KXNCAAMBGAME-26MAR14UNMSDSU,401851504
KXNCAAMBGAME-26MAR13UTUCBU,401851738
KXNCAAMBGAME-26MAR13CSFHAW,401851397
KXNCAAMBGAME-26MAR13OKLAARK,401851568
KXNCAAMBGAME-26MAR13NEVUSU,401851503
KXNCAAMBGAME-26MAR13UTAUVU,401851736
KXNCAAMBGAME-26MAR13KUHOU,401851305
KXNCAAMBGAME-26MAR13CLEMDUKE,401851182
KXNCAAMBGAME-26MAR13SOUFAMU,401851723
KXNCAAMBGAME-26MAR13DSUNCCU,401851476
KXNCAAMBGAME-26MAR13CSNUCI,401851395
KXNCAAMBGAME-26MAR13UCLAMSU,401851383
KXNCAAMBGAME-26MAR13KENTAKR,401858191
KXNCAAMBGAME-26MAR13GTWNCONN,401851316
KXNCAAMBGAME-26MAR13DAVJOES,401851274
KXNCAAMBGAME-26MAR13SCSTHOW,401851475
KXNCAAMBGAME-26MAR13MISSALA,401851567
KXNCAAMBGAME-26MAR13MIAUVA,401851181
KXNCAAMBGAME-26MAR13ISUARIZ,401851304
KXNCAAMBGAME-26MAR13PURNEB,401851382
KXNCAAMBGAME-26MAR13DUQVCU,401851273
KXNCAAMBGAME-26MAR13HALLSJU,401851315
KXNCAAMBGAME-26MAR13MASSTOL,401858190
KXNCAAMBGAME-26MAR13UNTTLSA,401851226
KXNCAAMBGAME-26MAR13KENNSHSU,401851414
KXNCAAMBGAME-26MAR13TENNVAN,401851566
KXNCAAMBGAME-26MAR13SBONDAY,401851272
KXNCAAMBGAME-26MAR13WISILL,401851381
KXNCAAMBGAME-26MAR13PVAAMU,401851722
KXNCAAMBGAME-26MAR13UKFLA,401851565
KXNCAAMBGAME-26MAR13CHARUAB,401851225
KXNCAAMBGAME-26MAR13MOSULT,401851413
KXNCAAMBGAME-26MAR13OSUMICH,401851380
KXNCAAMBGAME-26MAR13GWSLU,401851270
KXNCAAMBGAME-26MAR12SJSUUNM,401851502
KXNCAAMBGAME-26MAR12UCDCSF,401851394
KXNCAAMBGAME-26MAR12ACUTU,401851735
KXNCAAMBGAME-26MAR12TCUKU,401851302
KXNCAAMBGAME-26MAR12FAUUNT,401851224
KXNCAAMBGAME-26MAR12OKLATXAM,401851564
KXNCAAMBGAME-26MAR12CLEMUNC,401851180
KXNCAAMBGAME-26MAR12GTWNVILL,401851314
KXNCAAMBGAME-26MAR12CSUSDSU,401851501
KXNCAAMBGAME-26MAR12UMESNCCU,401851474
KXNCAAMBGAME-26MAR12KENNWKU,401851411
KXNCAAMBGAME-26MAR12UCSDCSN,401851393
KXNCAAMBGAME-26MAR12SUUUTA,401851734
KXNCAAMBGAME-26MAR12ARPBSOU,401851720
KXNCAAMBGAME-26MAR12RUTGUCLA,401851378
KXNCAAMBGAME-26MAR12TULNCHAR,401851223
KXNCAAMBGAME-26MAR12FSUDUKE,401851179
KXNCAAMBGAME-26MAR12LCHIDAV,401851268
KXNCAAMBGAME-26MAR12OHIOKENT,401858189
KXNCAAMBGAME-26MAR12MISSUGA,401851563
KXNCAAMBGAME-26MAR12SCSTNORF,401851473
KXNCAAMBGAME-26MAR12BYUHOU,401851300
KXNCAAMBGAME-26MAR12XAVCONN,401851313
KXNCAAMBGAME-26MAR12MTULT,401851410
KXNCAAMBGAME-26MAR12NEVGC,401851500
KXNCAAMBGAME-26MAR12NWPUR,401851377
KXNCAAMBGAME-26MAR12URIDUQ,401851266
KXNCAAMBGAME-26MAR12UNLVUSU,401851499
KXNCAAMBGAME-26MAR12BUFFAKR,401858188
KXNCAAMBGAME-26MAR12AUBTENN,401851562
KXNCAAMBGAME-26MAR12UCFARIZ,401851299
KXNCAAMBGAME-26MAR12LOUMIA,401851178
KXNCAAMBGAME-26MAR12CREIHALL,401851312
KXNCAAMBGAME-26MAR12SBONGMU,401851264
KXNCAAMBGAME-26MAR12AAMUTXSO,401851719
KXNCAAMBGAME-26MAR12WASHWIS,401851376
KXNCAAMBGAME-26MAR12BGSUTOL,401858187
KXNCAAMBGAME-26MAR12IOWAOSU,401851375
KXNCAAMBGAME-26MAR12UKMIZZ,401851561
KXNCAAMBGAME-26MAR12ISUTTU,401851296
KXNCAAMBGAME-26MAR12NCSTUVA,401851177
KXNCAAMBGAME-26MAR12GWFOR,401851263
KXNCAAMBGAME-26MAR12PROVSJU,401851311
KXNCAAMBGAME-26MAR12MASSMOH,401858186
KXNCAAMBGAME-26MAR11UCSBUCD,401851392
KXNCAAMBGAME-26MAR11SJSUBSU,401851498
KXNCAAMBGAME-26MAR11GTWNDEP,401851310
KXNCAAMBGAME-26MAR11JKSTFAMU,401851721
KXNCAAMBGAME-26MAR11NMSUSHSU,401851408
KXNCAAMBGAME-26MAR11SCAROKLA,401851560
KXNCAAMBGAME-26MAR11OKSTTCU,401851294
KXNCAAMBGAME-26MAR11TEMFAU,401851222
KXNCAAMBGAME-26MAR11WAKECLEM,401851176
KXNCAAMBGAME-26MAR11FRESCSU,401851497
KXNCAAMBGAME-26MAR11CPUCSD,401851391
KXNCAAMBGAME-26MAR11TARLAC,401851733
KXNCAAMBGAME-26MAR11RUTGMINN,401851370
KXNCAAMBGAME-26MAR11BYUWVU,401851293
KXNCAAMBGAME-26MAR11DSUMORG,401851472
KXNCAAMBGAME-26MAR11MISSTEX,401851559
KXNCAAMBGAME-26MAR11CALFSU,401851175
KXNCAAMBGAME-26MAR11TULNMEM,401851221
KXNCAAMBGAME-26MAR11XAVMARQ,401851309
KXNCAAMBGAME-26MAR11MOSULIB,401851407
KXNCAAMBGAME-26MAR11NWIND,401851369
KXNCAAMBGAME-26MAR11AFANEV,401851496
KXNCAAMBGAME-26MAR11PROVBUT,401851308
KXNCAAMBGAME-26MAR11CINUCF,401851291
KXNCAAMBGAME-26MAR11MSSTAUB,401851558
KXNCAAMBGAME-26MAR11WYOUNLV,401851495
KXNCAAMBGAME-26MAR11SMULOU,401851174
KXNCAAMBGAME-26MAR11USCWASH,401851367
KXNCAAMBGAME-26MAR11PVCOOK,401851718
KXNCAAMBGAME-26MAR11LCHIRICH,401851260
KXNCAAMBGAME-26MAR11LSUUK,401851557
KXNCAAMBGAME-26MAR11ASUISU,401851289
KXNCAAMBGAME-26MAR11PITTNCST,401851173
KXNCAAMBGAME-26MAR11MDIOWA,401851365
KXNCAAMBGAME-26MAR11SBONLAS,401851258
KXNCAAMBGAME-26MAR10IDHOEWU,401851335
KXNCAAMBGAME-26MAR10UTRGVMCNS,401851612
KXNCAAMBGAME-26MAR10MONTPRST,401851334
KXNCAAMBGAME-26MAR10NMSUJVST,401851406
KXNCAAMBGAME-26MAR10OKSTCOLO,401851287
KXNCAAMBGAME-26MAR10GRAMJKST,401851717
KXNCAAMBGAME-26MAR10WAKEVT,401851172
KXNCAAMBGAME-26MAR10KSUBYU,401851285
KXNCAAMBGAME-26MAR10PSUNW,401851363
KXNCAAMBGAME-26MAR10MOSUFIU,401851405
KXNCAAMBGAME-26MAR10NJITUVM,401851204
KXNCAAMBGAME-26MAR10AMCCSFA,401851611
KXNCAAMBGAME-26MAR10MASSLUMBC,401851202
KXNCAAMBGAME-26MAR10MDORE,401851362
KXNCAAMBGAME-26MAR10SYRSMU,401851171
KXNCAAMBGAME-26MAR10UTAHCIN,401851283
KXNCAAMBGAME-26MAR10PITTSTAN,401851170
KXNCAAMBGAME-26MAR10ALCNPV,401851716
KXNCAAMBGAME-26MAR10BAYASU,401851282
KXNCAAMBGAME-26MAR09SCUSMC,401851760
KXNCAAMBGAME-26MAR09ORSTGONZ,401851759
KXNCAAMBGAME-26MAR09DETRMU,401851433
KXNCAAMBGAME-26MAR09WEBEWU,401851333
KXNCAAMBGAME-26MAR09TOWSHOF,401856432
KXNCAAMBGAME-26MAR09NICHUTRGV,401851608
KXNCAAMBGAME-26MAR09MVSUGRAM,401851715
KXNCAAMBGAME-26MAR09UNCOMONT,401851332
KXNCAAMBGAME-26MAR09NKUWRST,401851432
KXNCAAMBGAME-26MAR09UNOAMCC,401851607
KXNCAAMBGAME-26MAR09CAMPMONM,401856431
KXNCAAMBGAME-26MAR09ALCNALST,401851714
KXNCAAMBGAME-26MAR08PACSCU,401851757
KXNCAAMBGAME-26MAR08IDHOMTST,401851331
KXNCAAMBGAME-26MAR08GASOMRSH,401851705
KXNCAAMBGAME-26MAR08SFORST,401851756
KXNCAAMBGAME-26MAR08NWSTNICH,401851604
KXNCAAMBGAME-26MAR08WMHOF,401856430
KXNCAAMBGAME-26MAR08FAIRSIE,401851466
KXNCAAMBGAME-26MAR08IDSTPRST,401851329
KXNCAAMBGAME-26MAR08UNCGFUR,401851591
KXNCAAMBGAME-26MAR08USMTROY,401851704
KXNCAAMBGAME-26MAR08MRSTMRMK,401851465
KXNCAAMBGAME-26MAR08HCUUNO,401851602
KXNCAAMBGAME-26MAR08TOWSCOFC,401856429
KXNCAAMBGAME-26MAR08IOWANEB,401825569
KXNCAAMBGAME-26MAR08MSUMICH,401825568
KXNCAAMBGAME-26MAR08UTSARICE,401828265
KXNCAAMBGAME-26MAR08WCUETSU,401851589
KXNCAAMBGAME-26MAR08ILLMD,401825567
KXNCAAMBGAME-26MAR08NKUGB,401851431
KXNCAAMBGAME-26MAR08TEMTLSA,401828266
KXNCAAMBGAME-26MAR08ECUUAB,401828262
KXNCAAMBGAME-26MAR08DREXMONM,401856428
KXNCAAMBGAME-26MAR08BUNAVY,401851548
KXNCAAMBGAME-26MAR08MEMTULN,401828264
KXNCAAMBGAME-26MAR08CHARUSF,401828263
KXNCAAMBGAME-26MAR08CAMPUNCW,401856427
KXNCAAMBGAME-26MAR08PSURUTG,401825570
KXNCAAMBGAME-26MAR08COLGLEH,401851547
KXNCAAMBGAME-26MAR07SEAPAC,401851754
KXNCAAMBGAME-26MAR08LBSUHAW,401809152
KXNCAAMBGAME-26MAR07ARIZCOLO,401827725
KXNCAAMBGAME-26MAR07TTUBYU,401827724
KXNCAAMBGAME-26MAR07WASHORE,401825564
KXNCAAMBGAME-26MAR07UNDUST,401851627
KXNCAAMBGAME-26MAR07AFANEV,401820576
KXNCAAMBGAME-26MAR07SACIDHO,401851326
KXNCAAMBGAME-26MAR07PORTSF,401851753
KXNCAAMBGAME-26MAR07UVUUTU,401805215
KXNCAAMBGAME-26MAR07AUBALA,401808288
KXNCAAMBGAME-26MAR07UCLAUSC,401825566
KXNCAAMBGAME-26MAR07GASOCCAR,401851703
KXNCAAMBGAME-26MAR07OKLATEX,401808287
KXNCAAMBGAME-26MAR07UCSDUCSB,401809104
KXNCAAMBGAME-26MAR07NWMINN,401825562
KXNCAAMBGAME-26MAR07ELONWM,401856426
KXNCAAMBGAME-26MAR07WCUMER,401851582
KXNCAAMBGAME-26MAR07MSMSIE,401851464
KXNCAAMBGAME-26MAR07PROVGTWN,401822976
KXNCAAMBGAME-26MAR07CBUSUU,401805216
KXNCAAMBGAME-26MAR07CSFCSN,401823186
KXNCAAMBGAME-26MAR07QUCPEAY,401851250
KXNCAAMBGAME-26MAR07UCDUCI,401809122
KXNCAAMBGAME-26MAR07NEOMNDSU,401851626
KXNCAAMBGAME-26MAR07FRESGC,401823806
KXNCAAMBGAME-26MAR07NAUIDST,401851325
KXNCAAMBGAME-26MAR07CSBCP,401809164
KXNCAAMBGAME-26MAR07UTAAC,401805214
KXNCAAMBGAME-26MAR07HAMPTOWS,401856425
KXNCAAMBGAME-26MAR07USMAPP,401851702
KXNCAAMBGAME-26MAR07UNCDUKE,401820788
KXNCAAMBGAME-26MAR07TXAMLSU,401808282
KXNCAAMBGAME-26MAR07MRSTQUIN,401851462
KXNCAAMBGAME-26MAR07FURSAM,401851586
KXNCAAMBGAME-26MAR07UNIBRAD,401851493
KXNCAAMBGAME-26MAR07INDOSU,401825563
KXNCAAMBGAME-26MAR07FGCUCARK,401851249
KXNCAAMBGAME-26MAR07WYOSJSU,401829334
KXNCAAMBGAME-26MAR07UNMUSU,401829340
KXNCAAMBGAME-26MAR07UTAHBAY,401827723
KXNCAAMBGAME-26MAR07PITTSYR,401820792
KXNCAAMBGAME-26MAR07SLUGMU,401828466
KXNCAAMBGAME-26MAR07DRKEUIC,401851492
KXNCAAMBGAME-26MAR07WISPUR,401825565
KXNCAAMBGAME-26MAR07FLAUK,401808281
KXNCAAMBGAME-26MAR07CALWAKE,401820795
KXNCAAMBGAME-26MAR07KENNNMSU,401804966
KXNCAAMBGAME-26MAR07BSUCSU,401823834
KXNCAAMBGAME-26MAR07MENJIT,401851201
KXNCAAMBGAME-26MAR07FAUWICH,401828261
KXNCAAMBGAME-26MAR07UGAMSST,401808284
KXNCAAMBGAME-26MAR07STANNCST,401820791
KXNCAAMBGAME-26MAR07JVSTUTEP,401804965
KXNCAAMBGAME-26MAR07NEDREX,401856424
KXNCAAMBGAME-26MAR07UNCGWOF,401851583
KXNCAAMBGAME-26MAR07CINTCU,401827729
KXNCAAMBGAME-26MAR07BRYUVM,401851199
KXNCAAMBGAME-26MAR07MTUMOSU,401804968
KXNCAAMBGAME-26MAR07PREWIN,401851352
KXNCAAMBGAME-26MAR07LOUMIA,401820790
KXNCAAMBGAME-26MAR07GWLCHI,401828467
KXNCAAMBGAME-26MAR07WKUFIU,401804967
KXNCAAMBGAME-26MAR07SMUFSU,401820789
KXNCAAMBGAME-26MAR07VANTENN,401808286
KXNCAAMBGAME-26MAR07KSUKU,401827727
KXNCAAMBGAME-26MAR07RICHDUQ,401828464
KXNCAAMBGAME-26MAR07WAGLIU,401851519
KXNCAAMBGAME-26MAR07ASUISU,401827726
KXNCAAMBGAME-26MAR07URIFOR,401828465
KXNCAAMBGAME-26MAR07CORDART,401830012
KXNCAAMBGAME-26MAR07SHSULIB,401804963
KXNCAAMBGAME-26MAR07PRINYALE,401818337
KXNCAAMBGAME-26MAR07NDBC,401820793
KXNCAAMBGAME-26MAR07LASJOES,401828468
KXNCAAMBGAME-26MAR07SCARMISS,401808283
KXNCAAMBGAME-26MAR07GTCLEM,401820787
KXNCAAMBGAME-26MAR07HOUOKST,401827728
KXNCAAMBGAME-26MAR07CONNMARQ,401822973
KXNCAAMBGAME-26MAR07BUTDEP,401822975
KXNCAAMBGAME-26MAR07UNHUMBC,401851198
KXNCAAMBGAME-26MAR07ARKMIZZ,401808285
KXNCAAMBGAME-26MAR07STNHMHU,401851517
KXNCAAMBGAME-26MAR07CAMPSTON,401856423
KXNCAAMBGAME-26MAR07UNCAHP,401851351
KXNCAAMBGAME-26MAR07ALBYMASSL,401851200
KXNCAAMBGAME-26MAR07CITETSU,401851581
KXNCAAMBGAME-26MAR07DAVSBON,401828463
KXNCAAMBGAME-26MAR07VTUVA,401820794
KXNCAAMBGAME-26MAR07LTDEL,401804964
KXNCAAMBGAME-26MAR07XAVVILL,401822974
KXNCAAMBGAME-26MAR06USDSEA,401851750
KXNCAAMBGAME-26MAR06SEMOMORE,401851532
KXNCAAMBGAME-26MAR06UNLVSDSU,401823787
KXNCAAMBGAME-26MAR06UNIILST,401851491
KXNCAAMBGAME-26MAR06DENUND,401851624
KXNCAAMBGAME-26MAR06PRERAD,401851350
KXNCAAMBGAME-26MAR06GASOUSA,401851701
KXNCAAMBGAME-26MAR06SJUHALL,401822972
KXNCAAMBGAME-26MAR06MOHOHIO,401814601
KXNCAAMBGAME-26MAR06UCFWVU,401827722
KXNCAAMBGAME-26MAR06PORTWSU,401851749
KXNCAAMBGAME-26MAR06UTMTNST,401851530
KXNCAAMBGAME-26MAR06FAIRSPC,401851460
KXNCAAMBGAME-26MAR06WMUKENT,401814603
KXNCAAMBGAME-26MAR06VALPBRAD,401851490
KXNCAAMBGAME-26MAR06VMIUNCG,401851580
KXNCAAMBGAME-26MAR06UWGAQUC,401851248
KXNCAAMBGAME-26MAR06LONGUNCA,401851349
KXNCAAMBGAME-26MAR06BUFFTOL,401814599
KXNCAAMBGAME-26MAR06NEOMSDAK,401851621
KXNCAAMBGAME-26MAR06PENNBRWN,401818565
KXNCAAMBGAME-26MAR06CMUBALL,401814600
KXNCAAMBGAME-26MAR06CLMBHARV,401812624
KXNCAAMBGAME-26MAR06VCUDAY,401828462
KXNCAAMBGAME-26MAR06BGSUEMU,401814598
KXNCAAMBGAME-26MAR06USMTXST,401851700
KXNCAAMBGAME-26MAR06NIUAKR,401814602
KXNCAAMBGAME-26MAR06SHUMRMK,401851457
KXNCAAMBGAME-26MAR06STETPEAY,401851247
KXNCAAMBGAME-26MAR06UICMURR,401851489
KXNCAAMBGAME-26MAR06CITCHAT,401851579
KXNCAAMBGAME-26MAR06CHSOWIN,401851348
KXNCAAMBGAME-26MAR06FGCULIP,401851246
KXNCAAMBGAME-26MAR06NENCAT,401856422
KXNCAAMBGAME-26MAR06DRKEBEL,401851488
KXNCAAMBGAME-26MAR06BELLCARK,401851245
KXNCAAMBGAME-26MAR06WEBBHP,401851347
KXNCAAMBGAME-26MAR06UCRVHAW,401809151
KXNCAAMBGAME-26MAR05USDLMU,401851746
KXNCAAMBGAME-26MAR05UCDLBSU,401809138
KXNCAAMBGAME-26MAR05UCSDCSF,401809103
KXNCAAMBGAME-26MAR05ACCBU,401805211
KXNCAAMBGAME-26MAR05CSNCSB,401823271
KXNCAAMBGAME-26MAR05CPUCI,401809121
KXNCAAMBGAME-26MAR05ARPBALCN,401827152
KXNCAAMBGAME-26MAR05SOUAAMU,401827038
KXNCAAMBGAME-26MAR05USFMEM,401828260
KXNCAAMBGAME-26MAR05LINWSEMO,401851528
KXNCAAMBGAME-26MAR05KENNUTEP,401804960
KXNCAAMBGAME-26MAR05PVTXSO,401827082
KXNCAAMBGAME-26MAR05EVANUNI,401851487
KXNCAAMBGAME-26MAR05JVSTNMSU,401804959
KXNCAAMBGAME-26MAR05SDSTUST,401851622
KXNCAAMBGAME-26MAR05MANFAIR,401851456
KXNCAAMBGAME-26MAR05UVUSUU,401805213
KXNCAAMBGAME-26MAR05MVSUJKST,401828670
KXNCAAMBGAME-26MAR05HOWNORF,401828732
KXNCAAMBGAME-26MAR05UTATARL,401805212
KXNCAAMBGAME-26MAR05PEPPPORT,401851745
KXNCAAMBGAME-26MAR05COPPMORG,401822780
KXNCAAMBGAME-26MAR05GRAMALST,401827106
KXNCAAMBGAME-26MAR05GASOARST,401851699
KXNCAAMBGAME-26MAR05COOKFAMU,401827126
KXNCAAMBGAME-26MAR05DSUUMES,401823056
KXNCAAMBGAME-26MAR05RUTGMSU,401825561
KXNCAAMBGAME-26MAR05MICHIOWA,401825560
KXNCAAMBGAME-26MAR05WKUMOSU,401804961
KXNCAAMBGAME-26MAR05ORUNDSU,401851620
KXNCAAMBGAME-26MAR05BUCKNAVY,401851543
KXNCAAMBGAME-26MAR05EIUUTM,401851526
KXNCAAMBGAME-26MAR05HCLEH,401851546
KXNCAAMBGAME-26MAR05TLSAECU,401828257
KXNCAAMBGAME-26MAR05AMERBU,401851544
KXNCAAMBGAME-26MAR05SHSUDEL,401804957
KXNCAAMBGAME-26MAR05INSTVALP,401851486
KXNCAAMBGAME-26MAR05LMDCOLG,401851545
KXNCAAMBGAME-26MAR05MTUFIU,401804962
KXNCAAMBGAME-26MAR05TULNTEM,401828259
KXNCAAMBGAME-26MAR05LTLIB,401804958
KXNCAAMBGAME-26MAR05JMUUSM,401851698
KXNCAAMBGAME-26MAR05SHUIONA,401851454
KXNCAAMBGAME-26MAR05SCSTNCCU,401829290
KXNCAAMBGAME-26MAR05DRKESIU,401851485
KXNCAAMBGAME-26MAR04USCWASH,401825558
KXNCAAMBGAME-26MAR04CSUUNM,401830832
KXNCAAMBGAME-26MAR04UALRLINW,401851524
KXNCAAMBGAME-26MAR04ODUGASO,401851637
KXNCAAMBGAME-26MAR04FSUPITT,401820783
KXNCAAMBGAME-26MAR04BAYHOU,401827721
KXNCAAMBGAME-26MAR04MDWIS,401825559
KXNCAAMBGAME-26MAR04STANND,401820782
KXNCAAMBGAME-26MAR04UMKCORU,401851619
KXNCAAMBGAME-26MAR04RICEUNT,401828258
KXNCAAMBGAME-26MAR04PURNW,401825556
KXNCAAMBGAME-26MAR04LCHISLU,401828461
KXNCAAMBGAME-26MAR04OSUPSU,401825557
KXNCAAMBGAME-26MAR04WEBBSCUS,401851346
KXNCAAMBGAME-26MAR04VILLDEP,401822970
KXNCAAMBGAME-26MAR04SBONGW,401828460
KXNCAAMBGAME-26MAR04UABCHAR,401828256
KXNCAAMBGAME-26MAR04MIASMU,401820784
KXNCAAMBGAME-26MAR04UNFUWGA,401851243
KXNCAAMBGAME-26MAR04NKUOAK,401851428
KXNCAAMBGAME-26MAR04CALGT,401820780
KXNCAAMBGAME-26MAR04EIUSIUE,401851523
KXNCAAMBGAME-26MAR04MILWDET,401851426
KXNCAAMBGAME-26MAR04TEXARK,401808273
KXNCAAMBGAME-26MAR04DUQURI,401828458
KXNCAAMBGAME-26MAR04STNHLMC,401851516
KXNCAAMBGAME-26MAR04MARQPROV,401822971
KXNCAAMBGAME-26MAR04CLEVWRST,401851423
KXNCAAMBGAME-26MAR04YSURMU,401851424
KXNCAAMBGAME-26MAR04JOESDAV,401828457
KXNCAAMBGAME-26MAR04FDUMHU,401851515
KXNCAAMBGAME-26MAR04CHSLIU,401851513
KXNCAAMBGAME-26MAR04FORLAS,401828459
KXNCAAMBGAME-26MAR04WAGCCSU,401851514
KXNCAAMBGAME-26MAR04ULLJMU,401851636
KXNCAAMBGAME-26MAR04MINNIND,401825555
KXNCAAMBGAME-26MAR04CREIBUT,401822969
KXNCAAMBGAME-26MAR04STETEKY,401851241
KXNCAAMBGAME-26MAR04UNAFGCU,401851239
KXNCAAMBGAME-26MAR04JACBELL,401851238
KXNCAAMBGAME-26MAR03NEBUCLA,401825554
KXNCAAMBGAME-26MAR03USUUNLV,401829339
KXNCAAMBGAME-26MAR03NEVWYO,401829322
KXNCAAMBGAME-26MAR03MVSUALCN,401829692
KXNCAAMBGAME-26MAR03GRAMAAMU,401827105
KXNCAAMBGAME-26MAR03LSUAUB,401808276
KXNCAAMBGAME-26MAR03KUASU,401827715
KXNCAAMBGAME-26MAR03ARPBJKST,401827151
KXNCAAMBGAME-26MAR03SOUALST,401827037
KXNCAAMBGAME-26MAR03BYUCIN,401827717
KXNCAAMBGAME-26MAR03SYRLOU,401820781
KXNCAAMBGAME-26MAR03COLOUTAH,401827720
KXNCAAMBGAME-26MAR03SDSUBSU,401823786
KXNCAAMBGAME-26MAR03VANMISS,401808279
KXNCAAMBGAME-26MAR03GCAFA,401820575
KXNCAAMBGAME-26MAR03BCVT,401820786
KXNCAAMBGAME-26MAR03ULMODU,401851635
KXNCAAMBGAME-26MAR03SJSUFRES,401828936
KXNCAAMBGAME-26MAR03ALBYUVM,401812174
KXNCAAMBGAME-26MAR03OREILL,401825553
KXNCAAMBGAME-26MAR03KENTNIU,401814595
KXNCAAMBGAME-26MAR03WVUKSU,401827718
KXNCAAMBGAME-26MAR03PFWGB,401851430
KXNCAAMBGAME-26MAR03MSSTFLA,401808274
KXNCAAMBGAME-26MAR03UKTXAM,401808275
KXNCAAMBGAME-26MAR03OKSTUCF,401827716
KXNCAAMBGAME-26MAR03TCUTTU,401827719
KXNCAAMBGAME-26MAR03OHIOMASS,401814596
KXNCAAMBGAME-26MAR03BALLWMU,401814593
KXNCAAMBGAME-26MAR03WAKEUVA,401820785
KXNCAAMBGAME-26MAR03HAMPWM,401812097
KXNCAAMBGAME-26MAR03GTWNSJU,401822967
KXNCAAMBGAME-26MAR03CLEMUNC,401820779
KXNCAAMBGAME-26MAR03MIZZOKLA,401808280
KXNCAAMBGAME-26MAR03UNCWELON,401812099
KXNCAAMBGAME-26MAR03GMUVCU,401828456
KXNCAAMBGAME-26MAR03MONMNE,401812094
KXNCAAMBGAME-26MAR03ALAUGA,401808277
KXNCAAMBGAME-26MAR03DREXHOF,401812095
KXNCAAMBGAME-26MAR03DAYRICH,401828455
KXNCAAMBGAME-26MAR03TOLMOH,401814597
KXNCAAMBGAME-26MAR03NCATCAMP,401812098
KXNCAAMBGAME-26MAR03AKRCMU,401814592
KXNCAAMBGAME-26MAR03HALLXAV,401822968
KXNCAAMBGAME-26MAR03HCLAF,401851542
KXNCAAMBGAME-26MAR03ARMYBUCK,401851541
KXNCAAMBGAME-26MAR03EMUBUFF,401814594
KXNCAAMBGAME-26MAR03BRYUNH,401812175
KXNCAAMBGAME-26MAR03GASTULL,401851633
KXNCAAMBGAME-26MAR03TOWSSTON,401812096
KXNCAAMBGAME-26MAR03TENNSCAR,401808278
KXNCAAMBGAME-26MAR03UMBCNJIT,401812176
KXNCAAMBGAME-26MAR03MASSLME,401812177
KXNCAAMBGAME-26MAR02WEBPRST,401808540
KXNCAAMBGAME-26MAR02IDSTSAC,401808500
KXNCAAMBGAME-26MAR02IDHOEWU,401808470
KXNCAAMBGAME-26MAR02ISUARIZ,401820821
KXNCAAMBGAME-26MAR02LAMHCU,401820481
KXNCAAMBGAME-26MAR02MTSTNAU,401808522
KXNCAAMBGAME-26MAR02MONTUNCO,401808512
KXNCAAMBGAME-26MAR02SELAUNO,401808917
KXNCAAMBGAME-26MAR02MCNSNICH,401808889
KXNCAAMBGAME-26MAR02SCSTDSU,401829289
KXNCAAMBGAME-26MAR02ETAMAMCC,401808723
KXNCAAMBGAME-26MAR02NWSTUTRGV,401808947
KXNCAAMBGAME-26MAR02NCCUUMES,401823055
KXNCAAMBGAME-26MAR02COPPHOW,401822779
KXNCAAMBGAME-26MAR02SFAIW,401808975
KXNCAAMBGAME-26MAR02DUKENCST,401820778
KXNCAAMBGAME-26MAR02IUINCLEV,401851421
KXNCAAMBGAME-26MAR02NORFMORG,401828717
KXNCAAMBGAME-26MAR01WICHUTSA,401828255
KXNCAAMBGAME-26MAR01COFCUNCW,401812088
KXNCAAMBGAME-26MAR01BELILST,401830217
KXNCAAMBGAME-26MAR01DEPMARQ,401822966
KXNCAAMBGAME-26MAR01SIUEVAN,401858741
KXNCAAMBGAME-26MAR01MSUIND,401825550
KXNCAAMBGAME-26MAR01UNIDRKE,401830317
KXNCAAMBGAME-26MAR01MURRBRAD,401830221
KXNCAAMBGAME-26MAR01SPCMRST,401813344
KXNCAAMBGAME-26MAR01CHARFAU,401828251
KXNCAAMBGAME-26MAR01RICETEM,401828253
KXNCAAMBGAME-26MAR01MEMECU,401828252
KXNCAAMBGAME-26MAR01MRMKNIAG,401813396
KXNCAAMBGAME-26MAR01MSMFAIR,401813419
KXNCAAMBGAME-26MAR01IONAMAN,401813308
KXNCAAMBGAME-26MAR01RIDSIE,401813433
KXNCAAMBGAME-26MAR01PUROSU,401825552
KXNCAAMBGAME-26MAR01QUINCAN,401813372
KXNCAAMBGAME-26MAR01TULNUSF,401828254
KXNCAAMBGAME-26MAR01UICINST,401830316
KXNCAAMBGAME-26MAR01RUTGMD,401825551
KXNCAAMBGAME-26MAR01UNTUAB,401828250
KXNCAAMBGAME-26MAR01LASDAV,401828454
KXNCAAMBGAME-26FEB28UCSBUCI,401809120
KXNCAAMBGAME-26FEB28NEVUNLV,401829321
KXNCAAMBGAME-26FEB28GCUSU,401823805
KXNCAAMBGAME-26FEB28SEALMU,401829269
KXNCAAMBGAME-26FEB28GONZSMC,401829265
KXNCAAMBGAME-26FEB28LBSUCSB,401823339
KXNCAAMBGAME-26FEB28CPUCSD,401809102
KXNCAAMBGAME-26FEB28ARKFLA,401808266
KXNCAAMBGAME-26FEB28TARLCBU,401805209
KXNCAAMBGAME-26FEB28BAYUCF,401827709
KXNCAAMBGAME-26FEB28VTUNC,401820774
KXNCAAMBGAME-26FEB28BSUFRES,401823833
KXNCAAMBGAME-26FEB28MISSAUB,401808265
KXNCAAMBGAME-26FEB28UTUSUU,401805210
KXNCAAMBGAME-26FEB28ORSTSCU,401829266
KXNCAAMBGAME-26FEB28WSUPEPP,401829270
KXNCAAMBGAME-26FEB28DUQSLU,401828449
KXNCAAMBGAME-26FEB28ORUUMKC,401818439
KXNCAAMBGAME-26FEB28CSNUCRV,401823270
KXNCAAMBGAME-26FEB28VILLSJU,401822962
KXNCAAMBGAME-26FEB28NEOMUST,401818438
KXNCAAMBGAME-26FEB28HAWCSF,401809150
KXNCAAMBGAME-26FEB28STONHOF,401812092
KXNCAAMBGAME-26FEB28MVSUARPB,401827150
KXNCAAMBGAME-26FEB28BYUWVU,401827714
KXNCAAMBGAME-26FEB28WRSTNKU,401817687
KXNCAAMBGAME-26FEB28TCUKSU,401827713
KXNCAAMBGAME-26FEB28SMUSTAN,401820776
KXNCAAMBGAME-26FEB28NWSTAMCC,401808946
KXNCAAMBGAME-26FEB28HARVPENN,401812597
KXNCAAMBGAME-26FEB28DARTPRIN,401826868
KXNCAAMBGAME-26FEB28JKSTTXSO,401828669
KXNCAAMBGAME-26FEB28MCNSUNO,401808888
KXNCAAMBGAME-26FEB28SFPAC,401829268
KXNCAAMBGAME-26FEB28LIBJVST,401804955
KXNCAAMBGAME-26FEB28BRWNCOR,401818564
KXNCAAMBGAME-26FEB28ALSTAAMU,401827169
KXNCAAMBGAME-26FEB28OKLALSU,401808269
KXNCAAMBGAME-26FEB28JACUNF,401807765
KXNCAAMBGAME-26FEB28UNCGSAM,401809390
KXNCAAMBGAME-26FEB28ALATENN,401808271
KXNCAAMBGAME-26FEB28SYRWAKE,401820777
KXNCAAMBGAME-26FEB28PROVCREI,401822964
KXNCAAMBGAME-26FEB28FAMUGRAM,401827108
KXNCAAMBGAME-26FEB28NEBUSC,401825548
KXNCAAMBGAME-26FEB28WEBIDST,401808499
KXNCAAMBGAME-26FEB28YALECLMB,401818336
KXNCAAMBGAME-26FEB28MOSUSHSU,401804954
KXNCAAMBGAME-26FEB28ALCNPV,401827081
KXNCAAMBGAME-26FEB28ETAMUTRGV,401808722
KXNCAAMBGAME-26FEB28TTUISU,401827712
KXNCAAMBGAME-26FEB28NORFCOPP,401822778
KXNCAAMBGAME-26FEB28FURWCU,401809391
KXNCAAMBGAME-26FEB28CSUSJSU,401829333
KXNCAAMBGAME-26FEB28SCSTUMES,401823054
KXNCAAMBGAME-26FEB28DELKENN,401804956
KXNCAAMBGAME-26FEB28TNTCSEMO,401806511
KXNCAAMBGAME-26FEB28NCCUDSU,401830245
KXNCAAMBGAME-26FEB28SELANICH,401808933
KXNCAAMBGAME-26FEB28BALLNIU,401814587
KXNCAAMBGAME-26FEB28LAMIW,401820497
KXNCAAMBGAME-26FEB28UNDNDSU,401818436
KXNCAAMBGAME-26FEB28TOLOHIO,401814591
KXNCAAMBGAME-26FEB28HOWMORG,401828716
KXNCAAMBGAME-26FEB28RICHLCHI,401828452
KXNCAAMBGAME-26FEB28ACUVU,401805208
KXNCAAMBGAME-26FEB28USIUALR,401806510
KXNCAAMBGAME-26FEB28FIULT,401804953
KXNCAAMBGAME-26FEB28TEXTXAM,401808272
KXNCAAMBGAME-26FEB28ETSUMER,401809389
KXNCAAMBGAME-26FEB28LIPEKY,401807766
KXNCAAMBGAME-26FEB28EIUSIUE,401806508
KXNCAAMBGAME-26FEB28VALPEVAN,401830315
KXNCAAMBGAME-26FEB28WISWASH,401825549
KXNCAAMBGAME-26FEB28LINWWIU,401806509
KXNCAAMBGAME-26FEB28SFAHCU,401808974
KXNCAAMBGAME-26FEB28PREWIN,401823964
KXNCAAMBGAME-26FEB28PRSTMONT,401808511
KXNCAAMBGAME-26FEB28USDPORT,401829267
KXNCAAMBGAME-26FEB28KUARIZ,401827707
KXNCAAMBGAME-26FEB28PITTCAL,401820769
KXNCAAMBGAME-26FEB28AFAWYO,401830777
KXNCAAMBGAME-26FEB28NJITBRY,401812173
KXNCAAMBGAME-26FEB28NEHAMP,401812093
KXNCAAMBGAME-26FEB28COLGNAVY,401820177
KXNCAAMBGAME-26FEB28UNCOIDHO,401808486
KXNCAAMBGAME-26FEB28BCMIA,401820773
KXNCAAMBGAME-26FEB28NAUEWU,401808469
KXNCAAMBGAME-26FEB28SCARUGA,401808267
KXNCAAMBGAME-26FEB28RADLONG,401823965
KXNCAAMBGAME-26FEB28COOKSOU,401827036
KXNCAAMBGAME-26FEB28UTEPWKU,401804952
KXNCAAMBGAME-26FEB28DETOAK,401817688
KXNCAAMBGAME-26FEB28UTAHASU,401827708
KXNCAAMBGAME-26FEB28SACMTST,401808521
KXNCAAMBGAME-26FEB28ELONMONM,401812090
KXNCAAMBGAME-26FEB28SFPACCSU,401812400
KXNCAAMBGAME-26FEB28VANUK,401808268
KXNCAAMBGAME-26FEB28MHUSTNH,401812410
KXNCAAMBGAME-26FEB28SDSUUNM,401823785
KXNCAAMBGAME-26FEB28PEAYBELL,401807763
KXNCAAMBGAME-26FEB28CITWOF,401809392
KXNCAAMBGAME-26FEB28LOUCLEM,401820770
KXNCAAMBGAME-26FEB28WMNCAT,401812091
KXNCAAMBGAME-26FEB28BUCKLEH,401829400
KXNCAAMBGAME-26FEB28MASSBGSU,401814589
KXNCAAMBGAME-26FEB28QUCCARK,401807768
KXNCAAMBGAME-26FEB28SDSTSDAK,401818437
KXNCAAMBGAME-26FEB28CHSOUNCA,401823962
KXNCAAMBGAME-26FEB28CMUBUFF,401814588
KXNCAAMBGAME-26FEB28ORENW,401825546
KXNCAAMBGAME-26FEB28CAMPTOWS,401812089
KXNCAAMBGAME-26FEB28OKSTCIN,401827710
KXNCAAMBGAME-26FEB28VMICHAT,401809388
KXNCAAMBGAME-26FEB28MEBING,401812170
KXNCAAMBGAME-26FEB28TNSTUTM,401806512
KXNCAAMBGAME-26FEB28UNHALBY,401812172
KXNCAAMBGAME-26FEB28FGCUSTET,401807764
KXNCAAMBGAME-26FEB28PFWIUIN,401857754
KXNCAAMBGAME-26FEB28UCLAMINN,401825545
KXNCAAMBGAME-26FEB28UNAUWGA,401807767
KXNCAAMBGAME-26FEB28WEBBSCUS,401823963
KXNCAAMBGAME-26FEB28YSUGB,401817690
KXNCAAMBGAME-26FEB28GTWNXAV,401822965
KXNCAAMBGAME-26FEB28SBONGMU,401828451
KXNCAAMBGAME-26FEB28FSUGT,401820772
KXNCAAMBGAME-26FEB28NMSUMTU,401804951
KXNCAAMBGAME-26FEB28ARMYLAF,401826825
KXNCAAMBGAME-26FEB28UMBCMASSL,401812171
KXNCAAMBGAME-26FEB28MIZZMSST,401808270
KXNCAAMBGAME-26FEB28FDULIU,401812332
KXNCAAMBGAME-26FEB28CLEVRMU,401817689
KXNCAAMBGAME-26FEB28LMCNHC,401812349
KXNCAAMBGAME-26FEB28BUAMER,401824377
KXNCAAMBGAME-26FEB28CHSWAG,401812418
KXNCAAMBGAME-26FEB28NCSTND,401820775
KXNCAAMBGAME-26FEB28FORVCU,401828450
KXNCAAMBGAME-26FEB28UVADUKE,401820771
KXNCAAMBGAME-26FEB28JOESURI,401828453
KXNCAAMBGAME-26FEB28COLOHOU,401827711
KXNCAAMBGAME-26FEB28HALLCONN,401822963
KXNCAAMBGAME-26FEB28IOWAPSU,401825547
KXNCAAMBGAME-26FEB28LMDHC,401820208
KXNCAAMBGAME-26FEB27GASOMRSH,401808696
KXNCAAMBGAME-26FEB27ULLARST,401808698
KXNCAAMBGAME-26FEB27USMUSA,401808699
KXNCAAMBGAME-26FEB27APPTXST,401808697
KXNCAAMBGAME-26FEB27AKRKENT,401814586
KXNCAAMBGAME-26FEB27CCARJMU,401808695
KXNCAAMBGAME-26FEB27MICHILL,401825544
KXNCAAMBGAME-26FEB27ODUGAST,401808694
KXNCAAMBGAME-26FEB27MRMKCAN,401813371
KXNCAAMBGAME-26FEB27DAYGW,401828448
KXNCAAMBGAME-26FEB27DARTPENN,401812596
KXNCAAMBGAME-26FEB27HARVPRIN,401812623
KXNCAAMBGAME-26FEB27RIDIONA,401823856
KXNCAAMBGAME-26FEB27SIEFAIR,401813432
KXNCAAMBGAME-26FEB27BRWNCLMB,401818546
KXNCAAMBGAME-26FEB27MANSPC,401813318
KXNCAAMBGAME-26FEB27MSMSHU,401813418
KXNCAAMBGAME-26FEB27ULMTROY,401808700
KXNCAAMBGAME-26FEB27QUINNIAG,401813395
KXNCAAMBGAME-26FEB27MOHWMU,401814590
KXNCAAMBGAME-26FEB27YALECOR,401818335
KXNCAAMBGAME-26FEB26LBSUCP,401809163
KXNCAAMBGAME-26FEB26UCICSN,401809119
KXNCAAMBGAME-26FEB26UTACBU,401805207
KXNCAAMBGAME-26FEB26CSBUCSD,401809101
KXNCAAMBGAME-26FEB26JKSTPV,401827080
KXNCAAMBGAME-26FEB26HAWUCD,401809137
KXNCAAMBGAME-26FEB26NDSUUST,401818432
KXNCAAMBGAME-26FEB26SACMONT,401808510
KXNCAAMBGAME-26FEB26WICHMEM,401828249
KXNCAAMBGAME-26FEB26UCRVUCSB,401826049
KXNCAAMBGAME-26FEB26FIUSHSU,401804947
KXNCAAMBGAME-26FEB26UNCOEWU,401808468
KXNCAAMBGAME-26FEB26ACUTU,401805205
KXNCAAMBGAME-26FEB26PRSTMTST,401808520
KXNCAAMBGAME-26FEB26TNSTSEMO,401806505
KXNCAAMBGAME-26FEB26TNTCUTM,401806507
KXNCAAMBGAME-26FEB26NAUIDHO,401808485
KXNCAAMBGAME-26FEB26FAMUSOU,401827035
KXNCAAMBGAME-26FEB26EIULINW,401806503
KXNCAAMBGAME-26FEB26MOREUALR,401806504
KXNCAAMBGAME-26FEB26ALCNTXSO,401829691
KXNCAAMBGAME-26FEB26WIUSIUE,401806506
KXNCAAMBGAME-26FEB26SDSTUMKC,401818433
KXNCAAMBGAME-26FEB26NMSUWKU,401804945
KXNCAAMBGAME-26FEB26DENORU,401818435
KXNCAAMBGAME-26FEB26TARLUVU,401805206
KXNCAAMBGAME-26FEB26VMISAM,401809387
KXNCAAMBGAME-26FEB26MHUCCSU,401812658
KXNCAAMBGAME-26FEB26NHCWAG,401812417
KXNCAAMBGAME-26FEB26UNCGCHAT,401809386
KXNCAAMBGAME-26FEB26SCUSRAD,401823960
KXNCAAMBGAME-26FEB26HPPRE,401823958
KXNCAAMBGAME-26FEB26WINCHSO,401823961
KXNCAAMBGAME-26FEB26UTEPMTU,401804946
KXNCAAMBGAME-26FEB26STETJAC,401807762
KXNCAAMBGAME-26FEB26FGCUUNF,401807760
KXNCAAMBGAME-26FEB26CHSLIU,401812378
KXNCAAMBGAME-26FEB26FDULMC,401812331
KXNCAAMBGAME-26FEB26MSUPUR,401825543
KXNCAAMBGAME-26FEB26UNCAWEBB,401823959
KXNCAAMBGAME-26FEB26COOKGRAM,401827107
KXNCAAMBGAME-26FEB26DELJVST,401804950
KXNCAAMBGAME-26FEB26MASSLUVM,401812168
KXNCAAMBGAME-26FEB26SFPASTNH,401812399
KXNCAAMBGAME-26FEB26MOSULT,401804948
KXNCAAMBGAME-26FEB26CAMPDREX,401812086
KXNCAAMBGAME-26FEB26LIBKENN,401804949
KXNCAAMBGAME-26FEB26ELONTOWS,401812085
KXNCAAMBGAME-26FEB26NCATUNCW,401812084
KXNCAAMBGAME-26FEB26NEWM,401812082
KXNCAAMBGAME-26FEB26TEMFAU,401828246
KXNCAAMBGAME-26FEB26STONMONM,401812399
KXNCAAMBGAME-26FEB26UNHBING,401812169
KXNCAAMBGAME-26FEB26MEALBY,401812167
KXNCAAMBGAME-26FEB26BRYUMBC,401812166
KXNCAAMBGAME-26FEB25URISBON,401828447
KXNCAAMBGAME-26FEB26COFCHAMP,401812087
KXNCAAMBGAME-26FEB25SCUSMC,401829262
KXNCAAMBGAME-26FEB25USUSDSU,401823784
KXNCAAMBGAME-26FEB25WISORE,401825542
KXNCAAMBGAME-26FEB25WSULMU,401829264
KXNCAAMBGAME-26FEB25SMUCAL,401820765
KXNCAAMBGAME-26FEB25USDORST,401829261
KXNCAAMBGAME-26FEB25LSUMISS,401808258
KXNCAAMBGAME-26FEB25BELLUNA,401807758
KXNCAAMBGAME-26FEB25UNLVGC,401823804
KXNCAAMBGAME-26FEB25DEPCREI,401822960
KXNCAAMBGAME-26FEB25MSSTALA,401808263
KXNCAAMBGAME-26FEB25KSUCOLO,401827706
KXNCAAMBGAME-26FEB25CARKPEAY,401807759
KXNCAAMBGAME-26FEB25TXAMARK,401808259
KXNCAAMBGAME-26FEB25OSUIOWA,401825540
KXNCAAMBGAME-26FEB25SEAPEPP,401829263
KXNCAAMBGAME-26FEB25PORTGONZ,401829260
KXNCAAMBGAME-26FEB25DRKEVALP,401830314
KXNCAAMBGAME-26FEB25USFRICE,401828247
KXNCAAMBGAME-26FEB25ULMUSA,401808693
KXNCAAMBGAME-26FEB25ECUUTSA,401828245
KXNCAAMBGAME-26FEB25PITTSTAN,401820768
KXNCAAMBGAME-26FEB25FLATEX,401808264
KXNCAAMBGAME-26FEB25GASOJMU,401808692
KXNCAAMBGAME-26FEB25YSUMILW,401817685
KXNCAAMBGAME-26FEB25INSTSIU,401830313
KXNCAAMBGAME-26FEB24XAVPROV,401822958
KXNCAAMBGAME-26FEB25TLSATULN,401828248
KXNCAAMBGAME-26FEB25LIPUWGA,401807761
KXNCAAMBGAME-26FEB25WOFETSU,401809383
KXNCAAMBGAME-26FEB25UGAVAN,401808261
KXNCAAMBGAME-26FEB25LEHAMER,401828680
KXNCAAMBGAME-26FEB25NKUCLEV,401817681
KXNCAAMBGAME-26FEB25WRSTPFW,401817682
KXNCAAMBGAME-26FEB25DETRMU,401817683
KXNCAAMBGAME-26FEB25QUCEKY,401807757
KXNCAAMBGAME-26FEB25MERWCU,401809385
KXNCAAMBGAME-26FEB25ILSTUNI,401830312
KXNCAAMBGAME-26FEB25UNTCHAR,401828244
KXNCAAMBGAME-26FEB25LAFCOLG,401829410
KXNCAAMBGAME-26FEB25BUTVILL,401822961
KXNCAAMBGAME-26FEB25NEOMSDAK,401818434
KXNCAAMBGAME-26FEB25SJUCONN,401822959
KXNCAAMBGAME-26FEB25EVANBEL,401830216
KXNCAAMBGAME-26FEB25DAVDUQ,401828445
KXNCAAMBGAME-26FEB25NAVYLMD,401820176
KXNCAAMBGAME-26FEB25GMUJOES,401828446
KXNCAAMBGAME-26FEB25MDNEB,401825541
KXNCAAMBGAME-26FEB25HCBU,401824376
KXNCAAMBGAME-26FEB25OAKIUIN,401817684
KXNCAAMBGAME-26FEB25CITFUR,401809384
KXNCAAMBGAME-26FEB24WAKEBC,401820764
KXNCAAMBGAME-26FEB25BUCKARMY,401826824
KXNCAAMBGAME-26FEB24USCUCLA,401825539
KXNCAAMBGAME-26FEB24UNMNEV,401829320
KXNCAAMBGAME-26FEB24UCFBYU,401827701
KXNCAAMBGAME-26FEB24ASUTCU,401827703
KXNCAAMBGAME-26FEB24MIAFSU,401820766
KXNCAAMBGAME-26FEB24FRESCSU,401828935
KXNCAAMBGAME-26FEB24SJSUAFA,401820573
KXNCAAMBGAME-26FEB24ARIZBAY,401827700
KXNCAAMBGAME-26FEB24USMARST,401808690
KXNCAAMBGAME-26FEB24AUBOKLA,401808262
KXNCAAMBGAME-26FEB24TENNMIZZ,401808257
KXNCAAMBGAME-26FEB24ISUUTAH,401827705
KXNCAAMBGAME-26FEB24WYOBSU,401823832
KXNCAAMBGAME-26FEB24DUKEND,401820767
KXNCAAMBGAME-26FEB24NIUTOL,401814584
KXNCAAMBGAME-26FEB24SLUDAY,401828443
KXNCAAMBGAME-26FEB24UKSCAR,401808260
KXNCAAMBGAME-26FEB24NCSTUVA,401820763
KXNCAAMBGAME-26FEB24MARQGTWN,401822957
KXNCAAMBGAME-26FEB24MASSBALL,401814582
KXNCAAMBGAME-26FEB24NWIND,401825536
KXNCAAMBGAME-26FEB24ODUMRSH,401808689
KXNCAAMBGAME-26FEB24ULLTROY,401808691
KXNCAAMBGAME-26FEB24USIMORE,401806502
KXNCAAMBGAME-26FEB24WASHRUTG,401825538
KXNCAAMBGAME-26FEB24BUFFAKR,401814580
KXNCAAMBGAME-26FEB24SFPANHC,401858739
KXNCAAMBGAME-26FEB24CMUKENT,401814581
KXNCAAMBGAME-26FEB24CINTTU,401827704
KXNCAAMBGAME-26FEB24GWLAS,401828444
KXNCAAMBGAME-26FEB24WVUOKST,401827702
KXNCAAMBGAME-26FEB24CCARGAST,401808688
KXNCAAMBGAME-26FEB24WMUBGSU,401814585
KXNCAAMBGAME-26FEB24MINNMICH,401825537
KXNCAAMBGAME-26FEB24BRADUIC,401830222
KXNCAAMBGAME-26FEB24MOHEMU,401814583
KXNCAAMBGAME-26FEB23HOUKU,401820820
KXNCAAMBGAME-26FEB23UTRGVMCNS,401808887
KXNCAAMBGAME-26FEB23UNOSFA,401808916
KXNCAAMBGAME-26FEB23IWNWST,401808945
KXNCAAMBGAME-26FEB23HCUETAM,401808721
KXNCAAMBGAME-26FEB23NICHLAM,401808932
KXNCAAMBGAME-26FEB23LOUUNC,401820762
KXNCAAMBGAME-26FEB23AMCCSELA,401808965
KXNCAAMBGAME-26FEB22FAUUNT,401828241
KXNCAAMBGAME-26FEB22UTSATLSA,401828243
KXNCAAMBGAME-26FEB22IOWAWIS,401825535
KXNCAAMBGAME-26FEB22RICETULN,401828242
KXNCAAMBGAME-26FEB22MILWOAK,401817677
KXNCAAMBGAME-26FEB22CANMSM,401813370
KXNCAAMBGAME-26FEB22RMUWRST,401817679
KXNCAAMBGAME-26FEB22SPCSIE,401813431
KXNCAAMBGAME-26FEB22PFWCLEV,401817678
KXNCAAMBGAME-26FEB22NKUYSU,401817680
KXNCAAMBGAME-26FEB22FAIRQUIN,401820593
KXNCAAMBGAME-26FEB22TOWSDREX,401812081
KXNCAAMBGAME-26FEB22IONAMRMK,401824312
KXNCAAMBGAME-26FEB22GBDET,401817676
KXNCAAMBGAME-26FEB22OSUMSU,401825534
KXNCAAMBGAME-26FEB22UABMEM,401828240
KXNCAAMBGAME-26FEB22SHUMRST,401813343
KXNCAAMBGAME-26FEB22BULEH,401824375
KXNCAAMBGAME-26FEB22HCBUCK,401824435
KXNCAAMBGAME-26FEB22AMERLAF,401828679
KXNCAAMBGAME-26FEB22NIAGRID,401813394
KXNCAAMBGAME-26FEB21USUNEV,401829319
KXNCAAMBGAME-26FEB21ISUBYU,401827693
KXNCAAMBGAME-26FEB21SCUSF,401829259
KXNCAAMBGAME-26FEB21UCSBHAW,401809149
KXNCAAMBGAME-26FEB21PORTSEA,401829257
KXNCAAMBGAME-26FEB21UKAUB,401808250
KXNCAAMBGAME-26FEB21SMCWSU,401829258
KXNCAAMBGAME-26FEB21IDHOSAC,401808484
KXNCAAMBGAME-26FEB21UCSDUCI,401809100
KXNCAAMBGAME-26FEB21MONTWEB,401808509
KXNCAAMBGAME-26FEB21CSFCSB,401823185
KXNCAAMBGAME-26FEB21UTEPNMSU,401804939
KXNCAAMBGAME-26FEB21CSNLBSU,401823269
KXNCAAMBGAME-26FEB21PACGONZ,401829255
KXNCAAMBGAME-26FEB21TXAMOKLA,401808256
KXNCAAMBGAME-26FEB21UCFUTAH,401827699
KXNCAAMBGAME-26FEB21ILLUCLA,401825532
KXNCAAMBGAME-26FEB21ILSTBRAD,401830223
KXNCAAMBGAME-26FEB21UNMFRES,401828934
KXNCAAMBGAME-26FEB21PROVDEP,401822955
KXNCAAMBGAME-26FEB21WYOGC,401823803
KXNCAAMBGAME-26FEB21PEPPORST,401829256
KXNCAAMBGAME-26FEB21SDAKORU,401818429
KXNCAAMBGAME-26FEB21NAUUNCO,401808530
KXNCAAMBGAME-26FEB21TXSOMVSU,401829503
KXNCAAMBGAME-26FEB21AMCCMCNS,401808886
KXNCAAMBGAME-26FEB21INSTBEL,401830215
KXNCAAMBGAME-26FEB21EKYBELL,401807753
KXNCAAMBGAME-26FEB21NCATELON,401812077
KXNCAAMBGAME-26FEB21UNOLAM,401808915
KXNCAAMBGAME-26FEB21UVMNJIT,401812165
KXNCAAMBGAME-26FEB21ALALSU,401808252
KXNCAAMBGAME-26FEB21STANCAL,401820754
KXNCAAMBGAME-26FEB21NHCFDU,401812330
KXNCAAMBGAME-26FEB21PEAYJAC,401807751
KXNCAAMBGAME-26FEB21FURWOF,401809382
KXNCAAMBGAME-26FEB21UMESCOPP,401822777
KXNCAAMBGAME-26FEB21ALSTFAMU,401827168
KXNCAAMBGAME-26FEB21BUFFMASS,401814576
KXNCAAMBGAME-26FEB21MTSTIDST,401808498
KXNCAAMBGAME-26FEB21PVARPB,401827149
KXNCAAMBGAME-26FEB21MICHDUKE,401817238
KXNCAAMBGAME-26FEB21SBONRICH,401828442
KXNCAAMBGAME-26FEB21GTWNHALL,401822956
KXNCAAMBGAME-26FEB21SIUUNI,401830310
KXNCAAMBGAME-26FEB21TEMWICH,401828239
KXNCAAMBGAME-26FEB21SDSUCSU,401823783
KXNCAAMBGAME-26FEB21GRAMSOU,401827034
KXNCAAMBGAME-26FEB21LMUUSD,401829254
KXNCAAMBGAME-26FEB21NICHSFA,401808931
KXNCAAMBGAME-26FEB21WVUTCU,401827697
KXNCAAMBGAME-26FEB21USTDEN,401818430
KXNCAAMBGAME-26FEB21AAMUCOOK,401827125
KXNCAAMBGAME-26FEB21IWETAM,401808720
KXNCAAMBGAME-26FEB21DSUMORG,401828715
KXNCAAMBGAME-26FEB21UCDUCRV,401809136
KXNCAAMBGAME-26FEB21CONNVILL,401822953
KXNCAAMBGAME-26FEB21LTKENN,401804940
KXNCAAMBGAME-26FEB21JVSTSHSU,401804941
KXNCAAMBGAME-26FEB21TEXUGA,401808251
KXNCAAMBGAME-26FEB21UTUTARL,401805203
KXNCAAMBGAME-26FEB21EWUPRST,401808467
KXNCAAMBGAME-26FEB21UNALIP,401807754
KXNCAAMBGAME-26FEB21PRESCUS,401823955
KXNCAAMBGAME-26FEB21WMUCMU,401814579
KXNCAAMBGAME-26FEB21MIZZARK,401808249
KXNCAAMBGAME-26FEB21RADUNCA,401823956
KXNCAAMBGAME-26FEB21LONGCHSO,401823954
KXNCAAMBGAME-26FEB21EMUTOL,401814577
KXNCAAMBGAME-26FEB21EVANMURR,401830309
KXNCAAMBGAME-26FEB21JKSTALCN,401828668
KXNCAAMBGAME-26FEB21USIEIU,401806497
KXNCAAMBGAME-26FEB21SEMOUALR,401806499
KXNCAAMBGAME-26FEB21SCSTNORF,401828731
KXNCAAMBGAME-26FEB21HCUNWST,401808944
KXNCAAMBGAME-26FEB21MOREWIU,401806500
KXNCAAMBGAME-26FEB21WINHP,401823957
KXNCAAMBGAME-26FEB21BCSMU,401820758
KXNCAAMBGAME-26FEB21LINWTNTC,401806498
KXNCAAMBGAME-26FEB21OREUSC,401825533
KXNCAAMBGAME-26FEB21ETSUUNCG,401809380
KXNCAAMBGAME-26FEB21UTRGVSELA,401808964
KXNCAAMBGAME-26FEB21ASUBAY,401827692
KXNCAAMBGAME-26FEB21UNCWCAMP,401812076
KXNCAAMBGAME-26FEB21SUUAC,401805202
KXNCAAMBGAME-26FEB21MEUNH,401812164
KXNCAAMBGAME-26FEB21HAMPSTON,401812078
KXNCAAMBGAME-26FEB21JMUGAST,401808683
KXNCAAMBGAME-26FEB21WKULIB,401804942
KXNCAAMBGAME-26FEB21MONMCOFC,401812080
KXNCAAMBGAME-26FEB21TROYUSA,401808685
KXNCAAMBGAME-26FEB21OKSTCOLO,401827694
KXNCAAMBGAME-26FEB21UNFSTET,401807755
KXNCAAMBGAME-26FEB21UVUUTA,401805204
KXNCAAMBGAME-26FEB21SJSUBSU,401823831
KXNCAAMBGAME-26FEB21VALPUIC,401830311
KXNCAAMBGAME-26FEB21GTLOU,401820756
KXNCAAMBGAME-26FEB21ODUUSM,401808684
KXNCAAMBGAME-26FEB21UWGAQUC,401807756
KXNCAAMBGAME-26FEB21ARIZHOU,401827695
KXNCAAMBGAME-26FEB21URILAS,401828440
KXNCAAMBGAME-26FEB21UNDSDST,401818428
KXNCAAMBGAME-26FEB21MOSUFIU,401804943
KXNCAAMBGAME-26FEB21ARSTULM,401808687
KXNCAAMBGAME-26FEB21NDPITT,401820757
KXNCAAMBGAME-26FEB21KSUTTU,401827698
KXNCAAMBGAME-26FEB21DUQDAY,401828439
KXNCAAMBGAME-26FEB21OHIONIU,401814578
KXNCAAMBGAME-26FEB21WASHMD,401825529
KXNCAAMBGAME-26FEB21CARKFGCU,401807752
KXNCAAMBGAME-26FEB21LMDCOLG,401820207
KXNCAAMBGAME-26FEB21UNLVAFA,401820572
KXNCAAMBGAME-26FEB21PSUNEB,401825531
KXNCAAMBGAME-26FEB21LMCSTNH,401812348
KXNCAAMBGAME-26FEB21MIAUVA,401820760
KXNCAAMBGAME-26FEB21TENNVAN,401808255
KXNCAAMBGAME-26FEB21WAGSFPA,401812398
KXNCAAMBGAME-26FEB21DAVFOR,401828438
KXNCAAMBGAME-26FEB21HOFNE,401812079
KXNCAAMBGAME-26FEB21SIUETNST,401806501
KXNCAAMBGAME-26FEB21HARVCOR,401812622
KXNCAAMBGAME-26FEB21SAMMER,401809378
KXNCAAMBGAME-26FEB21CCSUCHS,401812657
KXNCAAMBGAME-26FEB21DELMTU,401804944
KXNCAAMBGAME-26FEB21LIUMHU,401812377
KXNCAAMBGAME-26FEB21PENNYALE,401812595
KXNCAAMBGAME-26FEB21DARTCLMB,401818545
KXNCAAMBGAME-26FEB21UMKCNDSU,401818431
KXNCAAMBGAME-26FEB21MRSHCCAR,401808682
KXNCAAMBGAME-26FEB21NAVYARMY,401820175
KXNCAAMBGAME-26FEB21GASOAPP,401808681
KXNCAAMBGAME-26FEB21XAVBUT,401822954
KXNCAAMBGAME-26FEB21UNCSYR,401820759
KXNCAAMBGAME-26FEB21MSSTSCAR,401808254
KXNCAAMBGAME-26FEB21FSUCLEM,401820755
KXNCAAMBGAME-26FEB21ALBYUMBC,401812162
KXNCAAMBGAME-26FEB21CHATCIT,401809379
KXNCAAMBGAME-26FEB21TXSTULL,401808686
KXNCAAMBGAME-26FEB21BINGMASSL,401812163
KXNCAAMBGAME-26FEB21WCUVMI,401809381
KXNCAAMBGAME-26FEB21CINKU,401827696
KXNCAAMBGAME-26FEB21ECUCHAR,401828238
KXNCAAMBGAME-26FEB21FLAMISS,401808253
KXNCAAMBGAME-26FEB21CREISJU,401822952
KXNCAAMBGAME-26FEB21RUTGMINN,401825530
KXNCAAMBGAME-26FEB21LCHIJOES,401828441
KXNCAAMBGAME-26FEB21NCCUHOW,401830243
KXNCAAMBGAME-26FEB21WAKEVT,401820761
KXNCAAMBGAME-26FEB20BGSUMOH,401814575
KXNCAAMBGAME-26FEB20INDPUR,401825528
KXNCAAMBGAME-26FEB20SIEMRMK,401813430
KXNCAAMBGAME-26FEB20VCUSLU,401828437
KXNCAAMBGAME-26FEB20SPCIONA,401823851
KXNCAAMBGAME-26FEB20MILWDET,401817675
KXNCAAMBGAME-26FEB20PRINBRWN,401818563
KXNCAAMBGAME-26FEB20GBOAK,401817674
KXNCAAMBGAME-26FEB20NIAGMSM,401813393
KXNCAAMBGAME-26FEB20CANRID,401813369
KXNCAAMBGAME-26FEB20MRSTMAN,401813307
KXNCAAMBGAME-26FEB20SHUFAIR,401823320
KXNCAAMBGAME-26FEB20AKRBALL,401814574
KXNCAAMBGAME-26FEB20CPHAW,401809148
KXNCAAMBGAME-26FEB19UCDCSF,401809135
KXNCAAMBGAME-26FEB19UCILBSU,401809118
KXNCAAMBGAME-26FEB19EWUSAC,401808466
KXNCAAMBGAME-26FEB19CSBUCRV,401823743
KXNCAAMBGAME-26FEB19TULNUNT,401828236
KXNCAAMBGAME-26FEB19MTSTWEB,401808519
KXNCAAMBGAME-26FEB19CSNUCSB,401823268
KXNCAAMBGAME-26FEB19SIUETNTC,401806495
KXNCAAMBGAME-26FEB19SDAKDEN,401818426
KXNCAAMBGAME-26FEB19TXSOARPB,401827148
KXNCAAMBGAME-26FEB19AAMUFAMU,401827207
KXNCAAMBGAME-26FEB19MONTIDST,401808497
KXNCAAMBGAME-26FEB19IDHOPRST,401808483
KXNCAAMBGAME-26FEB19CBUUVU,401805201
KXNCAAMBGAME-26FEB19MOREEIU,401806492
KXNCAAMBGAME-26FEB19PVMVSU,401827078
KXNCAAMBGAME-26FEB19LINWTNST,401806493
KXNCAAMBGAME-26FEB19SUUTARL,401805199
KXNCAAMBGAME-26FEB19UTMUALR,401806494
KXNCAAMBGAME-26FEB19USIWIU,401806496
KXNCAAMBGAME-26FEB19ARSTULL,401808679
KXNCAAMBGAME-26FEB19CARKSTET,401807747
KXNCAAMBGAME-26FEB19HAMPHOF,401812072
KXNCAAMBGAME-26FEB19GASOGAST,401808678
KXNCAAMBGAME-26FEB19TXSTUSA,401808680
KXNCAAMBGAME-26FEB19UTUUTA,401805200
KXNCAAMBGAME-26FEB19UMKCUND,401818427
KXNCAAMBGAME-26FEB19UNCAHP,401823952
KXNCAAMBGAME-26FEB19ALBYNJIT,401812158
KXNCAAMBGAME-26FEB19FDUCHS,401812329
KXNCAAMBGAME-26FEB19WAGMHU,401812416
KXNCAAMBGAME-26FEB19WEBBRAD,401823950
KXNCAAMBGAME-26FEB19ALSTCOOK,401827124
KXNCAAMBGAME-26FEB19SAMCIT,401809377
KXNCAAMBGAME-26FEB19LIUSFPA,401812376
KXNCAAMBGAME-26FEB19LONGPRE,401823951
KXNCAAMBGAME-26FEB19SCUSWIN,401823953
KXNCAAMBGAME-26FEB19PEAYUNF,401807746
KXNCAAMBGAME-26FEB19CHATMER,401809376
KXNCAAMBGAME-26FEB19IUINWRST,401817673
KXNCAAMBGAME-26FEB19DREXNE,401812074
KXNCAAMBGAME-26FEB19COFCNCAT,401812071
KXNCAAMBGAME-26FEB19MONMUNCW,401812075
KXNCAAMBGAME-26FEB19MEMUSF,401828237
KXNCAAMBGAME-26FEB19MRSHAPP,401808677
KXNCAAMBGAME-26FEB19WMCAMP,401812073
KXNCAAMBGAME-26FEB19LMCCCSU,401812347
KXNCAAMBGAME-26FEB19STNHNHC,401812409
KXNCAAMBGAME-26FEB19FIULIB,401804938
KXNCAAMBGAME-26FEB19UVMUMBC,401812161
KXNCAAMBGAME-26FEB19UNHMASSL,401812160
KXNCAAMBGAME-26FEB19BINGBRY,401812159
KXNCAAMBGAME-26FEB18CSUUNLV,401830831
KXNCAAMBGAME-26FEB18GONZSF,401829250
KXNCAAMBGAME-26FEB18BSUUSU,401823830
KXNCAAMBGAME-26FEB18ILLUSC,401825527
KXNCAAMBGAME-26FEB18MURRILST,401830306
KXNCAAMBGAME-26FEB18PEPPPORT,401829252
KXNCAAMBGAME-26FEB18VANMIZZ,401808246
KXNCAAMBGAME-26FEB18SJUMARQ,401822949
KXNCAAMBGAME-26FEB18BYUARIZ,401827689
KXNCAAMBGAME-26FEB18PACWSU,401829251
KXNCAAMBGAME-26FEB18AUBMSST,401808242
KXNCAAMBGAME-26FEB18SMCSEA,401829253
KXNCAAMBGAME-26FEB18UVAGT,401820750
KXNCAAMBGAME-26FEB18UTAHWVU,401827691
KXNCAAMBGAME-26FEB18FAUUTSA,401828235
KXNCAAMBGAME-26FEB18KUOKST,401827690
KXNCAAMBGAME-26FEB18NCCUSCST,401858787
KXNCAAMBGAME-26FEB18UICEVAN,401830305
KXNCAAMBGAME-26FEB18KENNMOSU,401804935
KXNCAAMBGAME-26FEB18SIUDRKE,401830308
KXNCAAMBGAME-26FEB18DEPHALL,401822951
KXNCAAMBGAME-26FEB18ORUNEOM,401818425
KXNCAAMBGAME-26FEB18MDNW,401825525
KXNCAAMBGAME-26FEB18NDSUSDST,401818424
KXNCAAMBGAME-26FEB18QUCUNA,401807745
KXNCAAMBGAME-26FEB18CHARTLSA,401828233
KXNCAAMBGAME-26FEB18PFWNKU,401817671
KXNCAAMBGAME-26FEB18UNCGWCU,401809374
KXNCAAMBGAME-26FEB18TROYULM,401808676
KXNCAAMBGAME-26FEB18UWGAEKY,401807750
KXNCAAMBGAME-26FEB18JACFGCU,401807748
KXNCAAMBGAME-26FEB18JMUCCAR,401808675
KXNCAAMBGAME-26FEB18LIPBELL,401807749
KXNCAAMBGAME-26FEB18DAYGMU,401828433
KXNCAAMBGAME-26FEB18ETSUFUR,401809373
KXNCAAMBGAME-26FEB18WICHECU,401828234
KXNCAAMBGAME-26FEB18JVSTLT,401804934
KXNCAAMBGAME-26FEB18CLEMWAKE,401820753
KXNCAAMBGAME-26FEB18MTUSHSU,401804937
KXNCAAMBGAME-26FEB18ARKALA,401808244
KXNCAAMBGAME-26FEB18CREICONN,401822948
KXNCAAMBGAME-26FEB18RICHDAV,401828432
KXNCAAMBGAME-26FEB18UNIINST,401830307
KXNCAAMBGAME-26FEB18WKUDEL,401804936
KXNCAAMBGAME-26FEB18BRADVALP,401830224
KXNCAAMBGAME-26FEB18LCHIFOR,401828435
KXNCAAMBGAME-26FEB18MISSTXAM,401808248
KXNCAAMBGAME-26FEB18OKLATENN,401808247
KXNCAAMBGAME-26FEB18AMERBUCK,401828678
KXNCAAMBGAME-26FEB18UABTEM,401828232
KXNCAAMBGAME-26FEB18LASDUQ,401828434
KXNCAAMBGAME-26FEB18BUTGTWN,401822950
KXNCAAMBGAME-26FEB18ARMYLMD,401820206
KXNCAAMBGAME-26FEB18JOESSBON,401828436
KXNCAAMBGAME-26FEB18CLEVYSU,401817672
KXNCAAMBGAME-26FEB18LEHNAVY,401820174
KXNCAAMBGAME-26FEB18VMIWOF,401809375
KXNCAAMBGAME-26FEB18LAFHC,401824394
KXNCAAMBGAME-26FEB18RUTGPSU,401825526
KXNCAAMBGAME-26FEB17TTUASU,401827686
KXNCAAMBGAME-26FEB17NEBIOWA,401825520
KXNCAAMBGAME-26FEB17MINNORE,401825523
KXNCAAMBGAME-26FEB17LSUTEX,401808243
KXNCAAMBGAME-26FEB17GCSDSU,401823782
KXNCAAMBGAME-26FEB17NEVSJSU,401829318
KXNCAAMBGAME-26FEB17UGAUK,401808245
KXNCAAMBGAME-26FEB17AFAUNM,401820571
KXNCAAMBGAME-26FEB17VTMIA,401820751
KXNCAAMBGAME-26FEB17BAYKSU,401827688
KXNCAAMBGAME-26FEB17SEMOUTM,401806491
KXNCAAMBGAME-26FEB17WISOSU,401825522
KXNCAAMBGAME-26FEB17FRESWYO,401828933
KXNCAAMBGAME-26FEB17GWVCU,401828430
KXNCAAMBGAME-26FEB17UCLAMSU,401825521
KXNCAAMBGAME-26FEB17KENTBGSU,401814571
KXNCAAMBGAME-26FEB17SLUURI,401828431
KXNCAAMBGAME-26FEB17TCUUCF,401827687
KXNCAAMBGAME-26FEB17BALLOHIO,401814569
KXNCAAMBGAME-26FEB17MICHPUR,401825524
KXNCAAMBGAME-26FEB17MOHMASS,401814572
KXNCAAMBGAME-26FEB17UNCNCST,401820752
KXNCAAMBGAME-26FEB17LOUSMU,401820749
KXNCAAMBGAME-26FEB17AKRWMU,401814568
KXNCAAMBGAME-26FEB17CMUEMU,401814570
KXNCAAMBGAME-26FEB17SCARFLA,401808241
KXNCAAMBGAME-26FEB17VILLXAV,401822947
KXNCAAMBGAME-26FEB17NIUBUFF,401814573
KXNCAAMBGAME-26FEB17BCFSU,401820748
KXNCAAMBGAME-26FEB17WEBBCHSO,401823930
KXNCAAMBGAME-26FEB16ACTARL,401858742
KXNCAAMBGAME-26FEB16HOUISU,401820819
KXNCAAMBGAME-26FEB16ARPBAAMU,401827147
KXNCAAMBGAME-26FEB16FAMUALCN,401829690
KXNCAAMBGAME-26FEB16SOUTXSO,401827033
KXNCAAMBGAME-26FEB16NICHHCU,401808930
KXNCAAMBGAME-26FEB16SFAAMCC,401808973
KXNCAAMBGAME-26FEB16DREXSTON,401812070
KXNCAAMBGAME-26FEB16LAMUTRGV,401808983
KXNCAAMBGAME-26FEB16MCNSNWST,401808885
KXNCAAMBGAME-26FEB16UNOIW,401808914
KXNCAAMBGAME-26FEB16MVSUALST,401827167
KXNCAAMBGAME-26FEB16COOKJKST,401827123
KXNCAAMBGAME-26FEB16MORGNCCU,401828694
KXNCAAMBGAME-26FEB16NORFUMES,401823053
KXNCAAMBGAME-26FEB16GRAMPV,401827077
KXNCAAMBGAME-26FEB16HOWDSU,401830242
KXNCAAMBGAME-26FEB16WAGLIU,401859836
KXNCAAMBGAME-26FEB16SYRDUKE,401820747
KXNCAAMBGAME-26FEB16COLGBU,401824374
KXNCAAMBGAME-26FEB16ULLODU,401808640
KXNCAAMBGAME-26FEB16COPPSCST,401822776
KXNCAAMBGAME-26FEB16SELAETAM,401808719
KXNCAAMBGAME-26FEB15ORSTSEA,401829247
KXNCAAMBGAME-26FEB15BELMURR,401830214
KXNCAAMBGAME-26FEB15TOWSMONM,401812067
KXNCAAMBGAME-26FEB15HALLBUT,401822946
KXNCAAMBGAME-26FEB15SFUSD,401829249
KXNCAAMBGAME-26FEB15COFCCAMP,401812069
KXNCAAMBGAME-26FEB15EKYUNA,401807740
KXNCAAMBGAME-26FEB15DAVDAY,401828429
KXNCAAMBGAME-26FEB15DRKEUNI,401830303
KXNCAAMBGAME-26FEB15GBMILW,401817666
KXNCAAMBGAME-26FEB15USFFAU,401828230
KXNCAAMBGAME-26FEB15ILSTUIC,401830302
KXNCAAMBGAME-26FEB15SIEMRST,401813342
KXNCAAMBGAME-26FEB15WRSTCLEV,401817669
KXNCAAMBGAME-26FEB15IONANIAG,401813392
KXNCAAMBGAME-26FEB15INSTVALP,401830304
KXNCAAMBGAME-26FEB15FAIRSPC,401823319
KXNCAAMBGAME-26FEB15BRADSIU,401830225
KXNCAAMBGAME-26FEB15UNTTEM,401828231
KXNCAAMBGAME-26FEB15RIDSHU,401823755
KXNCAAMBGAME-26FEB15IUINPFW,401817667
KXNCAAMBGAME-26FEB15TULNUAB,401828228
KXNCAAMBGAME-26FEB15MRMKQUIN,401820592
KXNCAAMBGAME-26FEB15OAKRMU,401817670
KXNCAAMBGAME-26FEB15MANCAN,401813317
KXNCAAMBGAME-26FEB15YSUDET,401817668
KXNCAAMBGAME-26FEB15INDILL,401825518
KXNCAAMBGAME-26FEB15UTSACHAR,401828229
KXNCAAMBGAME-26FEB15DENNEOM,401818423
KXNCAAMBGAME-26FEB15HCLMD,401820205
KXNCAAMBGAME-26FEB15MDRUTG,401825519
KXNCAAMBGAME-26FEB15UTAHCIN,401827685
KXNCAAMBGAME-26FEB14GONZSCU,401829245
KXNCAAMBGAME-26FEB14NEVSDSU,401823781
KXNCAAMBGAME-26FEB14SMCPAC,401829248
KXNCAAMBGAME-26FEB14CSFUCI,401809117
KXNCAAMBGAME-26FEB14UCRVUCSD,401809099
KXNCAAMBGAME-26FEB14MTSTMONT,401808508
KXNCAAMBGAME-26FEB14TEXMIZZ,401808236
KXNCAAMBGAME-26FEB14AUBARK,401808233
KXNCAAMBGAME-26FEB14MINNWASH,401825517
KXNCAAMBGAME-26FEB14SCARALA,401808240
KXNCAAMBGAME-26FEB14CBUUTU,401805198
KXNCAAMBGAME-26FEB14TROYUSM,401808673
KXNCAAMBGAME-26FEB14MRSHGASO,401808671
KXNCAAMBGAME-26FEB14GTWNCONN,401822942
KXNCAAMBGAME-26FEB14MEMUSU,401826802
KXNCAAMBGAME-26FEB14UVAOSU,401817516
KXNCAAMBGAME-26FEB14MTUWKU,401804931
KXNCAAMBGAME-26FEB14SDSTORU,401818421
KXNCAAMBGAME-26FEB14USTUMKC,401818422
KXNCAAMBGAME-26FEB14HAWCSN,401809147
KXNCAAMBGAME-26FEB14SACNAU,401808529
KXNCAAMBGAME-26FEB14UCSBCP,401809162
KXNCAAMBGAME-26FEB14TLSAWICH,401828227
KXNCAAMBGAME-26FEB14WVUUCF,401827684
KXNCAAMBGAME-26FEB14TTUARIZ,401827679
KXNCAAMBGAME-26FEB14MSSTMISS,401808235
KXNCAAMBGAME-26FEB14VCURICH,401828428
KXNCAAMBGAME-26FEB14YALEHARV,401812621
KXNCAAMBGAME-26FEB14DSUNORF,401828730
KXNCAAMBGAME-26FEB14BRWNDART,401818562
KXNCAAMBGAME-26FEB14SOUPV,401827032
KXNCAAMBGAME-26FEB14CORPENN,401812594
KXNCAAMBGAME-26FEB14CLMBPRIN,401818544
KXNCAAMBGAME-26FEB14LSUTENN,401808237
KXNCAAMBGAME-26FEB14SFAUTRGV,401808972
KXNCAAMBGAME-26FEB14BELLPEAY,401807739
KXNCAAMBGAME-26FEB14MCNSETAM,401808718
KXNCAAMBGAME-26FEB14LEHLAF,401829418
KXNCAAMBGAME-26FEB14MVSUAAMU,401827206
KXNCAAMBGAME-26FEB14GRAMTXSO,401827104
KXNCAAMBGAME-26FEB14SEMOLINW,401806487
KXNCAAMBGAME-26FEB14COLOBYU,401827680
KXNCAAMBGAME-26FEB14SHSUKENN,401804929
KXNCAAMBGAME-26FEB14WCUCHAT,401809368
KXNCAAMBGAME-26FEB14NIUCMU,401814564
KXNCAAMBGAME-26FEB14WOFUNCG,401809371
KXNCAAMBGAME-26FEB14AFAFRES,401820570
KXNCAAMBGAME-26FEB14WEBEWU,401808465
KXNCAAMBGAME-26FEB14TOLBGSU,401814566
KXNCAAMBGAME-26FEB14LMUPEPP,401829246
KXNCAAMBGAME-26FEB14PURIOWA,401825513
KXNCAAMBGAME-26FEB14UMESHOW,401823052
KXNCAAMBGAME-26FEB14LBSUUCD,401809134
KXNCAAMBGAME-26FEB14GCSJSU,401823802
KXNCAAMBGAME-26FEB14NMSUJVST,401804928
KXNCAAMBGAME-26FEB14TNTCUSI,401806490
KXNCAAMBGAME-26FEB14IDSTIDHO,401808482
KXNCAAMBGAME-26FEB14NICHIW,401808929
KXNCAAMBGAME-26FEB14COPPNCCU,401822775
KXNCAAMBGAME-26FEB14LAMAMCC,401820493
KXNCAAMBGAME-26FEB14UNOHCU,401808913
KXNCAAMBGAME-26FEB14TARLAC,401805196
KXNCAAMBGAME-26FEB14LOUBAY,401817250
KXNCAAMBGAME-26FEB14UTMSIUE,401806489
KXNCAAMBGAME-26FEB14ARPBALST,401827166
KXNCAAMBGAME-26FEB14SELANWST,401808943
KXNCAAMBGAME-26FEB14KSUHOU,401827681
KXNCAAMBGAME-26FEB14UALREIU,401806486
KXNCAAMBGAME-26FEB14LIPQUC,401807741
KXNCAAMBGAME-26FEB14DUQSBON,401828426
KXNCAAMBGAME-26FEB14STANWAKE,401820746
KXNCAAMBGAME-26FEB14MIANCST,401820741
KXNCAAMBGAME-26FEB14UKFLA,401808234
KXNCAAMBGAME-26FEB14ALBYBING,401812154
KXNCAAMBGAME-26FEB14HOFUNCW,401812066
KXNCAAMBGAME-26FEB14COOKALCN,401827122
KXNCAAMBGAME-26FEB14WYOCSU,401830826
KXNCAAMBGAME-26FEB14APPJMU,401808669
KXNCAAMBGAME-26FEB14PRSTUNCO,401808536
KXNCAAMBGAME-26FEB14VILLCREI,401822944
KXNCAAMBGAME-26FEB14UNFJAC,401807742
KXNCAAMBGAME-26FEB14GASTODU,401808670
KXNCAAMBGAME-26FEB14PSUORE,401825516
KXNCAAMBGAME-26FEB14TNSTMORE,401806488
KXNCAAMBGAME-26FEB14FAMUJKST,401828667
KXNCAAMBGAME-26FEB14SCUSLONG,401823949
KXNCAAMBGAME-26FEB14UGAOKLA,401808239
KXNCAAMBGAME-26FEB14USAARST,401808672
KXNCAAMBGAME-26FEB14SUUUTA,401805197
KXNCAAMBGAME-26FEB14NJITME,401812157
KXNCAAMBGAME-26FEB14MARQXAV,401822945
KXNCAAMBGAME-26FEB14CHSORAD,401823946
KXNCAAMBGAME-26FEB14DELMOSU,401804933
KXNCAAMBGAME-26FEB14FSUVT,401820745
KXNCAAMBGAME-26FEB14ULMTXST,401808674
KXNCAAMBGAME-26FEB14KENTBALL,401814562
KXNCAAMBGAME-26FEB14STETFGCU,401807743
KXNCAAMBGAME-26FEB14CCSUFDU,401812328
KXNCAAMBGAME-26FEB14BRYUVM,401812155
KXNCAAMBGAME-26FEB14ELONWM,401812068
KXNCAAMBGAME-26FEB14HPWEBB,401823947
KXNCAAMBGAME-26FEB14WAGSTNH,401812408
KXNCAAMBGAME-26FEB14ECURICE,401828226
KXNCAAMBGAME-26FEB14ARMYAMER,401826823
KXNCAAMBGAME-26FEB14LIBUTEP,401804932
KXNCAAMBGAME-26FEB14WMUEMU,401814567
KXNCAAMBGAME-26FEB14PREUNCA,401823948
KXNCAAMBGAME-26FEB14NDSUUND,401818420
KXNCAAMBGAME-26FEB14MHUSFPA,401812397
KXNCAAMBGAME-26FEB14SMUSYR,401820744
KXNCAAMBGAME-26FEB14UWGACARK,401807744
KXNCAAMBGAME-26FEB14LTFIU,401804930
KXNCAAMBGAME-26FEB14PITTUNC,401820742
KXNCAAMBGAME-26FEB14SJUPROV,401822943
KXNCAAMBGAME-26FEB14BUCKBU,401824373
KXNCAAMBGAME-26FEB14TCUOKST,401827683
KXNCAAMBGAME-26FEB14TXAMVAN,401808238
KXNCAAMBGAME-26FEB14LIUNHC,401812375
KXNCAAMBGAME-26FEB14UCLAMICH,401825514
KXNCAAMBGAME-26FEB14KUISU,401827682
KXNCAAMBGAME-26FEB14MERCIT,401809370
KXNCAAMBGAME-26FEB14FURVMI,401809372
KXNCAAMBGAME-26FEB14NAVYCOLG,401820173
KXNCAAMBGAME-26FEB14UMBCUNH,401812156
KXNCAAMBGAME-26FEB14CLEMDUKE,401820740
KXNCAAMBGAME-26FEB14GTND,401820743
KXNCAAMBGAME-26FEB14FORURI,401828427
KXNCAAMBGAME-26FEB14CALBC,401820739
KXNCAAMBGAME-26FEB14SAMETSU,401809369
KXNCAAMBGAME-26FEB13NCATHAMP,401812065
KXNCAAMBGAME-26FEB13UNLVBSU,401823829
KXNCAAMBGAME-26FEB13MASSAKR,401814563
KXNCAAMBGAME-26FEB13OHIOMOH,401814565
KXNCAAMBGAME-26FEB13SLULCHI,401828425
KXNCAAMBGAME-26FEB13MSUWIS,401825512
KXNCAAMBGAME-26FEB13BRWNHARV,401812620
KXNCAAMBGAME-26FEB13GMUGW,401828424
KXNCAAMBGAME-26FEB13SPCSHU,401823754
KXNCAAMBGAME-26FEB13IONACAN,401813368
KXNCAAMBGAME-26FEB13CORPRIN,401826867
KXNCAAMBGAME-26FEB13CLMBPENN,401812593
KXNCAAMBGAME-26FEB13QUINSIE,401813429
KXNCAAMBGAME-26FEB13YALEDART,401818334
KXNCAAMBGAME-26FEB13MSMRID,401813417
KXNCAAMBGAME-26FEB13MANNIAG,401813316
KXNCAAMBGAME-26FEB12CSFLBSU,401823184
KXNCAAMBGAME-26FEB12UCSBUCRV,401826048
KXNCAAMBGAME-26FEB12UCICP,401809116
KXNCAAMBGAME-26FEB12ORSTSF,401829240
KXNCAAMBGAME-26FEB12UNIBEL,401830213
KXNCAAMBGAME-26FEB12LTMOSU,401804925
KXNCAAMBGAME-26FEB12TNSTUSI,401806485
KXNCAAMBGAME-26FEB12UCDUCSD,401809098
KXNCAAMBGAME-26FEB12UTAAC,401805193
KXNCAAMBGAME-26FEB12HAWCSB,401809146
KXNCAAMBGAME-26FEB12MEMUNT,401828225
KXNCAAMBGAME-26FEB12IDSTEWU,401808464
KXNCAAMBGAME-26FEB12WEBIDHO,401808481
KXNCAAMBGAME-26FEB12UVUUTU,401805194
KXNCAAMBGAME-26FEB12USAUSM,401808668
KXNCAAMBGAME-26FEB12SDSTDEN,401818417
KXNCAAMBGAME-26FEB12CBUSUU,401805195
KXNCAAMBGAME-26FEB12UALRWIU,401806482
KXNCAAMBGAME-26FEB12HOFCOFC,401812063
KXNCAAMBGAME-26FEB12CCARULL,401808667
KXNCAAMBGAME-26FEB12ELONUNCW,401812060
KXNCAAMBGAME-26FEB12SEMOSIUE,401806484
KXNCAAMBGAME-26FEB12TNTCMORE,401806483
KXNCAAMBGAME-26FEB12UTMLINW,401806481
KXNCAAMBGAME-26FEB12MONMDREX,401812062
KXNCAAMBGAME-26FEB12MURRINST,401830299
KXNCAAMBGAME-26FEB12USTNEOM,401818418
KXNCAAMBGAME-26FEB12UMKCORU,401818419
KXNCAAMBGAME-26FEB12SACUNCO,401808535
KXNCAAMBGAME-26FEB12PRSTNAU,401808528
KXNCAAMBGAME-26FEB12EVANSIU,401830300
KXNCAAMBGAME-26FEB12VALPILST,401830301
KXNCAAMBGAME-26FEB12HPSCUS,401823942
KXNCAAMBGAME-26FEB12UICDRKE,401830298
KXNCAAMBGAME-26FEB12STONTOWS,401812064
KXNCAAMBGAME-26FEB12UNCALONG,401823944
KXNCAAMBGAME-26FEB12PRECHSO,401823943
KXNCAAMBGAME-26FEB12MRSTMRMK,401827490
KXNCAAMBGAME-26FEB12RMUCLEV,401817665
KXNCAAMBGAME-26FEB12SFPAFDU,401812327
KXNCAAMBGAME-26FEB12YSUOAK,401817664
KXNCAAMBGAME-26FEB12WMNE,401812061
KXNCAAMBGAME-26FEB12DELFIU,401804927
KXNCAAMBGAME-26FEB12LIUWAG,401812374
KXNCAAMBGAME-26FEB12MHULMC,401812345
KXNCAAMBGAME-26FEB12PFWGB,401817661
KXNCAAMBGAME-26FEB12CCSUNHC,401812656
KXNCAAMBGAME-26FEB12DETWRST,401817663
KXNCAAMBGAME-26FEB12WINWEBB,401823945
KXNCAAMBGAME-26FEB12GASTJMU,401808666
KXNCAAMBGAME-26FEB12MTUKENN,401804926
KXNCAAMBGAME-26FEB12STNHCHS,401812407
KXNCAAMBGAME-26FEB12NKUIUIN,401817662
KXNCAAMBGAME-26FEB12UVMBING,401812153
KXNCAAMBGAME-26FEB12UMBCME,401812151
KXNCAAMBGAME-26FEB12NJITUNH,401812152
KXNCAAMBGAME-26FEB12BRYMASSL,401812150
KXNCAAMBGAME-26FEB11BELLCARK,401807735
KXNCAAMBGAME-26FEB11PSUWASH,401825511
KXNCAAMBGAME-26FEB11SEASCU,401829243
KXNCAAMBGAME-26FEB11UNMGC,401823801
KXNCAAMBGAME-26FEB11LMUPAC,401829239
KXNCAAMBGAME-26FEB11PEPPSMC,401829241
KXNCAAMBGAME-26FEB11PORTUSD,401829242
KXNCAAMBGAME-26FEB11STANBC,401820732
KXNCAAMBGAME-26FEB11MIZZTXAM,401808228
KXNCAAMBGAME-26FEB11CREIDEP,401822939
KXNCAAMBGAME-26FEB11WAKEGT,401820735
KXNCAAMBGAME-26FEB11FAURICE,401828222
KXNCAAMBGAME-26FEB11CINKSU,401827677
KXNCAAMBGAME-26FEB11LIBNMSU,401804924
KXNCAAMBGAME-26FEB11MICHNW,401825509
KXNCAAMBGAME-26FEB11TENNMSST,401808232
KXNCAAMBGAME-26FEB11TEMTULN,401828224
KXNCAAMBGAME-26FEB11APPGASO,401808662
KXNCAAMBGAME-26FEB11COLOTTU,401827678
KXNCAAMBGAME-26FEB11MRSHODU,401808663
KXNCAAMBGAME-26FEB11TROYTXST,401808665
KXNCAAMBGAME-26FEB11BGSUNIU,401814558
KXNCAAMBGAME-26FEB11ULMARST,401808664
KXNCAAMBGAME-26FEB11CALSYR,401820738
KXNCAAMBGAME-26FEB11TOLWMU,401814561
KXNCAAMBGAME-26FEB11EKYLIP,401807734
KXNCAAMBGAME-26FEB11UNDSDAK,401818416
KXNCAAMBGAME-26FEB11PROVHALL,401822941
KXNCAAMBGAME-26FEB11USFWICH,401828223
KXNCAAMBGAME-26FEB11UABTLSA,401828220
KXNCAAMBGAME-26FEB11AMERLEH,401828677
KXNCAAMBGAME-26FEB11UTSAECU,401828221
KXNCAAMBGAME-26FEB11CONNBUT,401822940
KXNCAAMBGAME-26FEB11FURMER,401809364
KXNCAAMBGAME-26FEB11JACSTET,401807736
KXNCAAMBGAME-26FEB11PEAYQUC,401807733
KXNCAAMBGAME-26FEB11VTCLEM,401820733
KXNCAAMBGAME-26FEB11FLAUGA,401808230
KXNCAAMBGAME-26FEB11EMUKENT,401814560
KXNCAAMBGAME-26FEB11VMIUNCG,401809366
KXNCAAMBGAME-26FEB11ALAMISS,401808227
KXNCAAMBGAME-26FEB11BUFFBALL,401814559
KXNCAAMBGAME-26FEB11UNFFGCU,401807737
KXNCAAMBGAME-26FEB11UTEPJVST,401804923
KXNCAAMBGAME-26FEB11CHATETSU,401809363
KXNCAAMBGAME-26FEB11USCOSU,401825510
KXNCAAMBGAME-26FEB11VCULAS,401828423
KXNCAAMBGAME-26FEB11LMDLAF,401820204
KXNCAAMBGAME-26FEB11UWGAUNA,401807738
KXNCAAMBGAME-26FEB11WOFSAM,401809365
KXNCAAMBGAME-26FEB11IOWAMD,401825508
KXNCAAMBGAME-26FEB11COLGHC,401824393
KXNCAAMBGAME-26FEB11BUARMY,401824372
KXNCAAMBGAME-26FEB11CITWCU,401809367
KXNCAAMBGAME-26FEB10SJSUUNLV,401829332
KXNCAAMBGAME-26FEB10WSUGONZ,401829244
KXNCAAMBGAME-26FEB10OKSTASU,401827673
KXNCAAMBGAME-26FEB10FRESUSU,401828932
KXNCAAMBGAME-26FEB10HOUUTAH,401827676
KXNCAAMBGAME-26FEB10ISUTCU,401827675
KXNCAAMBGAME-26FEB10CSUAFA,401820569
KXNCAAMBGAME-26FEB10ARKLSU,401808231
KXNCAAMBGAME-26FEB10DUKEPITT,401820736
KXNCAAMBGAME-26FEB10UVAFSU,401820734
KXNCAAMBGAME-26FEB10EIUWIU,401806480
KXNCAAMBGAME-26FEB10WISILL,401825506
KXNCAAMBGAME-26FEB10BYUBAY,401827674
KXNCAAMBGAME-26FEB10MARQVILL,401822938
KXNCAAMBGAME-26FEB10GMURICH,401828421
KXNCAAMBGAME-26FEB10NDSMU,401820737
KXNCAAMBGAME-26FEB10VANAUB,401808229
KXNCAAMBGAME-26FEB10UNCMIA,401820731
KXNCAAMBGAME-26FEB10FORJOES,401828420
KXNCAAMBGAME-26FEB10URIGW,401828422
KXNCAAMBGAME-26FEB10PURNEB,401825507
KXNCAAMBGAME-26FEB10MILWIUIN,401817686
KXNCAAMBGAME-26FEB09UNIMURR,401830295
KXNCAAMBGAME-26FEB09ALSTSOU,401827031
KXNCAAMBGAME-26FEB09ALCNMVSU,401829689
KXNCAAMBGAME-26FEB09DSUNCCU,401858744
KXNCAAMBGAME-26FEB09ARIZKU,401820818
KXNCAAMBGAME-26FEB09AMCCUNO,401808912
KXNCAAMBGAME-26FEB09HCUMCNS,401808884
KXNCAAMBGAME-26FEB09OREIND,401825505
KXNCAAMBGAME-26FEB09BELBRAD,401830212
KXNCAAMBGAME-26FEB09CARKUNA,401807704
KXNCAAMBGAME-26FEB09AAMUGRAM,401827103
KXNCAAMBGAME-26FEB09IWSELA,401808963
KXNCAAMBGAME-26FEB09PVFAMU,401827076
KXNCAAMBGAME-26FEB09NWSTLAM,401808942
KXNCAAMBGAME-26FEB09YALEHOW,401818333
KXNCAAMBGAME-26FEB09TXSOCOOK,401827121
KXNCAAMBGAME-26FEB09UTRGVNICH,401808928
KXNCAAMBGAME-26FEB09UNCWCOFC,401812059
KXNCAAMBGAME-26FEB09ILSTEVAN,401830294
KXNCAAMBGAME-26FEB09ETAMSFA,401808717
KXNCAAMBGAME-26FEB09VALPDRKE,401830297
KXNCAAMBGAME-26FEB09XAVSJU,401822937
KXNCAAMBGAME-26FEB09SIUINST,401830296
KXNCAAMBGAME-26FEB09NCSTLOU,401820730
KXNCAAMBGAME-26FEB09JKSTARPB,401828666
KXNCAAMBGAME-26FEB09NAVYBUCK,401820172
KXNCAAMBGAME-26JAN29SFPACHS,401812394
KXNCAAMBGAME-26FEB08RICEUAB,401828216
KXNCAAMBGAME-26FEB08NWIOWA,401825501
KXNCAAMBGAME-26FEB08WICHTULN,401828219
KXNCAAMBGAME-26FEB08MDMINN,401825502
KXNCAAMBGAME-26FEB08UCFCIN,401827671
KXNCAAMBGAME-26FEB08CHARMEM,401828217
KXNCAAMBGAME-26FEB08TTUWVU,401827672
KXNCAAMBGAME-26FEB08MICHOSU,401825503
KXNCAAMBGAME-26FEB08UNCGFUR,401809359
KXNCAAMBGAME-26FEB08USCPSU,401825504
KXNCAAMBGAME-26FEB08TLSAUSF,401828218
KXNCAAMBGAME-26FEB08UCSDHAW,401809097
KXNCAAMBGAME-26FEB07SFSMC,401829236
KXNCAAMBGAME-26FEB07HOUBYU,401827666
KXNCAAMBGAME-26FEB07UCIUCSB,401809115
KXNCAAMBGAME-26FEB07WASHUCLA,401825500
KXNCAAMBGAME-26FEB07BSUUNM,401823828
KXNCAAMBGAME-26FEB07PRSTSAC,401808539
KXNCAAMBGAME-26FEB07FRESNEV,401828931
KXNCAAMBGAME-26FEB07ASUCOLO,401827667
KXNCAAMBGAME-26FEB07NMSUUTEP,401804917
KXNCAAMBGAME-26FEB07SJSUCSU,401829331
KXNCAAMBGAME-26FEB07TENNUK,401808220
KXNCAAMBGAME-26FEB07NAUWEB,401808527
KXNCAAMBGAME-26FEB07USDLMU,401829235
KXNCAAMBGAME-26FEB07FLATXAM,401808224
KXNCAAMBGAME-26FEB07CLEMCAL,401820722
KXNCAAMBGAME-26FEB07ILLMSU,401830778
KXNCAAMBGAME-26FEB07SEAPORT,401829238
KXNCAAMBGAME-26FEB07SDSUAFA,401820568
KXNCAAMBGAME-26FEB07ACCBU,401805190
KXNCAAMBGAME-26FEB07TARLSUU,401805191
KXNCAAMBGAME-26FEB07USUWYO,401829338
KXNCAAMBGAME-26FEB07ORUUST,401818414
KXNCAAMBGAME-26FEB07GTSTAN,401820727
KXNCAAMBGAME-26FEB07KENNJVST,401804919
KXNCAAMBGAME-26FEB07PACPEPP,401829234
KXNCAAMBGAME-26FEB07EWUMTST,401808463
KXNCAAMBGAME-26FEB07TXSOFAMU,401829502
KXNCAAMBGAME-26FEB07MASSLALBY,401812148
KXNCAAMBGAME-26FEB07RADHP,401823941
KXNCAAMBGAME-26FEB07PFWWRST,401817657
KXNCAAMBGAME-26FEB07MRMKRID,401823855
KXNCAAMBGAME-26FEB07CSBCSF,401823183
KXNCAAMBGAME-26FEB07JKSTMVSU,401827146
KXNCAAMBGAME-26FEB07MRSTFAIR,401813340
KXNCAAMBGAME-26FEB07MSMIONA,401813416
KXNCAAMBGAME-26FEB07OHIOODU,401845844
KXNCAAMBGAME-26FEB07DUKEUNC,401820724
KXNCAAMBGAME-26FEB07IDHOMONT,401808480
KXNCAAMBGAME-26FEB07UGALSU,401808221
KXNCAAMBGAME-26FEB07SCSTHOW,401829288
KXNCAAMBGAME-26FEB07ALCNARPB,401829688
KXNCAAMBGAME-26FEB07AAMUSOU,401827030
KXNCAAMBGAME-26FEB07PVCOOK,401827075
KXNCAAMBGAME-26FEB07GONZORST,401829233
KXNCAAMBGAME-26FEB07HALLCREI,401822933
KXNCAAMBGAME-26FEB07AKRTROY,401845848
KXNCAAMBGAME-26FEB07NWSTETAM,401808716
KXNCAAMBGAME-26FEB07MERSAM,401809360
KXNCAAMBGAME-26FEB07UTRGVUNO,401808911
KXNCAAMBGAME-26FEB07SCUWSU,401829237
KXNCAAMBGAME-26FEB07SDAKSDST,401818412
KXNCAAMBGAME-26FEB07ALSTGRAM,401827102
KXNCAAMBGAME-26FEB07LAMSFA,401808971
KXNCAAMBGAME-26FEB07UNCOIDST,401808496
KXNCAAMBGAME-26FEB07UNAPEAY,401807730
KXNCAAMBGAME-26FEB07NCCUNORF,401828729
KXNCAAMBGAME-26FEB07DSUCOPP,401822774
KXNCAAMBGAME-26FEB07HARVDART,401812619
KXNCAAMBGAME-26FEB07FSUND,401820725
KXNCAAMBGAME-26FEB07STETEKY,401807732
KXNCAAMBGAME-26FEB07MILWNKU,401817656
KXNCAAMBGAME-26FEB07USISEMO,401806478
KXNCAAMBGAME-26FEB07GCUNLV,401823800
KXNCAAMBGAME-26FEB07ALAAUB,401808219
KXNCAAMBGAME-26FEB07CARKLIP,401807727
KXNCAAMBGAME-26FEB07CPUCD,401809133
KXNCAAMBGAME-26FEB07IWMCNS,401808883
KXNCAAMBGAME-26FEB07UMESMORG,401823051
KXNCAAMBGAME-26FEB07COLGBUCK,401829399
KXNCAAMBGAME-26FEB07AMCCNICH,401808927
KXNCAAMBGAME-26FEB07EIUTNTC,401806475
KXNCAAMBGAME-26FEB07BUFFUSA,401845845
KXNCAAMBGAME-26FEB07RMUYSU,401817660
KXNCAAMBGAME-26FEB07WIUTNST,401806479
KXNCAAMBGAME-26FEB07MOREUTM,401806477
KXNCAAMBGAME-26FEB07SIUEUALR,401806476
KXNCAAMBGAME-26FEB07HCUSELA,401808962
KXNCAAMBGAME-26FEB07UTAUVU,401805192
KXNCAAMBGAME-26FEB07OKLAVAN,401808225
KXNCAAMBGAME-26FEB07MEBRY,401812147
KXNCAAMBGAME-26FEB07UNFQUC,401807731
KXNCAAMBGAME-26FEB07BINGNJIT,401812146
KXNCAAMBGAME-26FEB07OKSTARIZ,401827665
KXNCAAMBGAME-26FEB07STNHLIU,401812373
KXNCAAMBGAME-26FEB07WCUWOF,401809362
KXNCAAMBGAME-26FEB07UCRVCSN,401823267
KXNCAAMBGAME-26FEB07CMUULL,401845841
KXNCAAMBGAME-26FEB07TOLJMU,401845840
KXNCAAMBGAME-26FEB07JOESGMU,401828416
KXNCAAMBGAME-26FEB07AMERNAVY,401820171
KXNCAAMBGAME-26FEB07MOHMRSH,401845843
KXNCAAMBGAME-26FEB07TOWSHOF,401812056
KXNCAAMBGAME-26FEB07MHUFDU,401812326
KXNCAAMBGAME-26FEB07DEPPROV,401822936
KXNCAAMBGAME-26FEB07NESTON,401812054
KXNCAAMBGAME-26FEB07SIESPC,401813428
KXNCAAMBGAME-26FEB07CITCHAT,401809358
KXNCAAMBGAME-26FEB07LONGWIN,401823940
KXNCAAMBGAME-26FEB07WEBBPRE,401823939
KXNCAAMBGAME-26FEB07CORCLMB,401818543
KXNCAAMBGAME-26FEB07JACUWGA,401807729
KXNCAAMBGAME-26FEB07SHUMAN,401813306
KXNCAAMBGAME-26FEB07PRINPENN,401812592
KXNCAAMBGAME-26FEB07NIAGQUIN,401813391
KXNCAAMBGAME-26FEB07DETGB,401817658
KXNCAAMBGAME-26FEB07WMHAMP,401812057
KXNCAAMBGAME-26FEB07MIABC,401820721
KXNCAAMBGAME-26FEB07FIUWKU,401804921
KXNCAAMBGAME-26FEB07KENTUSM,401845846
KXNCAAMBGAME-26FEB07SHSULT,401804918
KXNCAAMBGAME-26FEB07CHSOSCUS,401823938
KXNCAAMBGAME-26FEB07BGSUARST,401845837
KXNCAAMBGAME-26FEB07LASSLU,401828418
KXNCAAMBGAME-26FEB07WMUTXST,401845847
KXNCAAMBGAME-26FEB07FGCUBELL,401807728
KXNCAAMBGAME-26FEB07MISSTEX,401808226
KXNCAAMBGAME-26FEB07BALLULM,401845842
KXNCAAMBGAME-26FEB07CLEVIUIN,401817659
KXNCAAMBGAME-26FEB07UTAHKU,401827669
KXNCAAMBGAME-26FEB07KSUTCU,401827670
KXNCAAMBGAME-26FEB07RICHURI,401828419
KXNCAAMBGAME-26FEB07CAMPNCAT,401812058
KXNCAAMBGAME-26FEB07GWDUQ,401828417
KXNCAAMBGAME-26FEB07LEHHC,401824392
KXNCAAMBGAME-26FEB07SMUPITT,401820726
KXNCAAMBGAME-26FEB07BAYISU,401827668
KXNCAAMBGAME-26FEB07DENUND,401818415
KXNCAAMBGAME-26FEB07MOSULIB,401804922
KXNCAAMBGAME-26FEB07NIUGAST,401845839
KXNCAAMBGAME-26FEB07UNTUTSA,401828215
KXNCAAMBGAME-26FEB07BUTMARQ,401822935
KXNCAAMBGAME-26FEB07SFPALMC,401812344
KXNCAAMBGAME-26FEB07SBONFOR,401828415
KXNCAAMBGAME-26FEB07MASSCCAR,401845838
KXNCAAMBGAME-26FEB07NEOMNDSU,401818413
KXNCAAMBGAME-26FEB07OREPUR,401825498
KXNCAAMBGAME-26FEB07UNHUVM,401812149
KXNCAAMBGAME-26FEB07LMDBU,401820203
KXNCAAMBGAME-26FEB07MIZZSCAR,401808223
KXNCAAMBGAME-26FEB07WAGCCSU,401812415
KXNCAAMBGAME-26FEB07MTUDEL,401804920
KXNCAAMBGAME-26FEB07EMUAPP,401845836
KXNCAAMBGAME-26FEB07NEBRUTG,401825499
KXNCAAMBGAME-26FEB07ETSUVMI,401809361
KXNCAAMBGAME-26FEB07VTNCST,401820723
KXNCAAMBGAME-26FEB07WISIND,401825497
KXNCAAMBGAME-26FEB07CHSNHC,401822349
KXNCAAMBGAME-26FEB07TEMECU,401828214
KXNCAAMBGAME-26FEB07DREXELON,401812055
KXNCAAMBGAME-26FEB07VILLGTWN,401822934
KXNCAAMBGAME-26FEB07LOUWAKE,401820729
KXNCAAMBGAME-26FEB07LAFARMY,401826822
KXNCAAMBGAME-26FEB07SYRUVA,401820728
KXNCAAMBGAME-26FEB07ARKMSST,401808222
KXNCAAMBGAME-26FEB06BELUIC,401830211
KXNCAAMBGAME-26FEB06DRKEILST,401830291
KXNCAAMBGAME-26FEB06MURRSIU,401830292
KXNCAAMBGAME-26FEB06CONNSJU,401822932
KXNCAAMBGAME-26FEB06EVANVALP,401830293
KXNCAAMBGAME-26FEB06BRADUNI,401830226
KXNCAAMBGAME-26FEB06DAYVCU,401828414
KXNCAAMBGAME-26FEB06BRWNYALE,401818312
KXNCAAMBGAME-26FEB06LCHIDAV,401828413
KXNCAAMBGAME-26FEB05CSNCP,401809161
KXNCAAMBGAME-26FEB05CSBUCI,401809114
KXNCAAMBGAME-26FEB05UCRVCSF,401823182
KXNCAAMBGAME-26FEB05TARLCBU,401805188
KXNCAAMBGAME-26FEB05LBSUUCSD,401809096
KXNCAAMBGAME-26FEB05IDHOMTST,401808479
KXNCAAMBGAME-26FEB05UCSBUCD,401809132
KXNCAAMBGAME-26FEB05JVSTWKU,401804914
KXNCAAMBGAME-26FEB05MEMUAB,401828213
KXNCAAMBGAME-26FEB05UTAUTU,401805189
KXNCAAMBGAME-26FEB05EWUMONT,401808462
KXNCAAMBGAME-26FEB05NAUIDST,401808495
KXNCAAMBGAME-26FEB05UNCOWEB,401808534
KXNCAAMBGAME-26FEB05USIUTM,401806473
KXNCAAMBGAME-26FEB05MORESEMO,401806472
KXNCAAMBGAME-26FEB05ACUVU,401805187
KXNCAAMBGAME-26FEB05LINWUALR,401806471
KXNCAAMBGAME-26FEB05EIUTNST,401806470
KXNCAAMBGAME-26FEB05OSUMD,401825495
KXNCAAMBGAME-26FEB05NEOMUND,401818410
KXNCAAMBGAME-26FEB05DENNDSU,401818411
KXNCAAMBGAME-26FEB05WIUTNTC,401806474
KXNCAAMBGAME-26FEB05RIDMRST,401813339
KXNCAAMBGAME-26FEB05CITSAM,401809357
KXNCAAMBGAME-26FEB05MERCHAT,401809356
KXNCAAMBGAME-26FEB05FGCUEKY,401807721
KXNCAAMBGAME-26FEB05FAIRSHU,401823318
KXNCAAMBGAME-26FEB05STETBELL,401807726
KXNCAAMBGAME-26FEB05MRMKMSM,401813415
KXNCAAMBGAME-26FEB05ELONHAMP,401812048
KXNCAAMBGAME-26FEB05UNFUWGA,401807725
KXNCAAMBGAME-26FEB05WVUCIN,401827664
KXNCAAMBGAME-26FEB05SFPAMHU,401812396
KXNCAAMBGAME-26FEB05IONASIE,401813427
KXNCAAMBGAME-26FEB05STNHFDU,401812325
KXNCAAMBGAME-26FEB05JACQUC,401807722
KXNCAAMBGAME-26FEB05CHSCCSU,401812655
KXNCAAMBGAME-26FEB05CANQUIN,401813367
KXNCAAMBGAME-26FEB05LMCWAG,401812343
KXNCAAMBGAME-26FEB05DREXCAMP,401812051
KXNCAAMBGAME-26FEB05NHCLIU,401812372
KXNCAAMBGAME-26FEB05WMUNCW,401812050
KXNCAAMBGAME-26FEB05SPCMAN,401813305
KXNCAAMBGAME-26FEB05MASSLNJIT,401812144
KXNCAAMBGAME-26FEB05MONMSTON,401812052
KXNCAAMBGAME-26FEB05NEHOF,401812053
KXNCAAMBGAME-26FEB05NCATCOFC,401812049
KXNCAAMBGAME-26FEB05ALBYBRY,401812142
KXNCAAMBGAME-26FEB05PSUMICH,401825496
KXNCAAMBGAME-26FEB05UVMME,401812145
KXNCAAMBGAME-26FEB05BINGUMBC,401812143
KXNCAAMBGAME-26FEB04USUUNM,401829337
KXNCAAMBGAME-26FEB04WSUORST,401829232
KXNCAAMBGAME-26FEB04IOWAWASH,401825494
KXNCAAMBGAME-26FEB04LMUSF,401829228
KXNCAAMBGAME-26FEB04PEPPSEA,401829229
KXNCAAMBGAME-26FEB04CLEMSTAN,401820720
KXNCAAMBGAME-26FEB04GONZPORT,401829227
KXNCAAMBGAME-26FEB04SCUPAC,401829231
KXNCAAMBGAME-26FEB04USDSMC,401829230
KXNCAAMBGAME-26FEB04BYUOKST,401827662
KXNCAAMBGAME-26FEB04OKLAUK,401808216
KXNCAAMBGAME-26FEB04ASUUTAH,401827663
KXNCAAMBGAME-26JAN24UMESSCST,401823048
KXNCAAMBGAME-26FEB04NWILL,401825492
KXNCAAMBGAME-26FEB04UNTRICE,401828211
KXNCAAMBGAME-26FEB04GTCAL,401820717
KXNCAAMBGAME-26FEB04SDAKUMKC,401818408
KXNCAAMBGAME-26FEB04COLOBAY,401827660
KXNCAAMBGAME-26FEB04LIPPEAY,401807723
KXNCAAMBGAME-26FEB04CREIGTWN,401822930
KXNCAAMBGAME-26FEB04FIUMTU,401804915
KXNCAAMBGAME-26FEB04BUTPROV,401822931
KXNCAAMBGAME-26FEB04DETMILW,401817653
KXNCAAMBGAME-26FEB04TXSTGASO,401808657
KXNCAAMBGAME-26FEB04ULMODU,401808661
KXNCAAMBGAME-26FEB04UTEPSHSU,401804913
KXNCAAMBGAME-26FEB04OAKCLEV,401817654
KXNCAAMBGAME-26FEB04USMMRSH,401808660
KXNCAAMBGAME-26FEB04TXAMALA,401808215
KXNCAAMBGAME-26FEB04GBNKU,401817651
KXNCAAMBGAME-26FEB04FURETSU,401809353
KXNCAAMBGAME-26JAN27ARPBGRAM,401827099
KXNCAAMBGAME-26FEB04DUQGMU,401828411
KXNCAAMBGAME-26FEB04LONGWEBB,401823935
KXNCAAMBGAME-26FEB04WRSTRMU,401817652
KXNCAAMBGAME-26FEB04NMSULT,401804912
KXNCAAMBGAME-26FEB04ARSTCCAR,401808656
KXNCAAMBGAME-26FEB04CHSOHP,401823934
KXNCAAMBGAME-26FEB04LEHLMD,401820202
KXNCAAMBGAME-26FEB04BUCKAMER,401828676
KXNCAAMBGAME-26FEB04CHARWICH,401828209
KXNCAAMBGAME-26FEB04ULLJMU,401808659
KXNCAAMBGAME-26FEB04ETAMNWST,401858697
KXNCAAMBGAME-26FEB04WINRAD,401823937
KXNCAAMBGAME-26FEB04UNACARK,401807724
KXNCAAMBGAME-26FEB04TROYGAST,401808658
KXNCAAMBGAME-26FEB04UCFHOU,401827661
KXNCAAMBGAME-26FEB04YSUPFW,401817655
KXNCAAMBGAME-26FEB04LIBDEL,401804916
KXNCAAMBGAME-26FEB04MSUMINN,401825493
KXNCAAMBGAME-26FEB04TLSAFAU,401828210
KXNCAAMBGAME-26FEB04GWJOES,401828412
KXNCAAMBGAME-26FEB04NDLOU,401820718
KXNCAAMBGAME-26FEB04ARMYCOLG,401826821
KXNCAAMBGAME-26FEB04UTSAUSF,401828212
KXNCAAMBGAME-26FEB04USTSDST,401818409
KXNCAAMBGAME-26FEB04NAVYLAF,401820170
KXNCAAMBGAME-26FEB04HALLVILL,401822929
KXNCAAMBGAME-26FEB04SCUSUNCA,401823936
KXNCAAMBGAME-26FEB04USAAPP,401808655
KXNCAAMBGAME-26FEB04WCUUNCG,401809354
KXNCAAMBGAME-26FEB04WOFVMI,401809355
KXNCAAMBGAME-26FEB03UNLVFRES,401828930
KXNCAAMBGAME-26FEB03WYOSDSU,401823780
KXNCAAMBGAME-26FEB03INDUSC,401825491
KXNCAAMBGAME-26FEB03SLUDAV,401828407
KXNCAAMBGAME-26FEB03AFAGC,401820567
KXNCAAMBGAME-26FEB03RUTGUCLA,401825490
KXNCAAMBGAME-26FEB03NCSTSMU,401820719
KXNCAAMBGAME-26FEB03NEVBSU,401823827
KXNCAAMBGAME-26FEB03SIUELINW,401806469
KXNCAAMBGAME-26FEB03PITTUVA,401820716
KXNCAAMBGAME-26FEB03DRKEBEL,401830210
KXNCAAMBGAME-26JAN24UALRUTM,401806455
KXNCAAMBGAME-26FEB03UICMURR,401830288
KXNCAAMBGAME-26FEB03VALPBRAD,401830227
KXNCAAMBGAME-26FEB03SJUDEP,401822928
KXNCAAMBGAME-26FEB03INSTEVAN,401830289
KXNCAAMBGAME-26FEB03LASLCHI,401828410
KXNCAAMBGAME-26FEB03SIUILST,401830290
KXNCAAMBGAME-26FEB03CMUMASS,401814554
KXNCAAMBGAME-26FEB03KENTTOL,401814555
KXNCAAMBGAME-26FEB03SCARTEX,401808217
KXNCAAMBGAME-26FEB03MISSTENN,401808218
KXNCAAMBGAME-26FEB03XAVCONN,401822927
KXNCAAMBGAME-26FEB03BALLBGSU,401814553
KXNCAAMBGAME-26FEB03BCDUKE,401820715
KXNCAAMBGAME-26FEB03WMUOHIO,401814557
KXNCAAMBGAME-26FEB03SBONDAY,401828408
KXNCAAMBGAME-26FEB03VCUFOR,401828409
KXNCAAMBGAME-26FEB03AKREMU,401814552
KXNCAAMBGAME-26FEB03CANNIAG,401813366
KXNCAAMBGAME-26FEB03MOHBUFF,401814556
KXNCAAMBGAME-26FEB02IDSTPRST,401808494
KXNCAAMBGAME-26FEB02WEBSAC,401808542
KXNCAAMBGAME-26FEB02SOUJKST,401827029
KXNCAAMBGAME-26FEB02IWAMCC,401820492
KXNCAAMBGAME-26FEB02KUTTU,401820817
KXNCAAMBGAME-26JAN27TNTCTNST,401806458
KXNCAAMBGAME-26FEB02GRAMALCN,401827101
KXNCAAMBGAME-26FEB02COOKAAMU,401827120
KXNCAAMBGAME-26FEB02MCNSSFA,401808882
KXNCAAMBGAME-26FEB02NICHNWST,401808926
KXNCAAMBGAME-26FEB02UNOETAM,401808715
KXNCAAMBGAME-26FEB02HCUUTRGV,401808982
KXNCAAMBGAME-26FEB02SYRUNC,401820714
KXNCAAMBGAME-26FEB02FAMUALST,401827165
KXNCAAMBGAME-26FEB02SELALAM,401808961
KXNCAAMBGAME-26FEB02BUHC,401824371
KXNCAAMBGAME-26FEB02HOWCOPP,401858634
KXNCAAMBGAME-26FEB02UMESNCCU,401823049
KXNCAAMBGAME-26FEB01IOWAORE,401825488
KXNCAAMBGAME-26JAN31ETSUWOF,401809352
KXNCAAMBGAME-26FEB01ILLNEB,401825487
KXNCAAMBGAME-26FEB01TULNMEM,401828207
KXNCAAMBGAME-26FEB01CLEVMILW,401817650
KXNCAAMBGAME-26FEB01NKUOAK,401817648
KXNCAAMBGAME-26FEB01WRSTGB,401817649
KXNCAAMBGAME-26FEB01MANMSM,401813315
KXNCAAMBGAME-26FEB01QUINFAIR,401820591
KXNCAAMBGAME-26FEB01SPCRID,401823850
KXNCAAMBGAME-26FEB01MRSTNIAG,401813338
KXNCAAMBGAME-26FEB01MINNPSU,401825489
KXNCAAMBGAME-26JAN31CCARULM,401808649
KXNCAAMBGAME-26FEB01WICHTLSA,401828208
KXNCAAMBGAME-26FEB01ECUFAU,401828206
KXNCAAMBGAME-26FEB01ISUKSU,401827659
KXNCAAMBGAME-26FEB01TCUCOLO,401827658
KXNCAAMBGAME-26FEB01UMKCUST,401829482
KXNCAAMBGAME-26FEB01SIECAN,401813365
KXNCAAMBGAME-26FEB01ALAFLA,401808208
KXNCAAMBGAME-26FEB01PURMD,401825486
KXNCAAMBGAME-26JAN31SAMWCU,401809351
KXNCAAMBGAME-26FEB01CHATFUR,401809348
KXNCAAMBGAME-26FEB01SHUMRMK,401823753
KXNCAAMBGAME-26FEB01URIDUQ,401828406
KXNCAAMBGAME-26JAN31SMCGONZ,401829225
KXNCAAMBGAME-26JAN31PACSF,401829223
KXNCAAMBGAME-26JAN31SCULMU,401829226
KXNCAAMBGAME-26JAN31LTSHSU,401804908
KXNCAAMBGAME-26JAN31UNMSJSU,401829330
KXNCAAMBGAME-26JAN31CSUWYO,401830825
KXNCAAMBGAME-26JAN31MONTSAC,401808507
KXNCAAMBGAME-26JAN31MURRBEL,401830209
KXNCAAMBGAME-26JAN31AUBTENN,401808213
KXNCAAMBGAME-26JAN31DELUTEP,401804911
KXNCAAMBGAME-26JAN31CSFUCSB,401823181
KXNCAAMBGAME-26JAN31SIUEUSI,401806467
KXNCAAMBGAME-26JAN31USFTEM,401828205
KXNCAAMBGAME-26JAN31UABUNT,401828203
KXNCAAMBGAME-26JAN31CONNCREI,401822923
KXNCAAMBGAME-26JAN31CPUCRV,401809160
KXNCAAMBGAME-26JAN31STANFSU,401820708
KXNCAAMBGAME-26JAN31GASTUSA,401808651
KXNCAAMBGAME-26JAN31WASHNW,401825482
KXNCAAMBGAME-26JAN31UCSDCSN,401809095
KXNCAAMBGAME-26JAN31IDHONAU,401808478
KXNCAAMBGAME-26JAN31UICSIU,401830286
KXNCAAMBGAME-26JAN31BGSUCMU,401814547
KXNCAAMBGAME-26JAN31RUTGUSC,401825484
KXNCAAMBGAME-26JAN31MCNSLAM,401808881
KXNCAAMBGAME-26JAN31UKARK,401808207
KXNCAAMBGAME-26JAN31GMUSBON,401828404
KXNCAAMBGAME-26JAN31UMBCALBY,401812139
KXNCAAMBGAME-26JAN31NHCSFPA,401812395
KXNCAAMBGAME-26JAN31ORSTUSD,401829222
KXNCAAMBGAME-26JAN31HARVYALE,401812618
KXNCAAMBGAME-26JAN31TXSOPV,401827054
KXNCAAMBGAME-26JAN31PENNCOR,401812591
KXNCAAMBGAME-26JAN31DARTBRWN,401818561
KXNCAAMBGAME-26JAN31BRADDRKE,401830228
KXNCAAMBGAME-26JAN31EMUMASS,401814548
KXNCAAMBGAME-26JAN31MISSVAN,401808210
KXNCAAMBGAME-26JAN31OKSTUTAH,401827656
KXNCAAMBGAME-26JAN31NDSUSDAK,401818405
KXNCAAMBGAME-26JAN31PORTWSU,401829224
KXNCAAMBGAME-26JAN31NDSYR,401820706
KXNCAAMBGAME-26JAN31INDUCLA,401825483
KXNCAAMBGAME-26JAN31NICHETAM,401808714
KXNCAAMBGAME-26JAN31UTUTARL,401805185
KXNCAAMBGAME-26JAN31FAMUAAMU,401827205
KXNCAAMBGAME-26JAN31PRINCLMB,401818542
KXNCAAMBGAME-26JAN31NWSTUNO,401808910
KXNCAAMBGAME-26JAN31SELASFA,401808960
KXNCAAMBGAME-26JAN31NMSUKENN,401804907
KXNCAAMBGAME-26JAN31MTSTPRST,401808518
KXNCAAMBGAME-26JAN31GRAMJKST,401827100
KXNCAAMBGAME-26JAN31UCDCSB,401809131
KXNCAAMBGAME-26JAN31MORGCOPP,401822773
KXNCAAMBGAME-26JAN31UMESDSU,401823050
KXNCAAMBGAME-26JAN31DAVRICH,401828402
KXNCAAMBGAME-26JAN31UTRGVIW,401808981
KXNCAAMBGAME-26JAN31NJITUVM,401812141
KXNCAAMBGAME-26JAN31SOUALCN,401827028
KXNCAAMBGAME-26JAN31PEAYUWGA,401807715
KXNCAAMBGAME-26JAN31CALMIA,401820711
KXNCAAMBGAME-26JAN31HCUAMCC,401820480
KXNCAAMBGAME-26JAN31EKYCARK,401807716
KXNCAAMBGAME-26JAN31BYUKU,401827655
KXNCAAMBGAME-26JAN31HAWLBSU,401809145
KXNCAAMBGAME-26JAN31BAYWVU,401827657
KXNCAAMBGAME-26JAN31UALRTNTC,401806466
KXNCAAMBGAME-26JAN31ARPBMVSU,401827144
KXNCAAMBGAME-26JAN31UTMWIU,401806468
KXNCAAMBGAME-26JAN31WKUMTU,401804910
KXNCAAMBGAME-26JAN31SEMOEIU,401806464
KXNCAAMBGAME-26JAN31APPTROY,401808648
KXNCAAMBGAME-26JAN31NORFHOW,401828728
KXNCAAMBGAME-26JAN31SUUAC,401805184
KXNCAAMBGAME-26JAN31UNHBRY,401812140
KXNCAAMBGAME-26JAN31EWUUNCO,401808461
KXNCAAMBGAME-26JAN31NEOMDEN,401818406
KXNCAAMBGAME-26JAN31MSSTMIZZ,401808211
KXNCAAMBGAME-26JAN31GASOULL,401808650
KXNCAAMBGAME-26JAN31LINWMORE,401806465
KXNCAAMBGAME-26JAN31CBUUTA,401805186
KXNCAAMBGAME-26JAN31EVANUNI,401830285
KXNCAAMBGAME-26JAN31LMDNAVY,401820169
KXNCAAMBGAME-26JAN31COOKALST,401827119
KXNCAAMBGAME-26JAN31NIUMOH,401814550
KXNCAAMBGAME-26JAN31JMUUSM,401808652
KXNCAAMBGAME-26JAN31HPLONG,401823931
KXNCAAMBGAME-26JAN31JVSTMOSU,401804909
KXNCAAMBGAME-26JAN31ORUSDST,401818407
KXNCAAMBGAME-26JAN31FRESAFA,401820566
KXNCAAMBGAME-26JAN31IDSTWEB,401808493
KXNCAAMBGAME-26JAN31MRSHARST,401808653
KXNCAAMBGAME-26JAN31FGCUJAC,401807717
KXNCAAMBGAME-26JAN31RADPRE,401823932
KXNCAAMBGAME-26JAN31TEXOKLA,401808214
KXNCAAMBGAME-26JAN31BUBUCK,401824370
KXNCAAMBGAME-26JAN31OSUWIS,401825485
KXNCAAMBGAME-26JAN31JOESLAS,401828405
KXNCAAMBGAME-26JAN31UVABC,401820705
KXNCAAMBGAME-26JAN31ARIZASU,401827652
KXNCAAMBGAME-26JAN31OHIOBUFF,401814551
KXNCAAMBGAME-26JAN31SMULOU,401820710
KXNCAAMBGAME-26JAN31HAMPTOWS,401812044
KXNCAAMBGAME-26JAN31LAFAMER,401828675
KXNCAAMBGAME-26JAN31MHUCHS,401820220
KXNCAAMBGAME-26JAN31NCATDREX,401812045
KXNCAAMBGAME-26JAN31UNCGT,401820709
KXNCAAMBGAME-26JAN31FORGW,401828403
KXNCAAMBGAME-26JAN31VMIMER,401809349
KXNCAAMBGAME-26JAN31UNASTET,401807719
KXNCAAMBGAME-26JAN31COLGLEH,401829409
KXNCAAMBGAME-26JAN31LIPUNF,401807718
KXNCAAMBGAME-26JAN31ODUTXST,401808654
KXNCAAMBGAME-26JAN31LIUCCSU,401812371
KXNCAAMBGAME-26JAN31HOFMONM,401812043
KXNCAAMBGAME-26JAN31MEMASSL,401812138
KXNCAAMBGAME-26JAN31COFCNE,401812047
KXNCAAMBGAME-26JAN31QUCBELL,401807720
KXNCAAMBGAME-26JAN31LSUSCAR,401808212
KXNCAAMBGAME-26JAN31VALPINST,401830287
KXNCAAMBGAME-26JAN31FDUWAG,401812324
KXNCAAMBGAME-26JAN31SDSUUSU,401823779
KXNCAAMBGAME-26JAN31TXAMUGA,401808209
KXNCAAMBGAME-26JAN31HCARMY,401824391
KXNCAAMBGAME-26JAN31DEPXAV,401822926
KXNCAAMBGAME-26JAN31RMUPFW,401817647
KXNCAAMBGAME-26JAN31CAMPWM,401812046
KXNCAAMBGAME-26JAN31STNHLMC,401812342
KXNCAAMBGAME-26JAN31BALLTOL,401814546
KXNCAAMBGAME-26JAN31TTUUCF,401827653
KXNCAAMBGAME-26JAN31UNCGCIT,401809350
KXNCAAMBGAME-26JAN31STONELON,401812042
KXNCAAMBGAME-26JAN31MARQHALL,401822925
KXNCAAMBGAME-26JAN31DUKEVT,401820712
KXNCAAMBGAME-26JAN31PITTCLEM,401820707
KXNCAAMBGAME-26JAN31CINHOU,401827654
KXNCAAMBGAME-26JAN31UNCAWIN,401823933
KXNCAAMBGAME-26JAN31GTWNBUT,401822924
KXNCAAMBGAME-26JAN31NCSTWAKE,401820713
KXNCAAMBGAME-26JAN30UNLVNEV,401829317
KXNCAAMBGAME-26JAN30BSUGC,401823799
KXNCAAMBGAME-26JAN30LCHIVCU,401828401
KXNCAAMBGAME-26JAN30MICHMSU,401825481
KXNCAAMBGAME-26JAN30MSMSPC,401813414
KXNCAAMBGAME-26JAN30DAYSLU,401828400
KXNCAAMBGAME-26JAN30WRSTMILW,401817645
KXNCAAMBGAME-26JAN30RICECHAR,401828204
KXNCAAMBGAME-26JAN30DARTYALE,401818311
KXNCAAMBGAME-26JAN30PROVVILL,401822922
KXNCAAMBGAME-26JAN30PENNCLMB,401812590
KXNCAAMBGAME-26JAN30SHUQUIN,401820590
KXNCAAMBGAME-26JAN30MRSTCAN,401813337
KXNCAAMBGAME-26JAN30CLEVGB,401817646
KXNCAAMBGAME-26JAN30RIDMAN,401813304
KXNCAAMBGAME-26JAN30HARVBRWN,401812617
KXNCAAMBGAME-26JAN30FAIRIONA,401823317
KXNCAAMBGAME-26JAN30NKUDET,401817644
KXNCAAMBGAME-26JAN30SIENIAG,401813390
KXNCAAMBGAME-26JAN30IUINYSU,401817643
KXNCAAMBGAME-26JAN30KENTAKR,401814549
KXNCAAMBGAME-26JAN30PRINCOR,401826866
KXNCAAMBGAME-26JAN29GASOULM,401858731
KXNCAAMBGAME-26JAN29HAWUCI,401809113
KXNCAAMBGAME-26JAN29MONTPRST,401808506
KXNCAAMBGAME-26JAN29LBSUUCRV,401823338
KXNCAAMBGAME-26JAN29MTSTSAC,401808517
KXNCAAMBGAME-26JAN29UCDCSN,401809130
KXNCAAMBGAME-26JAN29UCSBUCSD,401809094
KXNCAAMBGAME-26JAN29CPCSB,401809159
KXNCAAMBGAME-26JAN29UNCWTOWS,401812037
KXNCAAMBGAME-26JAN29IDHOUNCO,401808477
KXNCAAMBGAME-26JAN29PREHP,401823928
KXNCAAMBGAME-26JAN29WASHILL,401825479
KXNCAAMBGAME-26JAN29LINWUSI,401822398
KXNCAAMBGAME-26JAN29UTMEIU,401822363
KXNCAAMBGAME-26JAN29EWUNAU,401808460
KXNCAAMBGAME-26JAN29SEMOWIU,401806463
KXNCAAMBGAME-26JAN29FAUMEM,401828202
KXNCAAMBGAME-26JAN29UALRTNST,401806461
KXNCAAMBGAME-26JAN29UVUTARL,401805182
KXNCAAMBGAME-26JAN29APPUSM,401808643
KXNCAAMBGAME-26JAN29SUUUTA,401805183
KXNCAAMBGAME-26JAN29GASTULL,401808645
KXNCAAMBGAME-26JAN29CCARUSA,401808644
KXNCAAMBGAME-26JAN29ORUSDAK,401818404
KXNCAAMBGAME-26JAN29UTUAC,401805181
KXNCAAMBGAME-26JAN29UNDUST,401818403
KXNCAAMBGAME-26JAN29SIUEMORE,401806462
KXNCAAMBGAME-26JAN29LMCLIU,401812341
KXNCAAMBGAME-26JAN29PSUNW,401825480
KXNCAAMBGAME-26JAN29LIPJAC,401807712
KXNCAAMBGAME-26JAN29LONGSCUS,401823927
KXNCAAMBGAME-26JAN29RADCHSO,401823929
KXNCAAMBGAME-26JAN29FDUSTNH,401812323
KXNCAAMBGAME-26JAN29JMUTROY,401808647
KXNCAAMBGAME-26JAN29UNAFGCU,401807713
KXNCAAMBGAME-26JAN29UMBCUVM,401812135
KXNCAAMBGAME-26JAN29CCSUWAG,401812414
KXNCAAMBGAME-26JAN29NCATMONM,401812038
KXNCAAMBGAME-26JAN29NHCMHU,401820219
KXNCAAMBGAME-26JAN29VMICIT,401809347
KXNCAAMBGAME-26JAN29STETUNF,401807714
KXNCAAMBGAME-26JAN29WCUETSU,401809344
KXNCAAMBGAME-26JAN29HAMPDREX,401812039
KXNCAAMBGAME-26JAN29STONCAMP,401812041
KXNCAAMBGAME-26JAN29COFCHOF,401812036
KXNCAAMBGAME-26JAN29COLOISU,401827651
KXNCAAMBGAME-26JAN29WMELON,401812040
KXNCAAMBGAME-26JAN29LIBMTU,401804901
KXNCAAMBGAME-26JAN29UNCGMER,401809346
KXNCAAMBGAME-26JAN29NJITALBY,401812137
KXNCAAMBGAME-26JAN29BRYBING,401812134
KXNCAAMBGAME-26JAN29WEBBUNCA,401823926
KXNCAAMBGAME-26JAN29WOFCHAT,401809343
KXNCAAMBGAME-26JAN29MASSLUNH,401812136
KXNCAAMBGAME-26JAN29SAMFUR,401809345
KXNCAAMBGAME-26JAN28SFSCU,401829220
KXNCAAMBGAME-26JAN28CSUSDSU,401830830
KXNCAAMBGAME-26JAN28UCLAORE,401825477
KXNCAAMBGAME-26JAN28USDPEPP,401829219
KXNCAAMBGAME-26JAN28SEAWSU,401829221
KXNCAAMBGAME-26JAN28PORTPAC,401829218
KXNCAAMBGAME-26JAN28ORSTLMU,401829217
KXNCAAMBGAME-26JAN28HOUTCU,401827650
KXNCAAMBGAME-26JAN28STANMIA,401820701
KXNCAAMBGAME-26JAN28USFTULN,401828201
KXNCAAMBGAME-26JAN28FLASCAR,401808203
KXNCAAMBGAME-26JAN28MINNWIS,401825478
KXNCAAMBGAME-26JAN28WYOUSU,401830824
KXNCAAMBGAME-26JAN28ILSTMURR,401830283
KXNCAAMBGAME-26JAN28LTUTEP,401804902
KXNCAAMBGAME-26JAN28DELNMSU,401804905
KXNCAAMBGAME-26JAN28DEPGTWN,401822920
KXNCAAMBGAME-26JAN28MRSHTXST,401808642
KXNCAAMBGAME-26JAN28EVANDRKE,401830282
KXNCAAMBGAME-26JAN28ODUARST,401808641
KXNCAAMBGAME-26JAN28UABUTSA,401828197
KXNCAAMBGAME-26JAN28SDSTNEOM,401818401
KXNCAAMBGAME-26JAN28DENUMKC,401818402
KXNCAAMBGAME-26JAN28NAVYBU,401820168
KXNCAAMBGAME-26JAN28BELVALP,401830208
KXNCAAMBGAME-26JAN28UNTTLSA,401828200
KXNCAAMBGAME-26JAN28CARKQUC,401807710
KXNCAAMBGAME-26JAN28IUINRMU,401817641
KXNCAAMBGAME-26JAN28SHSUMOSU,401804903
KXNCAAMBGAME-26JAN28RICEECU,401828199
KXNCAAMBGAME-26JAN27TENNUGA,401808201
KXNCAAMBGAME-26JAN28UWGABELL,401807711
KXNCAAMBGAME-26JAN28OAKPFW,401817642
KXNCAAMBGAME-26JAN28PEAYEKY,401807709
KXNCAAMBGAME-26JAN28BUCKLAF,401829398
KXNCAAMBGAME-26JAN28TEXAUB,401808200
KXNCAAMBGAME-26JAN28XAVHALL,401822921
KXNCAAMBGAME-26JAN28CHARTEM,401828198
KXNCAAMBGAME-26JAN28LASFOR,401828399
KXNCAAMBGAME-26JAN28CALFSU,401820700
KXNCAAMBGAME-26JAN28WKUKENN,401804904
KXNCAAMBGAME-26JAN28BUTSJU,401822919
KXNCAAMBGAME-26JAN28JVSTFIU,401804906
KXNCAAMBGAME-26JAN28DAVGMU,401828397
KXNCAAMBGAME-26JAN28AMERLMD,401820201
KXNCAAMBGAME-26JAN28SBONDUQ,401828398
KXNCAAMBGAME-26JAN28MSSTLSU,401808202
KXNCAAMBGAME-26JAN28UNISIU,401830284
KXNCAAMBGAME-26JAN28HCCOLG,401824390
KXNCAAMBGAME-26JAN28BAYCIN,401827649
KXNCAAMBGAME-26JAN28USCIOWA,401825476
KXNCAAMBGAME-26JAN28LEHARMY,401826827
KXNCAAMBGAME-26JAN27MVSUSOU,401827027
KXNCAAMBGAME-26JAN27UNMUNLV,401830322
KXNCAAMBGAME-26JAN27GCNEV,401823798
KXNCAAMBGAME-26JAN27BSUSJSU,401823826
KXNCAAMBGAME-26JAN27CREIMARQ,401822917
KXNCAAMBGAME-26JAN27MASSMOH,401814543
KXNCAAMBGAME-26JAN27UKVAN,401808205
KXNCAAMBGAME-26JAN27PURIND,401825473
KXNCAAMBGAME-26JAN27KSUWVU,401827648
KXNCAAMBGAME-26JAN27JOESLCHI,401828395
KXNCAAMBGAME-26JAN27WMUNIU,401814545
KXNCAAMBGAME-26JAN26IWHCU,401820479
KXNCAAMBGAME-26JAN27IWHCU,401820479
KXNCAAMBGAME-26JAN27GTVT,401820699
KXNCAAMBGAME-26JAN27UVAND,401820703
KXNCAAMBGAME-26JAN27MIZZALA,401808204
KXNCAAMBGAME-26JAN27GWSLU,401828394
KXNCAAMBGAME-26JAN27INSTUIC,401830281
KXNCAAMBGAME-26JAN27PROVCONN,401822918
KXNCAAMBGAME-26JAN27URIDAY,401828393
KXNCAAMBGAME-26JAN27OHIOKENT,401814542
KXNCAAMBGAME-26JAN27ARKOKLA,401808206
KXNCAAMBGAME-26JAN27BUFFBGSU,401814540
KXNCAAMBGAME-26JAN27MCNSSELA,401808880
KXNCAAMBGAME-26JAN27EMUCMU,401814541
KXNCAAMBGAME-26JAN27RICHVCU,401828396
KXNCAAMBGAME-26JAN27ASUUCF,401827647
KXNCAAMBGAME-26JAN27SYRNCST,401820702
KXNCAAMBGAME-26JAN27TOLAKR,401814544
KXNCAAMBGAME-26JAN27MSURUTG,401825475
KXNCAAMBGAME-26JAN26ETAMLAM,401858320
KXNCAAMBGAME-26JAN27ETAMLAM,401858320
KXNCAAMBGAME-26JAN27NEBMICH,401825474
KXNCAAMBGAME-26JAN27WAKEPITT,401820704
KXNCAAMBGAME-26JAN27UNONICH,401808909
KXNCAAMBGAME-26JAN27NWSTSFA,401808941
KXNCAAMBGAME-26JAN26UNONICH,401808909
KXNCAAMBGAME-26JAN26ALSTTXSO,401827164
KXNCAAMBGAME-26JAN27ALSTTXSO,401827164
KXNCAAMBGAME-26JAN26AAMUPV,401858319
KXNCAAMBGAME-26JAN27AAMUPV,401858319
KXNCAAMBGAME-26JAN26DSUSCST,401829286
KXNCAAMBGAME-26JAN26ARIZBYU,401820816
KXNCAAMBGAME-26JAN26UTRGVAMCC,401808980
KXNCAAMBGAME-26JAN26MORGNORF,401828692
KXNCAAMBGAME-26JAN26PSUOSU,401825472
KXNCAAMBGAME-26JAN26JKSTFAMU,401828665
KXNCAAMBGAME-26JAN25CCSUSTNH,401812406
KXNCAAMBGAME-26JAN26LOUDUKE,401820698
KXNCAAMBGAME-26JAN26ALCNCOOK,401827118
KXNCAAMBGAME-26JAN25LMCFDU,401812322
KXNCAAMBGAME-26JAN26LMCFDU,401812322
KXNCAAMBGAME-26JAN25OREWASH,401825470
KXNCAAMBGAME-26JAN25CHSMHU,401820218
KXNCAAMBGAME-26JAN25FAUUSF,401828195
KXNCAAMBGAME-26JAN25CSNHAW,401809144
KXNCAAMBGAME-26JAN24CINASU,401827640
KXNCAAMBGAME-26JAN24UCIUCSD,401809093
KXNCAAMBGAME-26JAN24SCUUSD,401829215
KXNCAAMBGAME-26JAN24CALSTAN,401820695
KXNCAAMBGAME-26JAN24TENNALA,401808199
KXNCAAMBGAME-26JAN24SUUUTU,401805179
KXNCAAMBGAME-26JAN24UVUCBU,401805180
KXNCAAMBGAME-26JAN24KUKSU,401827644
KXNCAAMBGAME-26JAN24NEVUNM,401829316
KXNCAAMBGAME-26JAN24GCFRES,401823797
KXNCAAMBGAME-26JAN24SFGONZ,401829214
KXNCAAMBGAME-26JAN24WEBMTST,401808516
KXNCAAMBGAME-26JAN24NEOMUMKC,401818399
KXNCAAMBGAME-26JAN24UICBRAD,401830229
KXNCAAMBGAME-26JAN24SMCPORT,401829213
KXNCAAMBGAME-26JAN24UNCONAU,401808526
KXNCAAMBGAME-26JAN24SEAPAC,401829216
KXNCAAMBGAME-26JAN24LAFLEH,401829417
KXNCAAMBGAME-26JAN24TCUBAY,401827641
KXNCAAMBGAME-26JAN24UCSBLBSU,401823337
KXNCAAMBGAME-26JAN24CANFAIR,401813364
KXNCAAMBGAME-26JAN24CSFCP,401809158
KXNCAAMBGAME-26JAN24MANIONA,401813314
KXNCAAMBGAME-26JAN24BCND,401820692
KXNCAAMBGAME-26JAN24CMUWMU,401814536
KXNCAAMBGAME-26JAN24IDSTMONT,401808492
KXNCAAMBGAME-26JAN24ALCNFAMU,401829687
KXNCAAMBGAME-26JAN24NWUCLA,401825469
KXNCAAMBGAME-26JAN24PEPPWSU,401829212
KXNCAAMBGAME-26JAN24ARPBSOU,401827026
KXNCAAMBGAME-26JAN24ALSTPV,401827052
KXNCAAMBGAME-26JAN24UTAHBYU,401827642
KXNCAAMBGAME-26JAN24UCRVUCD,401809129
KXNCAAMBGAME-26JAN24LSUARK,401808192
KXNCAAMBGAME-26JAN24HALLDEP,401822915
KXNCAAMBGAME-26JAN24VCUDAV,401828388
KXNCAAMBGAME-26JAN24SJSUWYO,401829329
KXNCAAMBGAME-26JAN24BGSUTOL,401814535
KXNCAAMBGAME-26JAN24SACEWU,401808459
KXNCAAMBGAME-26JAN24FSUSMU,401820694
KXNCAAMBGAME-26JAN24SDSUUNLV,401823777
KXNCAAMBGAME-26JAN24PRSTIDHO,401808476
KXNCAAMBGAME-26JAN24TLSARICE,401828196
KXNCAAMBGAME-26JAN24AMCCIW,401820491
KXNCAAMBGAME-26JAN24RIDMSM,401813413
KXNCAAMBGAME-26JAN24AUBFLA,401808193
KXNCAAMBGAME-26JAN24SFALAM,401808970
KXNCAAMBGAME-26JAN24UNDDEN,401818397
KXNCAAMBGAME-26JAN24MEMWICH,401828192
KXNCAAMBGAME-26JAN24MURRUNI,401830279
KXNCAAMBGAME-26JAN24KENTEMU,401814537
KXNCAAMBGAME-26JAN24UTRGVHCU,401808979
KXNCAAMBGAME-26JAN24AFABSU,401820565
KXNCAAMBGAME-26JAN24MOSUUTEP,401804899
KXNCAAMBGAME-26JAN24JKSTCOOK,401827117
KXNCAAMBGAME-26JAN24AAMUTXSO,401827204
KXNCAAMBGAME-26JAN24ILLPUR,401825468
KXNCAAMBGAME-26JAN24OAKDET,401817639
KXNCAAMBGAME-26JAN24TNSTLINW,401806454
KXNCAAMBGAME-26JAN24UNOMCNS,401808879
KXNCAAMBGAME-26JAN24EKYJAC,401807705
KXNCAAMBGAME-26JAN24SPCMRMK,401823849
KXNCAAMBGAME-26JAN24TROYGASO,401808636
KXNCAAMBGAME-26JAN24MORGHOW,401828691
KXNCAAMBGAME-26JAN24RICHGW,401828392
KXNCAAMBGAME-26JAN24VTLOU,401820691
KXNCAAMBGAME-26JAN24UCFCOLO,401827643
KXNCAAMBGAME-26JAN24ISUOKST,401827645
KXNCAAMBGAME-26JAN24OKLAMIZZ,401808196
KXNCAAMBGAME-26JAN24WINPRE,401823925
KXNCAAMBGAME-26JAN24NDSUORU,401818398
KXNCAAMBGAME-26JAN24NICHSELA,401808925
KXNCAAMBGAME-26JAN24COPPNORF,401822771
KXNCAAMBGAME-26JAN24HOUTTU,401827646
KXNCAAMBGAME-26JAN24BUCKLMD,401820200
KXNCAAMBGAME-26JAN24WKUSHSU,401804896
KXNCAAMBGAME-26JAN24FIUNMSU,401804898
KXNCAAMBGAME-26JAN24NEDREX,401812030
KXNCAAMBGAME-26JAN24DAYJOES,401828389
KXNCAAMBGAME-26JAN24NIUBALL,401814539
KXNCAAMBGAME-26JAN24GMUURI,401828391
KXNCAAMBGAME-26JAN24QUCUWGA,401807707
KXNCAAMBGAME-26JAN24MIASYR,401820696
KXNCAAMBGAME-26JAN24DUQLCHI,401828390
KXNCAAMBGAME-26JAN24BUCOLG,401824369
KXNCAAMBGAME-26JAN24TNTCSIUE,401806456
KXNCAAMBGAME-26JAN24WVUARIZ,401827639
KXNCAAMBGAME-26JAN24ARSTGAST,401808637
KXNCAAMBGAME-26JAN24CLMBDART,401818541
KXNCAAMBGAME-26JAN24CORHARV,401812616
KXNCAAMBGAME-26JAN24ALBYUNH,401812130
KXNCAAMBGAME-26JAN24USTSDAK,401818400
KXNCAAMBGAME-26JAN24YALEPENN,401812589
KXNCAAMBGAME-26JAN24CHATSAM,401809339
KXNCAAMBGAME-26JAN24BINGME,401812131
KXNCAAMBGAME-26JAN24SJUXAV,401822914
KXNCAAMBGAME-26JAN24MILWYSU,401817637
KXNCAAMBGAME-26JAN24ARMYNAVY,401820167
KXNCAAMBGAME-26JAN24NKUWRST,401817638
KXNCAAMBGAME-26JAN24UGATEX,401808198
KXNCAAMBGAME-26JAN24DRKEINST,401830278
KXNCAAMBGAME-26JAN24QUINMRST,401813336
KXNCAAMBGAME-26JAN24VMIWCU,401809341
KXNCAAMBGAME-26JAN24USMCCAR,401808635
KXNCAAMBGAME-26JAN24UVMBRY,401812133
KXNCAAMBGAME-26JAN24MASSLUMBC,401812132
KXNCAAMBGAME-26JAN24CLEMGT,401820690
KXNCAAMBGAME-26JAN24TEMUTSA,401828193
KXNCAAMBGAME-26JAN24TXSTJMU,401808638
KXNCAAMBGAME-26JAN24SCARTXAM,401808197
KXNCAAMBGAME-26JAN24VILLCONN,401822913
KXNCAAMBGAME-26JAN24ILSTBEL,401830207
KXNCAAMBGAME-26JAN24GBRMU,401817636
KXNCAAMBGAME-26JAN24EIUMORE,401806453
KXNCAAMBGAME-26JAN24DELLIB,401804900
KXNCAAMBGAME-26JAN24GTWNPROV,401822916
KXNCAAMBGAME-26JAN24TOWSNCAT,401812033
KXNCAAMBGAME-26JAN24NEBMINN,401825467
KXNCAAMBGAME-26JAN24UNCUVA,401820697
KXNCAAMBGAME-26JAN24BRWNPRIN,401818560
KXNCAAMBGAME-26JAN24MONMCAMP,401812032
KXNCAAMBGAME-26JAN24NCSTPITT,401820693
KXNCAAMBGAME-26JAN24UNCWHAMP,401812035
KXNCAAMBGAME-26JAN24HOFWM,401812031
KXNCAAMBGAME-26JAN24ELONCOFC,401812034
KXNCAAMBGAME-26JAN24NIAGSHU,401813389
KXNCAAMBGAME-26JAN24AMERHC,401824389
KXNCAAMBGAME-26JAN24VANMSST,401808195
KXNCAAMBGAME-26JAN24MDMSU,401825466
KXNCAAMBGAME-26JAN24WAKEDUKE,401820689
KXNCAAMBGAME-26JAN24MISSUK,401808194
KXNCAAMBGAME-26JAN24BELLUNF,401807703
KXNCAAMBGAME-26JAN24MERWOF,401809342
KXNCAAMBGAME-26JAN23USUCSU,401830829
KXNCAAMBGAME-26JAN24WIUUSI,401806457
KXNCAAMBGAME-26JAN23WIUUSI,401806457
KXNCAAMBGAME-26JAN23MARQBUT,401822912
KXNCAAMBGAME-26JAN23AKROHIO,401814534
KXNCAAMBGAME-26JAN23OSUMICH,401825464
KXNCAAMBGAME-26JAN23CHSOLONG,401823922
KXNCAAMBGAME-26JAN24CHSOLONG,401823922
KXNCAAMBGAME-26JAN23TULNCHAR,401828194
KXNCAAMBGAME-26JAN23WAGLMC,401812340
KXNCAAMBGAME-26JAN23HPRAD,401823923
KXNCAAMBGAME-26JAN23MASSBUFF,401814538
KXNCAAMBGAME-26JAN24MTUJVST,401804897
KXNCAAMBGAME-26JAN23MTUJVST,401804897
KXNCAAMBGAME-26JAN23SCUSWEBB,401823924
KXNCAAMBGAME-26JAN23CITETSU,401809338
KXNCAAMBGAME-26JAN23CHSSFPA,401812392
KXNCAAMBGAME-26JAN23LIUSTNH,401812369
KXNCAAMBGAME-26JAN23FDUCCSU,401812321
KXNCAAMBGAME-26JAN23SLUSBON,401828387
KXNCAAMBGAME-26JAN23INDRUTG,401825465
KXNCAAMBGAME-26JAN23FURUNCG,401809340
KXNCAAMBGAME-26JAN23KENNLT,401804895
KXNCAAMBGAME-26JAN23ECUUNT,401828191
KXNCAAMBGAME-26JAN23FGCULIP,401807706
KXNCAAMBGAME-26JAN23STETPEAY,401807708
KXNCAAMBGAME-26JAN23MHUNHC,401820217
KXNCAAMBGAME-26JAN23ULMAPP,401808634
KXNCAAMBGAME-26JAN23CSBHAW,401809143
KXNCAAMBGAME-26JAN22UCIUCRV,401809112
KXNCAAMBGAME-26JAN22LBSUCSF,401823180
KXNCAAMBGAME-26JAN22MOSUNMSU,401804894
KXNCAAMBGAME-26JAN22FIUUTEP,401804893
KXNCAAMBGAME-26JAN22SACIDHO,401808475
KXNCAAMBGAME-26JAN22PRSTEWU,401808458
KXNCAAMBGAME-26JAN22SDSTUST,401818396
KXNCAAMBGAME-26JAN22CPUCSB,401809157
KXNCAAMBGAME-26JAN22WEBMONT,401808505
KXNCAAMBGAME-26JAN22TNSTSIUE,401806452
KXNCAAMBGAME-26JAN22UCSDUCD,401809092
KXNCAAMBGAME-26JAN22IDSTMTST,401808491
KXNCAAMBGAME-26JAN22EIUUSI,401806448
KXNCAAMBGAME-26JAN22NDSUDEN,401818395
KXNCAAMBGAME-26JAN22UALRSEMO,401806450
KXNCAAMBGAME-26JAN22TNTCLINW,401806449
KXNCAAMBGAME-26JAN22UNDORU,401818394
KXNCAAMBGAME-26JAN22HOFNCAT,401812025
KXNCAAMBGAME-26JAN22TXSTCCAR,401808629
KXNCAAMBGAME-26JAN22ARSTGASO,401808630
KXNCAAMBGAME-26JAN22CANSHU,401813363
KXNCAAMBGAME-26JAN22EKYUNF,401807700
KXNCAAMBGAME-26JAN22QUINMSM,401813412
KXNCAAMBGAME-26JAN22BELLJAC,401807698
KXNCAAMBGAME-26JAN22MRSTSIE,401813335
KXNCAAMBGAME-26JAN22USAJMU,401808632
KXNCAAMBGAME-26JAN22WIUMORE,401806451
KXNCAAMBGAME-26JAN22MILWRMU,401817635
KXNCAAMBGAME-26JAN22USMGAST,401808631
KXNCAAMBGAME-26JAN22UNCWWM,401812029
KXNCAAMBGAME-26JAN22CAMPCOFC,401812028
KXNCAAMBGAME-26JAN22MONMHAMP,401812026
KXNCAAMBGAME-26JAN22TOWSELON,401812027
KXNCAAMBGAME-26JAN22USFUAB,401828190
KXNCAAMBGAME-26JAN22WISPSU,401825463
KXNCAAMBGAME-26JAN22MRMKIONA,401824311
KXNCAAMBGAME-26JAN22NIAGFAIR,401813388
KXNCAAMBGAME-26JAN22STONNE,401812024
KXNCAAMBGAME-26JAN22BINGUNH,401812127
KXNCAAMBGAME-26JAN22GBYSU,401817634
KXNCAAMBGAME-26JAN22ALBYME,401812126
KXNCAAMBGAME-26JAN22NJITUMBC,401812128
KXNCAAMBGAME-26JAN22UVMMASSL,401812129
KXNCAAMBGAME-26JAN22CARKUWGA,401807699
KXNCAAMBGAME-26JAN22STETLIP,401807702
KXNCAAMBGAME-26JAN22FGCUPEAY,401807701
KXNCAAMBGAME-26JAN22ULLAPP,401808628
KXNCAAMBGAME-26JAN22ULMMRSH,401808633
KXNCAAMBGAME-26JAN21SDSUGC,401823776
KXNCAAMBGAME-26JAN21NWUSC,401825462
KXNCAAMBGAME-26JAN21ORSTSMC,401829209
KXNCAAMBGAME-26JAN21LMUSEA,401829208
KXNCAAMBGAME-26JAN21CINARIZ,401827637
KXNCAAMBGAME-26JAN21UTUCBU,401805176
KXNCAAMBGAME-26JAN21WSUUSD,401829211
KXNCAAMBGAME-26JAN21FRESUNM,401828929
KXNCAAMBGAME-26JAN21WVUASU,401827638
KXNCAAMBGAME-26JAN21MSSTTXAM,401808187
KXNCAAMBGAME-26JAN21UNIILST,401830276
KXNCAAMBGAME-26JAN21VTSYR,401820688
KXNCAAMBGAME-26JAN21WASHNEB,401825461
KXNCAAMBGAME-26JAN21UTSAUNT,401828189
KXNCAAMBGAME-26JAN21PEPPGONZ,401829210
KXNCAAMBGAME-26JAN21UVUSUU,401805177
KXNCAAMBGAME-26JAN21TARLUTA,401805175
KXNCAAMBGAME-26JAN21SDAKNEOM,401818393
KXNCAAMBGAME-26JAN21MEMTLSA,401828187
KXNCAAMBGAME-26JAN21SIUVALP,401830277
KXNCAAMBGAME-26JAN21MURRDRKE,401830275
KXNCAAMBGAME-26JAN21TROYODU,401808627
KXNCAAMBGAME-26JAN21TEMRICE,401828188
KXNCAAMBGAME-26JAN21TEXUK,401808185
KXNCAAMBGAME-26JAN21KENNSHSU,401804891
KXNCAAMBGAME-26JAN21FURCIT,401809335
KXNCAAMBGAME-26JAN21CHSOPRE,401823918
KXNCAAMBGAME-26JAN21TULNFAU,401828186
KXNCAAMBGAME-26JAN21PFWDET,401817632
KXNCAAMBGAME-26JAN21WCUMER,401809334
KXNCAAMBGAME-26JAN21LIBWKU,401804892
KXNCAAMBGAME-26JAN21CLEVWRST,401817633
KXNCAAMBGAME-26JAN21ETSUCHAT,401809333
KXNCAAMBGAME-26JAN21UNAQUC,401807697
KXNCAAMBGAME-26JAN21IUINOAK,401817631
KXNCAAMBGAME-26JAN21WEBBLONG,401823919
KXNCAAMBGAME-26JAN21ECUWICH,401828185
KXNCAAMBGAME-26JAN21RADWIN,401823920
KXNCAAMBGAME-26JAN21INSTBRAD,401830230
KXNCAAMBGAME-26JAN21PITTBC,401820684
KXNCAAMBGAME-26JAN21URIRICH,401828386
KXNCAAMBGAME-26JAN21GTWNVILL,401822911
KXNCAAMBGAME-26JAN21NDUNC,401820687
KXNCAAMBGAME-26JAN21ARMYBUCK,401826820
KXNCAAMBGAME-26JAN21HCNAVY,401820166
KXNCAAMBGAME-26JAN21MDILL,401825460
KXNCAAMBGAME-26JAN21FORDAV,401828384
KXNCAAMBGAME-26JAN21XAVCREI,401822910
KXNCAAMBGAME-26JAN21COLGAMER,401828674
KXNCAAMBGAME-26JAN21LAFBU,401824368
KXNCAAMBGAME-26JAN21DAYLAS,401828385
KXNCAAMBGAME-26JAN21UNCGVMI,401809336
KXNCAAMBGAME-26JAN21UNCASCUS,401823921
KXNCAAMBGAME-26JAN21SAMWOF,401809337
KXNCAAMBGAME-26JAN20UNLVUSU,401827948
KXNCAAMBGAME-26JAN20KUCOLO,401827633
KXNCAAMBGAME-26JAN20SJSUNEV,401829315
KXNCAAMBGAME-26JAN20MACUSCST,401829285
KXNCAAMBGAME-26JAN20PURUCLA,401825459
KXNCAAMBGAME-26JAN20UGAMIZZ,401808190
KXNCAAMBGAME-26JAN20AUBMISS,401808186
KXNCAAMBGAME-26JAN20TTUBAY,401827632
KXNCAAMBGAME-26JAN20VANARK,401808188
KXNCAAMBGAME-26JAN20MSUORE,401825458
KXNCAAMBGAME-26JAN20UTAHKSU,401827635
KXNCAAMBGAME-26JAN20SMUWAKE,401820683
KXNCAAMBGAME-26JAN20AFACSU,401820564
KXNCAAMBGAME-26JAN20RUTGIOWA,401825455
KXNCAAMBGAME-26JAN20UTMSEMO,401806447
KXNCAAMBGAME-26JAN20BSUWYO,401823825
KXNCAAMBGAME-26JAN20FSUMIA,401820686
KXNCAAMBGAME-26JAN20OKSTTCU,401827636
KXNCAAMBGAME-26JAN20VULMORG,401856166
KXNCAAMBGAME-26JAN20EVANUIC,401830274
KXNCAAMBGAME-26JAN20MOHKENT,401814531
KXNCAAMBGAME-26JAN20OKLASCAR,401808191
KXNCAAMBGAME-26JAN20DEPBUT,401822908
KXNCAAMBGAME-26JAN20NIUOHIO,401814532
KXNCAAMBGAME-26JAN20MINNOSU,401825457
KXNCAAMBGAME-26JAN20BGSUWMU,401814530
KXNCAAMBGAME-26JAN20NCSTCLEM,401820685
KXNCAAMBGAME-26JAN20HALLSJU,401822909
KXNCAAMBGAME-26JAN20SLUDUQ,401828382
KXNCAAMBGAME-26JAN20LCHISBON,401828383
KXNCAAMBGAME-26JAN20BALLCMU,401814529
KXNCAAMBGAME-26JAN20INDMICH,401825456
KXNCAAMBGAME-26JAN20UCFISU,401827634
KXNCAAMBGAME-26JAN20LSUFLA,401808189
KXNCAAMBGAME-26JAN20AKRBUFF,401814528
KXNCAAMBGAME-26JAN20TOLMASS,401814533
KXNCAAMBGAME-26JAN19NCATHAMP,401812023
KXNCAAMBGAME-26JAN19TXSOJKST,401828664
KXNCAAMBGAME-26JAN19MONTNAU,401808504
KXNCAAMBGAME-26JAN19MTSTUNCO,401808515
KXNCAAMBGAME-26JAN19LAMUNO,401808908
KXNCAAMBGAME-26JAN19NWSTHCU,401808940
KXNCAAMBGAME-26JAN19FAMUMVSU,401830344
KXNCAAMBGAME-26JAN19SELAUTRGV,401808959
KXNCAAMBGAME-26JAN19LMDLEH,401820199
KXNCAAMBGAME-26JAN19ECSUNORF,401828727
KXNCAAMBGAME-26JAN19SFANICH,401808924
KXNCAAMBGAME-26JAN19COOKARPB,401827141
KXNCAAMBGAME-26JAN19AAMUALST,401827163
KXNCAAMBGAME-26JAN19NHCCHS,401822348
KXNCAAMBGAME-26JAN19PRINDART,401826865
KXNCAAMBGAME-26JAN19PROVMARQ,401822907
KXNCAAMBGAME-26JAN19GWGMU,401828380
KXNCAAMBGAME-26JAN19ETAMIW,401808711
KXNCAAMBGAME-26JAN19MCHOW,401830241
KXNCAAMBGAME-26JAN19MCNSAMCC,401808878
KXNCAAMBGAME-26JAN19LIULMC,401812339
KXNCAAMBGAME-26JAN19JOESVCU,401828381
KXNCAAMBGAME-26JAN19MANQUIN,401813313
KXNCAAMBGAME-26JAN19PVALCN,401827051
KXNCAAMBGAME-26JAN19UNHME,401812124
KXNCAAMBGAME-26JAN19PENNHARV,401812588
KXNCAAMBGAME-26JAN19CLMBYALE,401818310
KXNCAAMBGAME-26JAN19IONASPC,401823848
KXNCAAMBGAME-26JAN19MSMNIAG,401813387
KXNCAAMBGAME-26JAN19MRMKMRST,401813334
KXNCAAMBGAME-26JAN19CCSUMHU,401812654
KXNCAAMBGAME-26JAN19BRYNJIT,401812122
KXNCAAMBGAME-26JAN19UMBCBING,401812123
KXNCAAMBGAME-26JAN19WAGFDU,401812320
KXNCAAMBGAME-26JAN19FAIRSIE,401813426
KXNCAAMBGAME-26JAN19CORBRWN,401818559
KXNCAAMBGAME-26JAN19SHURID,401823732
KXNCAAMBGAME-26JAN19UVMALBY,401812125
KXNCAAMBGAME-26JAN19DREXTOWS,401812019
KXNCAAMBGAME-26JAN19STNHSFPA,401812391
KXNCAAMBGAME-26JAN19NEMONM,401812018
KXNCAAMBGAME-26JAN18UTSAMEM,401828182
KXNCAAMBGAME-26JAN18WSUSF,401829207
KXNCAAMBGAME-26JAN18ASUHOU,401827631
KXNCAAMBGAME-26JAN18UNTTULN,401828183
KXNCAAMBGAME-26JAN18TLSAUAB,401828179
KXNCAAMBGAME-26JAN18BBCEIU,401843145
KXNCAAMBGAME-26JAN18WICHUSF,401828184
KXNCAAMBGAME-26JAN18CHARECU,401828180
KXNCAAMBGAME-26JAN18MILWPFW,401817629
KXNCAAMBGAME-26JAN18OAKGB,401817630
KXNCAAMBGAME-26JAN18AMERARMY,401826819
KXNCAAMBGAME-26JAN18FAUTEM,401828181
KXNCAAMBGAME-26JAN18PSUMD,401825454
KXNCAAMBGAME-26JAN17KSUOKST,401827627
KXNCAAMBGAME-26JAN17UNCOSAC,401808533
KXNCAAMBGAME-26JAN17GONZSEA,401829203
KXNCAAMBGAME-26JAN17MONTMTST,401808503
KXNCAAMBGAME-26JAN17BYUTTU,401827628
KXNCAAMBGAME-26JAN17PORTLMU,401829205
KXNCAAMBGAME-26JAN17IDHOWEB,401808474
KXNCAAMBGAME-26JAN17LOUPITT,401820679
KXNCAAMBGAME-26JAN17TARLUTU,401805173
KXNCAAMBGAME-26JAN17HAWUCSB,401809142
KXNCAAMBGAME-26JAN17MISSMSST,401808180
KXNCAAMBGAME-26JAN17ACSUU,401805172
KXNCAAMBGAME-26JAN17SJUVILL,401822905
KXNCAAMBGAME-26JAN17UNMSDSU,401823775
KXNCAAMBGAME-26JAN17CSFUCRV,401823179
KXNCAAMBGAME-26JAN17NEOMORU,401818390
KXNCAAMBGAME-26JAN17LBSUCSN,401823266
KXNCAAMBGAME-26JAN17CITVMI,401809331
KXNCAAMBGAME-26JAN17CAMPUNCW,401812022
KXNCAAMBGAME-26JAN17LIUFDU,401812319
KXNCAAMBGAME-26JAN17RMUNKU,401817628
KXNCAAMBGAME-26JAN17BELLEKY,401807692
KXNCAAMBGAME-26JAN17WYOFRES,401828928
KXNCAAMBGAME-26JAN17BELSIU,401830206
KXNCAAMBGAME-26JAN17SMCSCU,401829206
KXNCAAMBGAME-26JAN17PEAYLIP,401807691
KXNCAAMBGAME-26JAN17SCUSHP,401823916
KXNCAAMBGAME-26JAN17COLOWVU,401827630
KXNCAAMBGAME-26JAN17TXAMTEX,401808183
KXNCAAMBGAME-26JAN17FAMUARPB,401827140
KXNCAAMBGAME-26JAN17MOSUMTU,401804890
KXNCAAMBGAME-26JAN17COOKMVSU,401827115
KXNCAAMBGAME-26JAN17EWUIDST,401808457
KXNCAAMBGAME-26JAN17WAKEFSU,401820677
KXNCAAMBGAME-26JAN17PURUSC,401825451
KXNCAAMBGAME-26JAN17DUKESTAN,401820681
KXNCAAMBGAME-26JAN17PACORST,401829204
KXNCAAMBGAME-26JAN17BETHUSD,401831990
KXNCAAMBGAME-26JAN17SCARAUB,401808177
KXNCAAMBGAME-26JAN17MSUWASH,401825452
KXNCAAMBGAME-26JAN17MCNSUTRGV,401808877
KXNCAAMBGAME-26JAN17SFAUNO,401808907
KXNCAAMBGAME-26JAN17SOUGRAM,401827025
KXNCAAMBGAME-26JAN17WOFFUR,401809328
KXNCAAMBGAME-26JAN17LTJVST,401804888
KXNCAAMBGAME-26JAN17UMKCSDST,401818392
KXNCAAMBGAME-26JAN17NORFSCST,401828726
KXNCAAMBGAME-26JAN17MIZZLSU,401808179
KXNCAAMBGAME-26JAN17NAUPRST,401808525
KXNCAAMBGAME-26JAN17UCIUCD,401809111
KXNCAAMBGAME-26JAN17SELAAMCC,401808958
KXNCAAMBGAME-26JAN17SIUESEMO,401806445
KXNCAAMBGAME-26JAN17MORGDSU,401828690
KXNCAAMBGAME-26JAN17PVJKST,401827050
KXNCAAMBGAME-26JAN17TXSOALCN,401829501
KXNCAAMBGAME-26JAN17ARIZUCF,401827625
KXNCAAMBGAME-26JAN17NWSTIW,401808939
KXNCAAMBGAME-26JAN17USMTXST,401808625
KXNCAAMBGAME-26JAN17UNLVSJSU,401829328
KXNCAAMBGAME-26JAN17FLAVAN,401808182
KXNCAAMBGAME-26JAN17RICHSLU,401828379
KXNCAAMBGAME-26JAN17INSTMURR,401830272
KXNCAAMBGAME-26JAN17HOWNCCU,401830240
KXNCAAMBGAME-26JAN17COPPUMES,401822770
KXNCAAMBGAME-26JAN17COFCSTON,401812021
KXNCAAMBGAME-26JAN17LINWUTM,401806442
KXNCAAMBGAME-26JAN17MORETNTC,401806444
KXNCAAMBGAME-26JAN17LAMNICH,401808923
KXNCAAMBGAME-26JAN17ARKUGA,401808178
KXNCAAMBGAME-26JAN17ARSTTROY,401808626
KXNCAAMBGAME-26JAN17USITNST,401806446
KXNCAAMBGAME-26JAN17MICHORE,401825450
KXNCAAMBGAME-26JAN17ETAMHCU,401808710
KXNCAAMBGAME-26JAN17UNCCAL,401820675
KXNCAAMBGAME-26JAN17MERUNCG,401809330
KXNCAAMBGAME-26JAN17JMUMRSH,401808621
KXNCAAMBGAME-26JAN17NEBNW,401825448
KXNCAAMBGAME-26JAN17UCSDCSB,401809091
KXNCAAMBGAME-26JAN17WIUUALR,401806443
KXNCAAMBGAME-26JAN17NEVAFA,401820563
KXNCAAMBGAME-26JAN17UTAUVU,401805174
KXNCAAMBGAME-26JAN17ULLUSA,401808624
KXNCAAMBGAME-26JAN17DRKEUIC,401830271
KXNCAAMBGAME-26JAN17CCARGASO,401808622
KXNCAAMBGAME-26JAN17MASSNIU,401814525
KXNCAAMBGAME-26JAN17PENNDART,401812587
KXNCAAMBGAME-26JAN17GASTULM,401808623
KXNCAAMBGAME-26JAN17QUINMRMK,401820589
KXNCAAMBGAME-26JAN17KENNWKU,401804889
KXNCAAMBGAME-26JAN17SBONLAS,401828378
KXNCAAMBGAME-26JAN17JACUNA,401807693
KXNCAAMBGAME-26JAN17UNIVALP,401830273
KXNCAAMBGAME-26JAN17BRADILST,401830231
KXNCAAMBGAME-26JAN17CCSUSFPA,401812390
KXNCAAMBGAME-26JAN17MIACLEM,401820676
KXNCAAMBGAME-26JAN17USUGC,401823796
KXNCAAMBGAME-26JAN17SHSUFIU,401804887
KXNCAAMBGAME-26JAN17NAVYLEH,401820165
KXNCAAMBGAME-26JAN17LONGRAD,401823914
KXNCAAMBGAME-26JAN17UTEPLIB,401804886
KXNCAAMBGAME-26JAN17SYRBC,401820674
KXNCAAMBGAME-26JAN17TCUUTAH,401827629
KXNCAAMBGAME-26JAN17DETIUIN,401817626
KXNCAAMBGAME-26JAN17CLMBBRWN,401818540
KXNCAAMBGAME-26JAN17PREWEBB,401823915
KXNCAAMBGAME-26JAN17UWGAFGCU,401807696
KXNCAAMBGAME-26JAN17PRINHARV,401812615
KXNCAAMBGAME-26JAN17RUTGWIS,401825453
KXNCAAMBGAME-26JAN17YSUCLEV,401817627
KXNCAAMBGAME-26JAN17ISUCIN,401827626
KXNCAAMBGAME-26JAN17QUCSTET,401807695
KXNCAAMBGAME-26JAN17WINUNCA,401823917
KXNCAAMBGAME-26JAN17STNHMHU,401812405
KXNCAAMBGAME-26JAN17ETSUSAM,401809329
KXNCAAMBGAME-26JAN17SDAKUND,401818389
KXNCAAMBGAME-26JAN17FAIRMRST,401813333
KXNCAAMBGAME-26JAN17IOWAIND,401825447
KXNCAAMBGAME-26JAN17LMCCHS,401812338
KXNCAAMBGAME-26JAN17WMUAKR,401814527
KXNCAAMBGAME-26JAN17RIDSPC,401823847
KXNCAAMBGAME-26JAN17BUCKCOLG,401829401
KXNCAAMBGAME-26JAN17BUFFMOH,401814522
KXNCAAMBGAME-26JAN17NMSUDEL,401804885
KXNCAAMBGAME-26JAN17USTNDSU,401818391
KXNCAAMBGAME-26JAN17CORYALE,401818309
KXNCAAMBGAME-26JAN17UNFCARK,401807694
KXNCAAMBGAME-26JAN17SIEMAN,401813303
KXNCAAMBGAME-26JAN17UCLAOSU,401825449
KXNCAAMBGAME-26JAN17ODUAPP,401808620
KXNCAAMBGAME-26JAN17ALAOKLA,401808184
KXNCAAMBGAME-26JAN17EMUBGSU,401814523
KXNCAAMBGAME-26JAN17BULMD,401820198
KXNCAAMBGAME-26JAN17HCLAF,401824388
KXNCAAMBGAME-26JAN17WAGNHC,401812413
KXNCAAMBGAME-26JAN17CHATWCU,401809332
KXNCAAMBGAME-26JAN17DUQFOR,401828377
KXNCAAMBGAME-26JAN17BUTHALL,401822906
KXNCAAMBGAME-26JAN17UKTENN,401808181
KXNCAAMBGAME-26JAN17CONNGTWN,401822904
KXNCAAMBGAME-26JAN17MINNILL,401825446
KXNCAAMBGAME-26JAN17UVASMU,401820680
KXNCAAMBGAME-26JAN17ELONHOF,401812020
KXNCAAMBGAME-26JAN17GTNCST,401820678
KXNCAAMBGAME-26JAN17NDVT,401820682
KXNCAAMBGAME-26JAN17MSMCAN,401813362
KXNCAAMBGAME-26JAN16CSUBSU,401830828
KXNCAAMBGAME-26JAN16OHIOBALL,401814524
KXNCAAMBGAME-26JAN16LCHIDAY,401828376
KXNCAAMBGAME-26JAN16MARQDEP,401822902
KXNCAAMBGAME-26JAN16BAYKU,401827624
KXNCAAMBGAME-26JAN16CREIPROV,401822903
KXNCAAMBGAME-26JAN16TOLKENT,401814526
KXNCAAMBGAME-26JAN15USDSEA,401829202
KXNCAAMBGAME-26JAN15UCRVLBSU,401823336
KXNCAAMBGAME-26JAN15CSNUCSD,401809090
KXNCAAMBGAME-26JAN15GONZWSU,401829197
KXNCAAMBGAME-26JAN15HAWCP,401809141
KXNCAAMBGAME-26JAN15UNCOPRST,401808532
KXNCAAMBGAME-26JAN15NAUSAC,401808524
KXNCAAMBGAME-26JAN15IDHOIDST,401808473
KXNCAAMBGAME-26JAN15UCSBCSB,401823742
KXNCAAMBGAME-26JAN15CSFUCD,401809128
KXNCAAMBGAME-26JAN15USITNTC,401806441
KXNCAAMBGAME-26JAN15EWUWEB,401808456
KXNCAAMBGAME-26JAN15LINWSEMO,401806438
KXNCAAMBGAME-26JAN15TARLSUU,401805170
KXNCAAMBGAME-26JAN15WICHFAU,401828178
KXNCAAMBGAME-26JAN15MORETNST,401806439
KXNCAAMBGAME-26JAN15SIUEUTM,401806440
KXNCAAMBGAME-26JAN15ARSTUSA,401808619
KXNCAAMBGAME-26JAN15EIUUALR,401806437
KXNCAAMBGAME-26JAN15EKYPEAY,401807686
KXNCAAMBGAME-26JAN15UTAUTU,401805171
KXNCAAMBGAME-26JAN15USTUND,401818387
KXNCAAMBGAME-26JAN15CBUAC,401805169
KXNCAAMBGAME-26JAN15UMKCSDAK,401818388
KXNCAAMBGAME-26JAN15BELLLIP,401807685
KXNCAAMBGAME-26JAN15COFCTOWS,401812017
KXNCAAMBGAME-26JAN15JACCARK,401807687
KXNCAAMBGAME-26JAN15ODUGASO,401808618
KXNCAAMBGAME-26JAN15CITUNCG,401809326
KXNCAAMBGAME-26JAN15GBCLEV,401817621
KXNCAAMBGAME-26JAN15DETNKU,401817622
KXNCAAMBGAME-26JAN15OAKMILW,401817623
KXNCAAMBGAME-26JAN15ELONNE,401812016
KXNCAAMBGAME-26JAN15MEUVM,401812119
KXNCAAMBGAME-26JAN15QUCFGCU,401807689
KXNCAAMBGAME-26JAN15UWGASTET,401807690
KXNCAAMBGAME-26JAN15HOFSTON,401812013
KXNCAAMBGAME-26JAN15NCATWM,401812015
KXNCAAMBGAME-26JAN15UNFUNA,401807688
KXNCAAMBGAME-26JAN15YSUWRST,401817624
KXNCAAMBGAME-26JAN15DREXMONM,401812014
KXNCAAMBGAME-26JAN15UTEPDEL,401804884
KXNCAAMBGAME-26JAN15RMUIUIN,401817625
KXNCAAMBGAME-26JAN15BINGALBY,401812118
KXNCAAMBGAME-26JAN15JMUAPP,401808617
KXNCAAMBGAME-26JAN15UMBCBRY,401812120
KXNCAAMBGAME-26JAN15MERVMI,401809327
KXNCAAMBGAME-26JAN15NJITMASSL,401812121
KXNCAAMBGAME-26JAN15NMSULIB,401804883
KXNCAAMBGAME-26JAN14TCUBYU,401827620
KXNCAAMBGAME-26JAN14DUKECAL,401820666
KXNCAAMBGAME-26JAN14ASUARIZ,401827619
KXNCAAMBGAME-26JAN14MICHWASH,401825445
KXNCAAMBGAME-26JAN14LMUORST,401829198
KXNCAAMBGAME-26JAN14NEVUSU,401829294
KXNCAAMBGAME-26JAN14VANTEX,401808176
KXNCAAMBGAME-26JAN14PACSCU,401829199
KXNCAAMBGAME-26JAN14UNCSTAN,401820672
KXNCAAMBGAME-26JAN14VTSMU,401820671
KXNCAAMBGAME-26JAN14SCARARK,401808173
KXNCAAMBGAME-26JAN14PORTPEPP,401829200
KXNCAAMBGAME-26JAN14UCLAPSU,401825443
KXNCAAMBGAME-26JAN14SDSUWYO,401830823
KXNCAAMBGAME-26JAN14UTAHTTU,401827623
KXNCAAMBGAME-26JAN14ORUDEN,401818386
KXNCAAMBGAME-26JAN14DRKESIU,401830269
KXNCAAMBGAME-26JAN14TEMMEM,401828176
KXNCAAMBGAME-26JAN14ILLNW,401825442
KXNCAAMBGAME-26JAN14RICEUTSA,401828177
KXNCAAMBGAME-26JAN14SDSTNDSU,401818385
KXNCAAMBGAME-26JAN14UCFKSU,401827622
KXNCAAMBGAME-26JAN14FORSLU,401828372
KXNCAAMBGAME-26JAN14ULLTXST,401808616
KXNCAAMBGAME-26JAN14MISSUGA,401808174
KXNCAAMBGAME-26JAN14COLOCIN,401827621
KXNCAAMBGAME-26JAN14MOSUWKU,401804882
KXNCAAMBGAME-26JAN14UABTULN,401828173
KXNCAAMBGAME-26JAN14AUBMIZZ,401808171
KXNCAAMBGAME-26JAN14LAFBUCK,401829397
KXNCAAMBGAME-26JAN14MTULT,401804881
KXNCAAMBGAME-26JAN14UKLSU,401808169
KXNCAAMBGAME-26JAN14CCARMRSH,401808614
KXNCAAMBGAME-26JAN14ECUUSF,401828175
KXNCAAMBGAME-26JAN14FIUKENN,401804880
KXNCAAMBGAME-26JAN14SPCQUIN,401820588
KXNCAAMBGAME-26JAN14SCUSCHSO,401823913
KXNCAAMBGAME-26JAN14IONARID,401823854
KXNCAAMBGAME-26JAN14DAVGW,401828371
KXNCAAMBGAME-26JAN14PITTGT,401820668
KXNCAAMBGAME-26JAN14UNCAPRE,401823912
KXNCAAMBGAME-26JAN14COLGLMD,401820197
KXNCAAMBGAME-26JAN14FURSAM,401809323
KXNCAAMBGAME-26JAN14SHSUJVST,401804879
KXNCAAMBGAME-26JAN14SBONJOES,401828375
KXNCAAMBGAME-26JAN14LASRICH,401828373
KXNCAAMBGAME-26JAN14MANFAIR,401813312
KXNCAAMBGAME-26JAN14TLSACHAR,401828174
KXNCAAMBGAME-26JAN14ILSTINST,401830270
KXNCAAMBGAME-26JAN14RADWEBB,401823911
KXNCAAMBGAME-26JAN14SHUSIE,401813425
KXNCAAMBGAME-26JAN14NIAGCAN,401813361
KXNCAAMBGAME-26JAN14IOWAPUR,401825444
KXNCAAMBGAME-26JAN14USMTROY,401808615
KXNCAAMBGAME-26JAN14HPWIN,401823910
KXNCAAMBGAME-26JAN14VCUURI,401828374
KXNCAAMBGAME-26JAN14LEHBU,401824367
KXNCAAMBGAME-26JAN14BUTXAV,401822901
KXNCAAMBGAME-26JAN14ETSUWCU,401809324
KXNCAAMBGAME-26JAN14CHATWOF,401809325
KXNCAAMBGAME-26JAN14ARMYHC,401824387
KXNCAAMBGAME-26JAN13BSUUNLV,401823823
KXNCAAMBGAME-26JAN13SMCSF,401829201
KXNCAAMBGAME-26JAN13MDUSC,401825441
KXNCAAMBGAME-26JAN13AFASJSU,401820562
KXNCAAMBGAME-26JAN13FSUSYR,401820673
KXNCAAMBGAME-26JAN13GTWNCREI,401822898
KXNCAAMBGAME-26JAN13FLAOKLA,401808172
KXNCAAMBGAME-26JAN13ALAMSST,401808170
KXNCAAMBGAME-26JAN13GCUNM,401823795
KXNCAAMBGAME-26JAN13ORENEB,401825440
KXNCAAMBGAME-26JAN13CSUFRES,401828927
KXNCAAMBGAME-26JAN13BAYOKST,401827618
KXNCAAMBGAME-26JAN13ISUKU,401827617
KXNCAAMBGAME-26JAN13WVUHOU,401827616
KXNCAAMBGAME-26JAN13BRADEVAN,401830232
KXNCAAMBGAME-26JAN13WIUEIU,401806436
KXNCAAMBGAME-26JAN13TXAMTENN,401808175
KXNCAAMBGAME-26JAN13CONNHALL,401822900
KXNCAAMBGAME-26JAN13MIAND,401820670
KXNCAAMBGAME-26JAN13VALPBEL,401830205
KXNCAAMBGAME-26JAN13DAYDUQ,401828369
KXNCAAMBGAME-26JAN13INDMSU,401825438
KXNCAAMBGAME-26JAN13OHIOTOL,401814520
KXNCAAMBGAME-26JAN13UVALOU,401820669
KXNCAAMBGAME-26JAN13CMUMOH,401814517
KXNCAAMBGAME-26JAN13GMULCHI,401828370
KXNCAAMBGAME-26JAN13UICUNI,401830268
KXNCAAMBGAME-26JAN13WISMINN,401825439
KXNCAAMBGAME-26JAN13NIUEMU,401814519
KXNCAAMBGAME-26JAN13BALLAKR,401814516
KXNCAAMBGAME-26JAN13BCCLEM,401820667
KXNCAAMBGAME-26JAN13VILLPROV,401822899
KXNCAAMBGAME-26JAN13MASSWMU,401814521
KXNCAAMBGAME-26JAN13KENTBUFF,401814518
KXNCAAMBGAME-26JAN13MARQSJU,401822897
KXNCAAMBGAME-26JAN12DSUHOW,401830239
KXNCAAMBGAME-26JAN12JKSTAAMU,401827203
KXNCAAMBGAME-26JAN12UTRGVNWST,401808938
KXNCAAMBGAME-26JAN12MVSUTXSO,401829500
KXNCAAMBGAME-26JAN12SCSTCOPP,401822769
KXNCAAMBGAME-26JAN12NICHMCNS,401808876
KXNCAAMBGAME-26JAN12ARPBPV,401827049
KXNCAAMBGAME-26JAN12AMCCETAM,401808709
KXNCAAMBGAME-26JAN12SOUCOOK,401827024
KXNCAAMBGAME-26JAN12UMESNORF,401823047
KXNCAAMBGAME-26JAN12UNOSELA,401808906
KXNCAAMBGAME-26JAN12HCULAM,401820478
KXNCAAMBGAME-26JAN12NAVYAMER,401820164
KXNCAAMBGAME-26JAN12IWSFA,401808969
KXNCAAMBGAME-26JAN12ALCNALST,401827162
KXNCAAMBGAME-26JAN12NCCUMORG,401828689
KXNCAAMBGAME-26JAN11OSUWASH,401825437
KXNCAAMBGAME-26JAN11NWRUTG,401825436
KXNCAAMBGAME-26JAN11CINUCF,401827615
KXNCAAMBGAME-26JAN11UNTWICH,401828172
KXNCAAMBGAME-26JAN11WRSTOAK,401817619
KXNCAAMBGAME-26JAN11IUINMILW,401817616
KXNCAAMBGAME-26JAN11UABECU,401828169
KXNCAAMBGAME-26JAN11MRSTRID,401813332
KXNCAAMBGAME-26JAN11SIEMSM,401813411
KXNCAAMBGAME-26JAN11CHARRICE,401828170
KXNCAAMBGAME-26JAN11MRMKSPC,401823846
KXNCAAMBGAME-26JAN11NKUGB,401817618
KXNCAAMBGAME-26JAN11QUINSHU,401820587
KXNCAAMBGAME-26JAN11PFWRMU,401817617
KXNCAAMBGAME-26JAN11NIAGMAN,401813302
KXNCAAMBGAME-26JAN11MEMFAU,401828171
KXNCAAMBGAME-26JAN11CLEVDET,401817620
KXNCAAMBGAME-26JAN11ILLIOWA,401825435
KXNCAAMBGAME-26JAN11CANIONA,401813360
KXNCAAMBGAME-26JAN11JOESRICH,401828368
KXNCAAMBGAME-26JAN11UCIHAW,401809110
KXNCAAMBGAME-26JAN10FRESSDSU,401823773
KXNCAAMBGAME-26JAN10BYUUTAH,401827613
KXNCAAMBGAME-26JAN10LMUSCU,401829192
KXNCAAMBGAME-26JAN10WYONEV,401829293
KXNCAAMBGAME-26JAN10SOUFAMU,401827023
KXNCAAMBGAME-26JAN10USUBSU,401823822
KXNCAAMBGAME-26JAN10TEXALA,401808168
KXNCAAMBGAME-26JAN10MSSTUK,401808163
KXNCAAMBGAME-26JAN10MDUCLA,401825434
KXNCAAMBGAME-26JAN10IDSTNAU,401808490
KXNCAAMBGAME-26JAN10SJSUGC,401823794
KXNCAAMBGAME-26JAN10SFPEPP,401829195
KXNCAAMBGAME-26JAN10USTORU,401818384
KXNCAAMBGAME-26JAN10UNDUMKC,401818381
KXNCAAMBGAME-26JAN10WEBUNCO,401808531
KXNCAAMBGAME-26JAN10MTUNMSU,401804875
KXNCAAMBGAME-26JAN10SUUCBU,401805168
KXNCAAMBGAME-26JAN10ORSTPORT,401829193
KXNCAAMBGAME-26JAN10UCSDUCRV,401809089
KXNCAAMBGAME-26JAN10USDPAC,401829194
KXNCAAMBGAME-26JAN10CAMPELON,401812011
KXNCAAMBGAME-26JAN10CSBLBSU,401823335
KXNCAAMBGAME-26JAN10TTUCOLO,401827610
KXNCAAMBGAME-26JAN10IWLAM,401820496
KXNCAAMBGAME-26JAN10TULNUTSA,401828168
KXNCAAMBGAME-26JAN10CSNCSF,401823178
KXNCAAMBGAME-26JAN10CLEMND,401820662
KXNCAAMBGAME-26JAN10BELDRKE,401830204
KXNCAAMBGAME-26JAN10HALLGTWN,401822894
KXNCAAMBGAME-26JAN10UICILST,401830265
KXNCAAMBGAME-26JAN10MIZZMISS,401808164
KXNCAAMBGAME-26JAN10WAKEUNC,401820661
KXNCAAMBGAME-26JAN10ARKAUB,401808161
KXNCAAMBGAME-26JAN10UNIBRAD,401830233
KXNCAAMBGAME-26JAN10MVSUPV,401827048
KXNCAAMBGAME-26JAN10UNCWSTON,401812012
KXNCAAMBGAME-26JAN10UTRGVETAM,401808708
KXNCAAMBGAME-26JAN10GRAMCOOK,401827096
KXNCAAMBGAME-26JAN10NICHUNO,401808905
KXNCAAMBGAME-26JAN10HCUSFA,401808968
KXNCAAMBGAME-26JAN10KENTCMU,401814514
KXNCAAMBGAME-26JAN10JVSTKENN,401804873
KXNCAAMBGAME-26JAN10UCDCP,401809127
KXNCAAMBGAME-26JAN10ALCNAAMU,401827202
KXNCAAMBGAME-26JAN10WSUSMC,401829196
KXNCAAMBGAME-26JAN10SCSTMORG,401828688
KXNCAAMBGAME-26JAN10NCCUCOPP,401822768
KXNCAAMBGAME-26JAN10ARPBTXSO,401827138
KXNCAAMBGAME-26JAN10HAMPCOFC,401812010
KXNCAAMBGAME-26JAN10MONTEWU,401808455
KXNCAAMBGAME-26JAN10SACPRST,401808538
KXNCAAMBGAME-26JAN10ARIZTCU,401827612
KXNCAAMBGAME-26JAN10FIUMOSU,401804876
KXNCAAMBGAME-26JAN10LMDBUCK,401820196
KXNCAAMBGAME-26JAN10SELAMCNS,401808875
KXNCAAMBGAME-26JAN10AMCCNWST,401808937
KXNCAAMBGAME-26JAN10CALVT,401820665
KXNCAAMBGAME-26JAN10UALRLINW,401806432
KXNCAAMBGAME-26JAN10MTSTIDHO,401808472
KXNCAAMBGAME-26JAN10HOWUMES,401823046
KXNCAAMBGAME-26JAN10SAMCHAT,401809318
KXNCAAMBGAME-26JAN10HCAMER,401824386
KXNCAAMBGAME-26JAN10OKSTISU,401827611
KXNCAAMBGAME-26JAN10TNSTEIU,401806431
KXNCAAMBGAME-26JAN10NORFDSU,401828725
KXNCAAMBGAME-26JAN10TNTCWIU,401806435
KXNCAAMBGAME-26JAN10OKLATXAM,401808166
KXNCAAMBGAME-26JAN10CARKEKY,401807680
KXNCAAMBGAME-26JAN10JKSTALST,401827161
KXNCAAMBGAME-26JAN10LIPFGCU,401807681
KXNCAAMBGAME-26JAN10MRSHGAST,401808608
KXNCAAMBGAME-26JAN10ODUJMU,401808609
KXNCAAMBGAME-26JAN10PROVXAV,401822896
KXNCAAMBGAME-26JAN10SLULAS,401828367
KXNCAAMBGAME-26JAN10VALPMURR,401830267
KXNCAAMBGAME-26JAN10WKUUTEP,401804874
KXNCAAMBGAME-26JAN10KSUASU,401827608
KXNCAAMBGAME-26JAN10LIBSHSU,401804877
KXNCAAMBGAME-26JAN10UTUUVU,401805167
KXNCAAMBGAME-26JAN10SFPALIU,401812368
KXNCAAMBGAME-26JAN10BALLMASS,401814511
KXNCAAMBGAME-26JAN10SEMOMORE,401806433
KXNCAAMBGAME-26JAN10UNCGETSU,401809319
KXNCAAMBGAME-26JAN10ACUTA,401805166
KXNCAAMBGAME-26JAN10USFTLSA,401828167
KXNCAAMBGAME-26JAN10DELLT,401804878
KXNCAAMBGAME-26JAN10TXSTARST,401808611
KXNCAAMBGAME-26JAN10LCHIGW,401828366
KXNCAAMBGAME-26JAN10GASOUSA,401808610
KXNCAAMBGAME-26JAN10UGASCAR,401808165
KXNCAAMBGAME-26JAN10UNMAFA,401820561
KXNCAAMBGAME-26JAN10UNCARAD,401823908
KXNCAAMBGAME-26JAN10VILLMARQ,401822895
KXNCAAMBGAME-26JAN10PRELONG,401823907
KXNCAAMBGAME-26JAN10ULMUSM,401808612
KXNCAAMBGAME-26JAN10MONMHOF,401812007
KXNCAAMBGAME-26JAN10UWGAJAC,401807684
KXNCAAMBGAME-26JAN10CHSSTNH,401812404
KXNCAAMBGAME-26JAN10HPCHSO,401823906
KXNCAAMBGAME-26JAN10NDSUNEOM,401818382
KXNCAAMBGAME-26JAN10SMUDUKE,401820657
KXNCAAMBGAME-26JAN10VMIFUR,401809320
KXNCAAMBGAME-26JAN10STANUVA,401820664
KXNCAAMBGAME-26JAN10BRYALBY,401812114
KXNCAAMBGAME-26JAN10BUFFOHIO,401814512
KXNCAAMBGAME-26JAN10LEHCOLG,401829408
KXNCAAMBGAME-26JAN10MENJIT,401812115
KXNCAAMBGAME-26JAN10WOFMER,401809321
KXNCAAMBGAME-26JAN10YALEPRIN,401818308
KXNCAAMBGAME-26JAN10MASSLBING,401812116
KXNCAAMBGAME-26JAN10DARTCOR,401830011
KXNCAAMBGAME-26JAN10PEAYSTET,401807679
KXNCAAMBGAME-26JAN10QUCUNF,401807683
KXNCAAMBGAME-26JAN10SJUCREI,401822892
KXNCAAMBGAME-26JAN10TOWSNE,401812008
KXNCAAMBGAME-26JAN10SYRPITT,401820663
KXNCAAMBGAME-26JAN10URIDAV,401828363
KXNCAAMBGAME-26JAN10UNABELL,401807682
KXNCAAMBGAME-26JAN10BRWNPENN,401812586
KXNCAAMBGAME-26JAN10WINSCUS,401823909
KXNCAAMBGAME-26JAN10CCSULMC,401812337
KXNCAAMBGAME-26JAN10PSUPUR,401825433
KXNCAAMBGAME-26JAN10APPCCAR,401808607
KXNCAAMBGAME-26JAN10WISMICH,401825432
KXNCAAMBGAME-26JAN10DENSDAK,401818383
KXNCAAMBGAME-26JAN10HARVCLMB,401812614
KXNCAAMBGAME-26JAN10LAFNAVY,401820163
KXNCAAMBGAME-26JAN10WMDREX,401812009
KXNCAAMBGAME-26JAN10GTMIA,401820660
KXNCAAMBGAME-26JAN10WCUCIT,401809322
KXNCAAMBGAME-26JAN10EVANINST,401830266
KXNCAAMBGAME-26JAN10HOUBAY,401827609
KXNCAAMBGAME-26JAN10VCUGMU,401828365
KXNCAAMBGAME-26JAN10ARMYBU,401824366
KXNCAAMBGAME-26JAN10TROYULL,401808613
KXNCAAMBGAME-26JAN10LSUVAN,401808167
KXNCAAMBGAME-26JAN10UNHUMBC,401812117
KXNCAAMBGAME-26JAN10EMUWMU,401814513
KXNCAAMBGAME-26JAN10FDUNHC,401812318
KXNCAAMBGAME-26JAN10MHUWAG,401812412
KXNCAAMBGAME-26JAN10DEPCONN,401822893
KXNCAAMBGAME-26JAN10BCLOU,401820659
KXNCAAMBGAME-26JAN10NCSTFSU,401820658
KXNCAAMBGAME-26JAN10FORSBON,401828364
KXNCAAMBGAME-26JAN10KUWVU,401827614
KXNCAAMBGAME-26JAN10TENNFLA,401808162
KXNCAAMBGAME-26JAN10NEBIND,401825431
KXNCAAMBGAME-26JAN09UNLVCSU,401830827
KXNCAAMBGAME-26JAN09USCMINN,401825430
KXNCAAMBGAME-26JAN09AKRBGSU,401814510
KXNCAAMBGAME-26JAN09NKUMILW,401817613
KXNCAAMBGAME-26JAN09SPCMSM,401813410
KXNCAAMBGAME-26JAN09WRSTDET,401817614
KXNCAAMBGAME-26JAN09NIAGIONA,401813386
KXNCAAMBGAME-26JAN09RIDFAIR,401823316
KXNCAAMBGAME-26JAN09MRSTSHU,401813331
KXNCAAMBGAME-26JAN09MRMKSIE,401813424
KXNCAAMBGAME-26JAN09CLEVOAK,401817615
KXNCAAMBGAME-26JAN09IUINGB,401817612
KXNCAAMBGAME-26JAN09CANMAN,401813301
KXNCAAMBGAME-26JAN09MOHTOL,401814515
KXNCAAMBGAME-26JAN09BRSTYSU,401823007
KXNCAAMBGAME-26JAN08SFLMU,401829189
KXNCAAMBGAME-26JAN08SCUGONZ,401829190
KXNCAAMBGAME-26JAN08OSUORE,401825429
KXNCAAMBGAME-26JAN08SEAORST,401829191
KXNCAAMBGAME-26JAN08PACPORT,401829187
KXNCAAMBGAME-26JAN08UCDUCSB,401809126
KXNCAAMBGAME-26JAN08CPCSN,401809156
KXNCAAMBGAME-26JAN08CSFUCSD,401809088
KXNCAAMBGAME-26JAN08LBSUUCI,401809109
KXNCAAMBGAME-26JAN08UTUCBU,401805164
KXNCAAMBGAME-26JAN08MTUUTEP,401804870
KXNCAAMBGAME-26JAN08WKUNMSU,401804869
KXNCAAMBGAME-26JAN08PEPPUSD,401829188
KXNCAAMBGAME-26JAN08MTSTEWU,401808454
KXNCAAMBGAME-26JAN08UCRVCSB,401823741
KXNCAAMBGAME-26JAN08ULMULL,401808605
KXNCAAMBGAME-26JAN08MONTIDHO,401808471
KXNCAAMBGAME-26JAN08UNDNEOM,401818378
KXNCAAMBGAME-26JAN08TNTCEIU,401806426
KXNCAAMBGAME-26JAN08SEMOUSI,401806429
KXNCAAMBGAME-26JAN08DENSDST,401818380
KXNCAAMBGAME-26JAN08TNSTWIU,401806430
KXNCAAMBGAME-26JAN08ACTARL,401805163
KXNCAAMBGAME-26JAN08SUUUVU,401805165
KXNCAAMBGAME-26JAN08NDSUUMKC,401818379
KXNCAAMBGAME-26JAN08WEBNAU,401808523
KXNCAAMBGAME-26JAN08RUTGILL,401825427
KXNCAAMBGAME-26JAN08TXSTUSM,401808606
KXNCAAMBGAME-26JAN08IDSTUNCO,401808489
KXNCAAMBGAME-26JAN08UALRSIUE,401806427
KXNCAAMBGAME-26JAN08UTMMORE,401806428
KXNCAAMBGAME-26JAN08PEAYFGCU,401807673
KXNCAAMBGAME-26JAN08BINGUVM,401812110
KXNCAAMBGAME-26JAN08QUCJAC,401807677
KXNCAAMBGAME-26JAN08SFPAWAG,401812389
KXNCAAMBGAME-26JAN08UNHNJIT,401812113
KXNCAAMBGAME-26JAN08APPGAST,401808604
KXNCAAMBGAME-26JAN08STNHCCSU,401812403
KXNCAAMBGAME-26JAN08MHULIU,401812367
KXNCAAMBGAME-26JAN08UWGAUNF,401807678
KXNCAAMBGAME-26JAN08CARKBELL,401807674
KXNCAAMBGAME-26JAN08NHCLMC,401812336
KXNCAAMBGAME-26JAN08LIPSTET,401807675
KXNCAAMBGAME-26JAN08ODUCCAR,401808603
KXNCAAMBGAME-26JAN08UNAEKY,401807676
KXNCAAMBGAME-26JAN08DELSHSU,401804872
KXNCAAMBGAME-26JAN08HAMPCAMP,401812004
KXNCAAMBGAME-26JAN08UNCWNE,401812006
KXNCAAMBGAME-26JAN08ELONNCAT,401812005
KXNCAAMBGAME-26JAN08LIBLT,401804871
KXNCAAMBGAME-26JAN08WMMONM,401812003
KXNCAAMBGAME-26JAN08STONDREX,401812001
KXNCAAMBGAME-26JAN08NWMSU,401825428
KXNCAAMBGAME-26JAN08MASSLBRY,401812112
KXNCAAMBGAME-26JAN08MEUMBC,401812111
KXNCAAMBGAME-26JAN08CHSFDU,401812317
KXNCAAMBGAME-26JAN08HOFTOWS,401812002
KXNCAAMBGAME-26JAN07GCBSU,401823793
KXNCAAMBGAME-26JAN07ALAVAN,401808155
KXNCAAMBGAME-26JAN07ASUBYU,401827606
KXNCAAMBGAME-26JAN07SMUCLEM,401820652
KXNCAAMBGAME-26JAN07KSUARIZ,401827604
KXNCAAMBGAME-26JAN07CALUVA,401820654
KXNCAAMBGAME-26JAN07DAVLCHI,401828357
KXNCAAMBGAME-26JAN07DRKEBRAD,401830234
KXNCAAMBGAME-26JAN07ARKMISS,401808159
KXNCAAMBGAME-26JAN07SDAKUST,401818377
KXNCAAMBGAME-26JAN07UTAHCOLO,401827607
KXNCAAMBGAME-26JAN07USFUNT,401828166
KXNCAAMBGAME-26JAN07WASHPUR,401825426
KXNCAAMBGAME-26JAN07MURREVAN,401830262
KXNCAAMBGAME-26JAN07ILSTVALP,401830264
KXNCAAMBGAME-26JAN07SIUUIC,401830263
KXNCAAMBGAME-26JAN07RICEWICH,401828165
KXNCAAMBGAME-26JAN07ISUBAY,401827605
KXNCAAMBGAME-26JAN07SLUVCU,401828362
KXNCAAMBGAME-26JAN07TROYARST,401808602
KXNCAAMBGAME-26JAN07DUQJOES,401828358
KXNCAAMBGAME-26JAN07CHARUTSA,401828163
KXNCAAMBGAME-26JAN07FAUUAB,401828162
KXNCAAMBGAME-26JAN07PRERAD,401823905
KXNCAAMBGAME-26JAN07MIZZUK,401808157
KXNCAAMBGAME-26JAN07MRSHJMU,401808601
KXNCAAMBGAME-26JAN07STANVT,401820655
KXNCAAMBGAME-26JAN07CHSOWIN,401823902
KXNCAAMBGAME-26JAN07BULAF,401824365
KXNCAAMBGAME-26JAN07LASURI,401828360
KXNCAAMBGAME-26JAN07RICHSBON,401828361
KXNCAAMBGAME-26JAN07CREIVILL,401822891
KXNCAAMBGAME-26JAN07CONNPROV,401822889
KXNCAAMBGAME-26JAN07WEBBHP,401823903
KXNCAAMBGAME-26JAN07MOSUKENN,401804868
KXNCAAMBGAME-26JAN07OKLAMSST,401808154
KXNCAAMBGAME-26JAN07PFWYSU,401817611
KXNCAAMBGAME-26JAN07ECUTEM,401828164
KXNCAAMBGAME-26JAN07FIUJVST,401804867
KXNCAAMBGAME-26JAN07MIAWAKE,401820656
KXNCAAMBGAME-26JAN07BELUNI,401830203
KXNCAAMBGAME-26JAN07CITMER,401809315
KXNCAAMBGAME-26JAN07XAVMARQ,401822890
KXNCAAMBGAME-26JAN07AMERCOLG,401828673
KXNCAAMBGAME-26JAN07BUCKNAVY,401820162
KXNCAAMBGAME-26JAN07VMIETSU,401809314
KXNCAAMBGAME-26JAN07WCUSAM,401809316
KXNCAAMBGAME-26JAN07GMUFOR,401828359
KXNCAAMBGAME-26JAN07INDMD,401825425
KXNCAAMBGAME-26JAN07UNCGWOF,401809317
KXNCAAMBGAME-26JAN07LMDARMY,401820195
KXNCAAMBGAME-26JAN07LONGUNCA,401823904
KXNCAAMBGAME-26JAN07HCLEH,401824385
KXNCAAMBGAME-26JAN07FURCHAT,401809313
KXNCAAMBGAME-26JAN06SDSUNEV,401823772
KXNCAAMBGAME-26JAN06UNLVWYO,401830822
KXNCAAMBGAME-26JAN06FRESSJSU,401828926
KXNCAAMBGAME-26JAN06TCUKU,401827601
KXNCAAMBGAME-26JAN06TEXTENN,401808160
KXNCAAMBGAME-26JAN06UNMCSU,401830321
KXNCAAMBGAME-26JAN06TXAMAUB,401808156
KXNCAAMBGAME-26JAN06TTUHOU,401827600
KXNCAAMBGAME-26JAN06UCLAWIS,401825424
KXNCAAMBGAME-26JAN06IOWAMINN,401825422
KXNCAAMBGAME-26JAN06NCSTBC,401820651
KXNCAAMBGAME-26JAN06USUAFA,401820560
KXNCAAMBGAME-26JAN06TOLNIU,401814508
KXNCAAMBGAME-26JAN06GWDAY,401828356
KXNCAAMBGAME-26JAN06UCFOKST,401827602
KXNCAAMBGAME-26JAN06LINWSIUE,401806425
KXNCAAMBGAME-26JAN06GTWNDEP,401822887
KXNCAAMBGAME-26JAN06CINWVU,401827603
KXNCAAMBGAME-26JAN06BGSUKENT,401814504
KXNCAAMBGAME-26JAN06CMUAKR,401814505
KXNCAAMBGAME-26JAN06MICHPSU,401825423
KXNCAAMBGAME-26JAN06SYRGT,401820653
KXNCAAMBGAME-26JAN06WMUMOH,401814509
KXNCAAMBGAME-26JAN06UGAFLA,401808153
KXNCAAMBGAME-26JAN06SCARLSU,401808158
KXNCAAMBGAME-26JAN06SJUBUT,401822888
KXNCAAMBGAME-26JAN06DUKELOU,401820650
KXNCAAMBGAME-26JAN06EMUBALL,401814506
KXNCAAMBGAME-26JAN06MASSOHIO,401814507
KXNCAAMBGAME-26JAN05USCMSU,401825419
KXNCAAMBGAME-26JAN05DARTHARV,401812613
KXNCAAMBGAME-26JAN05ETAMUNO,401808707
KXNCAAMBGAME-26JAN05AAMUMVSU,401827201
KXNCAAMBGAME-26JAN05AMCCHCU,401820477
KXNCAAMBGAME-26JAN05NWSTNICH,401808922
KXNCAAMBGAME-26JAN05IWUTRGV,401808978
KXNCAAMBGAME-26JAN05ORERUTG,401825421
KXNCAAMBGAME-26JAN05SFAMCNS,401808874
KXNCAAMBGAME-26JAN05TXSOGRAM,401827095
KXNCAAMBGAME-26JAN05PENNPRIN,401812585
KXNCAAMBGAME-26JAN05LAMSELA,401808957
KXNCAAMBGAME-26JAN05MILWGB,401817610
KXNCAAMBGAME-26JAN05WMCOFC,401811998
KXNCAAMBGAME-26JAN05PVSOU,401827022
KXNCAAMBGAME-26JAN05YALEBRWN,401818307
KXNCAAMBGAME-26JAN05NEBOSU,401825420
KXNCAAMBGAME-26JAN05ALSTARPB,401827137
KXNCAAMBGAME-26JAN05CLMBCOR,401818539
KXNCAAMBGAME-26JAN04LMUGONZ,401829181
KXNCAAMBGAME-26JAN04WASHIND,401825418
KXNCAAMBGAME-26JAN04SEASMC,401829186
KXNCAAMBGAME-26JAN04PORTSF,401829184
KXNCAAMBGAME-26JAN04USDSCU,401829185
KXNCAAMBGAME-26JAN04PEPPPAC,401829183
KXNCAAMBGAME-26JAN04SIUBEL,401830202
KXNCAAMBGAME-26JAN04BRADMURR,401830235
KXNCAAMBGAME-26JAN04UTEPFIU,401804862
KXNCAAMBGAME-26JAN04FDUSFPA,401812316
KXNCAAMBGAME-26JAN04TLSAUNT,401828161
KXNCAAMBGAME-26JAN04UNIEVAN,401830260
KXNCAAMBGAME-26JAN04YSUNKU,401817608
KXNCAAMBGAME-26JAN04INSTDRKE,401830259
KXNCAAMBGAME-26JAN04RMUOAK,401817609
KXNCAAMBGAME-26JAN04STNHWAG,401812402
KXNCAAMBGAME-26JAN04UICVALP,401830261
KXNCAAMBGAME-26JAN04LTWKU,401804864
KXNCAAMBGAME-26JAN04LMCMHU,401812335
KXNCAAMBGAME-26JAN04NMSUMOSU,401804861
KXNCAAMBGAME-26JAN04FAIRNIAG,401813385
KXNCAAMBGAME-26JAN04IONAMRST,401813330
KXNCAAMBGAME-26JAN04LIUCHS,401812366
KXNCAAMBGAME-26JAN04MSMQUIN,401813409
KXNCAAMBGAME-26JAN04CLEVPFW,401817607
KXNCAAMBGAME-26JAN04SIERID,401813423
KXNCAAMBGAME-26JAN04WRSTIUIN,401817606
KXNCAAMBGAME-26JAN04JVSTLIB,401804865
KXNCAAMBGAME-26JAN04SHSUMTU,401804863
KXNCAAMBGAME-26JAN04KENNDEL,401804866
KXNCAAMBGAME-26JAN04MARQCONN,401822885
KXNCAAMBGAME-26JAN04UABUSF,401828159
KXNCAAMBGAME-26JAN04FAUTULN,401828160
KXNCAAMBGAME-26JAN04DENUST,401818376
KXNCAAMBGAME-26JAN04CREIHALL,401822886
KXNCAAMBGAME-26JAN04NHCCCSU,401812653
KXNCAAMBGAME-26JAN04RICHFOR,401828355
KXNCAAMBGAME-26JAN04SHUCAN,401813359
KXNCAAMBGAME-26JAN04MANMRMK,401813311
KXNCAAMBGAME-26JAN03BSUSDSU,401823771
KXNCAAMBGAME-26JAN03HAWUCSD,401809087
KXNCAAMBGAME-26JAN03SACWEB,401808541
KXNCAAMBGAME-26JAN03FLAMIZZ,401808147
KXNCAAMBGAME-26JAN03CPLBSU,401809155
KXNCAAMBGAME-26JAN03UTASUU,401805162
KXNCAAMBGAME-26JAN03PURWIS,401825417
KXNCAAMBGAME-26JAN03WYOUNM,401830320
KXNCAAMBGAME-26JAN03CSUGC,401823792
KXNCAAMBGAME-26JAN03UMKCNEOM,401818375
KXNCAAMBGAME-26JAN03NAUMTST,401808514
KXNCAAMBGAME-26JAN03ILLPSU,401825416
KXNCAAMBGAME-26JAN03NEVFRES,401828925
KXNCAAMBGAME-26JAN03MSSTTEX,401808150
KXNCAAMBGAME-26JAN03WICHCHAR,401828156
KXNCAAMBGAME-26JAN03HAMPUNCW,401811999
KXNCAAMBGAME-26JAN03UCICSF,401809108
KXNCAAMBGAME-26JAN03ALSTMVSU,401827159
KXNCAAMBGAME-26JAN03PRSTIDST,401808488
KXNCAAMBGAME-26JAN03AAMUARPB,401827136
KXNCAAMBGAME-26JAN03DAVJOES,401828350
KXNCAAMBGAME-26JAN03TXSOSOU,401827021
KXNCAAMBGAME-26JAN03MONMTOWS,401811997
KXNCAAMBGAME-26JAN03UNCOMONT,401808502
KXNCAAMBGAME-26JAN03UCLAIOWA,401825414
KXNCAAMBGAME-26JAN03EWUIDHO,401808453
KXNCAAMBGAME-26JAN03COLOASU,401827593
KXNCAAMBGAME-26JAN03PVGRAM,401827047
KXNCAAMBGAME-26JAN03LEHBUCK,401829396
KXNCAAMBGAME-26JAN03AMCCUTRGV,401808977
KXNCAAMBGAME-26JAN03CSBUCD,401809125
KXNCAAMBGAME-26JAN03CBUTARL,401805161
KXNCAAMBGAME-26JAN03SFASELA,401808956
KXNCAAMBGAME-26JAN03JACPEAY,401807670
KXNCAAMBGAME-26JAN03NORFNCCU,401828724
KXNCAAMBGAME-26JAN03WIUSEMO,401806424
KXNCAAMBGAME-26JAN03MINNNW,401825415
KXNCAAMBGAME-26JAN03UNFLIP,401807671
KXNCAAMBGAME-26JAN03ORUNDSU,401818374
KXNCAAMBGAME-26JAN03HOWSCST,401829284
KXNCAAMBGAME-26JAN03MORGUMES,401823045
KXNCAAMBGAME-26JAN03AFAUNLV,401820559
KXNCAAMBGAME-26JAN03ALCNJKST,401828663
KXNCAAMBGAME-26JAN03COPPDSU,401822767
KXNCAAMBGAME-26JAN03WCUFUR,401809229
KXNCAAMBGAME-26JAN03HCUIW,401820476
KXNCAAMBGAME-26JAN03EIUUTM,401806420
KXNCAAMBGAME-26JAN03MORESIUE,401806423
KXNCAAMBGAME-26JAN03LAFLMD,401820194
KXNCAAMBGAME-26JAN03USILINW,401806421
KXNCAAMBGAME-26JAN03UNONWST,401808904
KXNCAAMBGAME-26JAN03USATROY,401808599
KXNCAAMBGAME-26JAN03TNSTUALR,401806422
KXNCAAMBGAME-26JAN03FAMUCOOK,401827114
KXNCAAMBGAME-26JAN03ETAMNICH,401808706
KXNCAAMBGAME-26JAN03LSUTXAM,401808149
KXNCAAMBGAME-26JAN03UCSBCSN,401823265
KXNCAAMBGAME-26JAN03SJSUUSU,401827935
KXNCAAMBGAME-26JAN03APPMRSH,401808594
KXNCAAMBGAME-26JAN03MERETSU,401809228
KXNCAAMBGAME-26JAN03NCATSTON,401812000
KXNCAAMBGAME-26JAN03WEBBWIN,401823898
KXNCAAMBGAME-26JAN03SAMUNCG,401809231
KXNCAAMBGAME-26JAN03URIGMU,401828353
KXNCAAMBGAME-26JAN03GASOODU,401808595
KXNCAAMBGAME-26JAN03UVUAC,401805160
KXNCAAMBGAME-26JAN03DUKEFSU,401820644
KXNCAAMBGAME-26JAN03ARIZUTAH,401827599
KXNCAAMBGAME-26JAN03TXSTULM,401808600
KXNCAAMBGAME-26JAN03OHIOEMU,401814502
KXNCAAMBGAME-26JAN03AKRMOH,401814498
KXNCAAMBGAME-26JAN03TENNARK,401808145
KXNCAAMBGAME-26JAN03MISSOKLA,401808151
KXNCAAMBGAME-26JAN03BELLQUC,401807667
KXNCAAMBGAME-26JAN03MEMRICE,401828157
KXNCAAMBGAME-26JAN03DAYLCHI,401828351
KXNCAAMBGAME-26JAN03TOLCMU,401814503
KXNCAAMBGAME-26JAN03JMUARST,401808597
KXNCAAMBGAME-26JAN03FGCUUNA,401807669
KXNCAAMBGAME-26JAN03SCUSPRE,401823901
KXNCAAMBGAME-26JAN03BCGT,401820645
KXNCAAMBGAME-26JAN03UNCACHSO,401823900
KXNCAAMBGAME-26JAN03BAYTCU,401827597
KXNCAAMBGAME-26JAN03BGSUMASS,401814500
KXNCAAMBGAME-26JAN03STETCARK,401807672
KXNCAAMBGAME-26JAN03UNCSMU,401820648
KXNCAAMBGAME-26JAN03SDSTUND,401818373
KXNCAAMBGAME-26JAN03HOUCIN,401827595
KXNCAAMBGAME-26JAN03ALBYMASSL,401812106
KXNCAAMBGAME-26JAN03BRYME,401812107
KXNCAAMBGAME-26JAN03KUUCF,401827594
KXNCAAMBGAME-26JAN03HOFDREX,401811996
KXNCAAMBGAME-26JAN03NAVYHC,401820161
KXNCAAMBGAME-26JAN03XAVDEP,401822884
KXNCAAMBGAME-26JAN03LASGW,401828354
KXNCAAMBGAME-26JAN03EKYUWGA,401807668
KXNCAAMBGAME-26JAN03NJITBING,401812108
KXNCAAMBGAME-26JAN03BYUKSU,401827596
KXNCAAMBGAME-26JAN03BALLBUFF,401814499
KXNCAAMBGAME-26JAN03LONGHP,401823899
KXNCAAMBGAME-26JAN03AUBUGA,401808146
KXNCAAMBGAME-26JAN03VANSCAR,401808148
KXNCAAMBGAME-26JAN03UKALA,401808152
KXNCAAMBGAME-26JAN03GASTCCAR,401808596
KXNCAAMBGAME-26JAN03AMERBU,401824364
KXNCAAMBGAME-26JAN03NIUKENT,401814501
KXNCAAMBGAME-26JAN03CLEMPITT,401820647
KXNCAAMBGAME-26JAN03USMULL,401808598
KXNCAAMBGAME-26JAN03WOFCIT,401809230
KXNCAAMBGAME-26JAN03CHATVMI,401809232
KXNCAAMBGAME-26JAN03OKSTTTU,401827598
KXNCAAMBGAME-26JAN03COLGARMY,401826818
KXNCAAMBGAME-26JAN03UVMUNH,401812109
KXNCAAMBGAME-26JAN03PROVSJU,401822882
KXNCAAMBGAME-26JAN03VCUDUQ,401828352
KXNCAAMBGAME-26JAN03NECAMP,401811995
KXNCAAMBGAME-26JAN03VTWAKE,401820649
KXNCAAMBGAME-26JAN03UTSATEM,401828158
KXNCAAMBGAME-26JAN03VILLBUT,401822883
KXNCAAMBGAME-26JAN03UVANCST,401820646
KXNCAAMBGAME-26JAN02NDCAL,401820642
KXNCAAMBGAME-26JAN02PORTSMC,401829178
KXNCAAMBGAME-26JAN02SEAGONZ,401829180
KXNCAAMBGAME-26JAN02PEPPSCU,401829177
KXNCAAMBGAME-26JAN02ORSTPAC,401829176
KXNCAAMBGAME-26JAN02LMUWSU,401829175
KXNCAAMBGAME-26JAN02WVUISU,401827592
KXNCAAMBGAME-26JAN02MSUNEB,401825412
KXNCAAMBGAME-26JAN02LOUSTAN,401820643
KXNCAAMBGAME-26JAN02FDUMHU,401812315
KXNCAAMBGAME-26JAN02SIEIONA,401813422
KXNCAAMBGAME-26JAN02RMUDET,401817605
KXNCAAMBGAME-26JAN02OSURUTG,401825413
KXNCAAMBGAME-26JAN02OREMD,401825410
KXNCAAMBGAME-26JAN02UTEPMOSU,401804856
KXNCAAMBGAME-26JAN02LTMTU,401804858
KXNCAAMBGAME-26JAN02LAMMCNS,401808873
KXNCAAMBGAME-26JAN02USCMICH,401825411
KXNCAAMBGAME-26JAN02MRSTSPC,401813329
KXNCAAMBGAME-26JAN02QUINMAN,401813300
KXNCAAMBGAME-26JAN02KENNLIB,401804860
KXNCAAMBGAME-26JAN02WAGCHS,401812411
KXNCAAMBGAME-26JAN02JVSTDEL,401804859
KXNCAAMBGAME-26JAN02LMCSFPA,401812334
KXNCAAMBGAME-26JAN02CCSULIU,401812365
KXNCAAMBGAME-26JAN02NHCSTNH,401812401
KXNCAAMBGAME-26JAN02SHSUWKU,401804857
KXNCAAMBGAME-26JAN02FAIRCAN,401813358
KXNCAAMBGAME-26JAN02SHUNIAG,401813384
KXNCAAMBGAME-26JAN02MSMMRMK,401813408
KXNCAAMBGAME-26JAN02ASPCOR,401830010
KXNCAAMBGAME-26JAN02NMSUFIU,401804855
KXNCAAMBGAME-26JAN01UCSBCSF,401823177
KXNCAAMBGAME-26JAN01MURRUIC,401830256
KXNCAAMBGAME-26JAN01UCSDCP,401809086
KXNCAAMBGAME-26JAN01SACIDST,401808487
KXNCAAMBGAME-26JAN01EIUSEMO,401806415
KXNCAAMBGAME-26JAN01UNCOMTST,401808513
KXNCAAMBGAME-26JAN01UNFPEAY,401807665
KXNCAAMBGAME-26JAN01UVUTARL,401805158
KXNCAAMBGAME-26JAN01EKYQUC,401807662
KXNCAAMBGAME-26JAN01UTUAC,401805157
KXNCAAMBGAME-26JAN01HAWUCRV,401809140
KXNCAAMBGAME-26JAN01BELLUWGA,401807661
KXNCAAMBGAME-26JAN01INSTUNI,401830257
KXNCAAMBGAME-26JAN01BRADBEL,401830201
KXNCAAMBGAME-26JAN01NAUMONT,401808501
KXNCAAMBGAME-26JAN01TNTCUALR,401806417
KXNCAAMBGAME-26JAN01UCICSB,401809107
KXNCAAMBGAME-26JAN01NEOMSDST,401818332
KXNCAAMBGAME-26JAN01CSNUCD,401809124
KXNCAAMBGAME-26JAN01USMULM,401808593
KXNCAAMBGAME-26JAN01USISIUE,401806418
KXNCAAMBGAME-26JAN01WIUUTM,401806419
KXNCAAMBGAME-26JAN01PRSTWEB,401808537
KXNCAAMBGAME-26JAN01MORELINW,401806416
KXNCAAMBGAME-26JAN01CHATUNCG,401809226
KXNCAAMBGAME-26JAN01VALPSIU,401830258
KXNCAAMBGAME-26JAN01EVANILST,401830255
KXNCAAMBGAME-26JAN01CBUUTA,401805159
KXNCAAMBGAME-26JAN01MILWWRST,401817602
KXNCAAMBGAME-26JAN01ORUUND,401818331
KXNCAAMBGAME-26JAN01JACLIP,401807664
KXNCAAMBGAME-26JAN01FGCUCARK,401807663
KXNCAAMBGAME-26JAN01GBPFW,401817601
KXNCAAMBGAME-26JAN01IUINNKU,401817603
KXNCAAMBGAME-26JAN01GASOCCAR,401808592
KXNCAAMBGAME-26JAN01ELMSDART,401831278
KXNCAAMBGAME-26JAN01OAKYSU,401817604
KXNCAAMBGAME-26JAN01STETUNA,401807666
KXNCAAMBGAME-26JAN01SAMVMI,401809227
KXNCAAMBGAME-25DEC31SJUGTWN,401822879
KXNCAAMBGAME-25DEC31DREXUNCW,401811991
KXNCAAMBGAME-25DEC31DEPVILL,401822881
KXNCAAMBGAME-25DEC31NICHUTRGV,401808921
KXNCAAMBGAME-25DEC31UNOAMCC,401808903
KXNCAAMBGAME-25DEC31SFANWST,401808936
KXNCAAMBGAME-25DEC31SDAKNDSU,401818329
KXNCAAMBGAME-25DEC31GASTMRSH,401808589
KXNCAAMBGAME-25DEC31GWRICH,401828346
KXNCAAMBGAME-25DEC31UMKCDEN,401818330
KXNCAAMBGAME-25DEC31WINLONG,401823897
KXNCAAMBGAME-25DEC31GTDUKE,401820636
KXNCAAMBGAME-25DEC31CONNXAV,401822880
KXNCAAMBGAME-25DEC31WICHUAB,401828150
KXNCAAMBGAME-25DEC31UNTMEM,401828154
KXNCAAMBGAME-25DEC31JOESSLU,401828349
KXNCAAMBGAME-25DEC31COLGLAF,401829407
KXNCAAMBGAME-25DEC31UVAVT,401820641
KXNCAAMBGAME-25DEC31CHSOWEBB,401823874
KXNCAAMBGAME-25DEC31NENCAT,401811989
KXNCAAMBGAME-25DEC31PSUACLMB,401818538
KXNCAAMBGAME-25DEC31RADSCUS,401823896
KXNCAAMBGAME-25DEC31TXSTTROY,401808591
KXNCAAMBGAME-25DEC31APPODU,401808588
KXNCAAMBGAME-25DEC31TOWSHAMP,401811992
KXNCAAMBGAME-25DEC31CLEMSYR,401820640
KXNCAAMBGAME-25DEC31GMULAS,401828345
KXNCAAMBGAME-25DEC31RICETLSA,401828155
KXNCAAMBGAME-25DEC31FORDAY,401828344
KXNCAAMBGAME-25DEC31COFCELON,401811994
KXNCAAMBGAME-25DEC31SBONVCU,401828348
KXNCAAMBGAME-25DEC31HPUNCA,401823895
KXNCAAMBGAME-25DEC31CAMPMONM,401811993
KXNCAAMBGAME-25DEC31NJITPENN,401812584
KXNCAAMBGAME-25DEC31STONWM,401811990
KXNCAAMBGAME-25DEC31BUCKHC,401824384
KXNCAAMBGAME-25DEC31WOFWCU,401809225
KXNCAAMBGAME-25DEC31UTSAFAU,401828153
KXNCAAMBGAME-25DEC31USAULL,401808590
KXNCAAMBGAME-25DEC31LMDAMER,401820193
KXNCAAMBGAME-25DEC31BUNAVY,401820160
KXNCAAMBGAME-25DEC30BUFFNIU,401814493
KXNCAAMBGAME-25DEC31JWRIBRWN,401818558
KXNCAAMBGAME-25DEC31TULNECU,401828152
KXNCAAMBGAME-25DEC31ARMYLEH,401826817
KXNCAAMBGAME-25DEC31LAMETAM,401808705
KXNCAAMBGAME-25DEC31LCHIURI,401828347
KXNCAAMBGAME-25DEC31MERFUR,401809223
KXNCAAMBGAME-25DEC31WAKENCST,401820638
KXNCAAMBGAME-25DEC30UNMBSU,401823821
KXNCAAMBGAME-25DEC30WSUSEA,401829174
KXNCAAMBGAME-25DEC30LINCALBSU,401823334
KXNCAAMBGAME-25DEC30LOUCAL,401820634
KXNCAAMBGAME-25DEC30SCUPORT,401829173
KXNCAAMBGAME-25DEC30PACLMU,401829170
KXNCAAMBGAME-25DEC30SDSUSJSU,401823770
KXNCAAMBGAME-25DEC30GONZUSD,401829169
KXNCAAMBGAME-25DEC30SFORST,401829172
KXNCAAMBGAME-25DEC30BUTCREI,401822878
KXNCAAMBGAME-25DEC30NEVCSU,401829292
KXNCAAMBGAME-25DEC30NDSTAN,401820635
KXNCAAMBGAME-25DEC30USUFRES,401827914
KXNCAAMBGAME-25DEC30UNHNEB,401826776
KXNCAAMBGAME-25DEC30TNSTTNTC,401806414
KXNCAAMBGAME-25DEC30SMCPEPP,401829171
KXNCAAMBGAME-25DEC30HTUTXSO,401827010
KXNCAAMBGAME-25DEC30SCSTTENN,401829283
KXNCAAMBGAME-25DEC30ARKTARST,401829485
KXNCAAMBGAME-25DEC30MASSEMU,401814496
KXNCAAMBGAME-25DEC30DUQDAV,401828343
KXNCAAMBGAME-25DEC30HALLMARQ,401822877
KXNCAAMBGAME-25DEC30MOHBGSU,401814494
KXNCAAMBGAME-25DEC30FSUUNC,401820639
KXNCAAMBGAME-25DEC30WMUTOL,401814497
KXNCAAMBGAME-25DEC30PITTMIA,401820637
KXNCAAMBGAME-25DEC30TEMCHAR,401828151
KXNCAAMBGAME-25DEC30MILWWIS,401822316
KXNCAAMBGAME-25DEC30PSBWMORG,401813285
KXNCAAMBGAME-25DEC30ETSUCIT,401809224
KXNCAAMBGAME-25DEC30FISKAAMU,401827199
KXNCAAMBGAME-25DEC30ALBYSCAR,401828273
KXNCAAMBGAME-25DEC30HOWNW,401826936
KXNCAAMBGAME-25DEC30WYOAFA,401820558
KXNCAAMBGAME-25DEC30OHIOCMU,401814495
KXNCAAMBGAME-25DEC30SELAIW,401820495
KXNCAAMBGAME-25DEC30UMFKME,401820632
KXNCAAMBGAME-25DEC30UVMPRIN,401826770
KXNCAAMBGAME-25DEC30CCLAGRAM,401827094
KXNCAAMBGAME-25DEC29UTAHWASH,401819914
KXNCAAMBGAME-25DEC29UMUSA,401831555
KXNCAAMBGAME-25DEC29LASUNLV,401820402
KXNCAAMBGAME-25DEC29QUCAUB,401823498
KXNCAAMBGAME-25DEC29SUUUTU,401805155
KXNCAAMBGAME-25DEC29NICHAMCC,401808920
KXNCAAMBGAME-25DEC29SDSTARIZ,401826888
KXNCAAMBGAME-25DEC29BENUNAU,401825594
KXNCAAMBGAME-25DEC29ILSTDRKE,401830252
KXNCAAMBGAME-25DEC29FDUMINN,401812314
KXNCAAMBGAME-25DEC29JKSTTCU,401812259
KXNCAAMBGAME-25DEC29PVTXAM,401827046
KXNCAAMBGAME-25DEC29UNOUTRGV,401808902
KXNCAAMBGAME-25DEC29USMLSU,401827260
KXNCAAMBGAME-25DEC29MVSUOKLA,401826782
KXNCAAMBGAME-25DEC29ALCNMISS,401828494
KXNCAAMBGAME-25DEC29EVANBRAD,401830218
KXNCAAMBGAME-25DEC29PFWMILW,401817597
KXNCAAMBGAME-25DEC29CBUUVU,401805156
KXNCAAMBGAME-25DEC29JMUARK,401826790
KXNCAAMBGAME-25DEC29TARLUTA,401805154
KXNCAAMBGAME-25DEC29LAMNWST,401808935
KXNCAAMBGAME-25DEC29SFAETAM,401808704
KXNCAAMBGAME-25DEC29MTUHOU,401823001
KXNCAAMBGAME-25DEC29YALEALA,401812269
KXNCAAMBGAME-25DEC29VALPUNI,401830254
KXNCAAMBGAME-25DEC29UNCWNCAT,401811988
KXNCAAMBGAME-25DEC29IUINCLEV,401817596
KXNCAAMBGAME-25DEC29COOKOKST,401813297
KXNCAAMBGAME-25DEC29OAKWRST,401817600
KXNCAAMBGAME-25DEC29UTEPLT,401804853
KXNCAAMBGAME-25DEC29KENTPUR,401823019
KXNCAAMBGAME-25DEC29HCUISU,401819881
KXNCAAMBGAME-25DEC29BELINST,401830200
KXNCAAMBGAME-25DEC29IONAMSM,401813407
KXNCAAMBGAME-25DEC29MCNSMICH,401826084
KXNCAAMBGAME-25DEC29WKUJVST,401804832
KXNCAAMBGAME-25DEC29ALSTMSST,401827158
KXNCAAMBGAME-25DEC29LIUUGA,401812364
KXNCAAMBGAME-25DEC29SIUMURR,401830253
KXNCAAMBGAME-25DEC29SPCFAIR,401823315
KXNCAAMBGAME-25DEC29STONHAMP,401811984
KXNCAAMBGAME-25DEC29MANRID,401813310
KXNCAAMBGAME-25DEC29NHCVAN,401828686
KXNCAAMBGAME-25DEC29CORMSU,401827222
KXNCAAMBGAME-25DEC29CUWVAKR,401820603
KXNCAAMBGAME-25DEC29DSURUTG,401827436
KXNCAAMBGAME-25DEC29NKURMU,401817598
KXNCAAMBGAME-25DEC29DREXCOFC,401811986
KXNCAAMBGAME-25DEC29LIPCIN,401819850
KXNCAAMBGAME-25DEC29CAMPHOF,401811985
KXNCAAMBGAME-25DEC29EARLBALL,401822328
KXNCAAMBGAME-25DEC29NEELON,401811983
KXNCAAMBGAME-25DEC29DARTFLA,401829419
KXNCAAMBGAME-25DEC29DETYSU,401817599
KXNCAAMBGAME-25DEC29UMBCCOPP,401822766
KXNCAAMBGAME-25DEC29TOWSWM,401811987
KXNCAAMBGAME-25DEC29MASSLIOWA,401823651
KXNCAAMBGAME-25DEC29SUNYCNJIT,401830112
KXNCAAMBGAME-25DEC29GCSUSF,401826814
KXNCAAMBGAME-25DEC29ABAPBAY,401819833
KXNCAAMBGAME-25DEC29MRSTQUIN,401813328
KXNCAAMBGAME-25DEC29ELMCBING,401820612
KXNCAAMBGAME-25DEC29ILLTUIC,401828921
KXNCAAMBGAME-25DEC29SOUILL,401827020
KXNCAAMBGAME-25DEC29MRMKSHU,401823731
KXNCAAMBGAME-25DEC29MOSUDEL,401804854
KXNCAAMBGAME-25DEC29NCCUPSU,401827279
KXNCAAMBGAME-25DEC28SFSEA,401829166
KXNCAAMBGAME-25DEC28GONZPEPP,401829163
KXNCAAMBGAME-25DEC28NEOMORE,401827266
KXNCAAMBGAME-25DEC28SUFEUCSD,401826910
KXNCAAMBGAME-25DEC28SMCLMU,401829165
KXNCAAMBGAME-25DEC28MCPHUMKC,401829454
KXNCAAMBGAME-25DEC28FISKPEAY,401830628
KXNCAAMBGAME-25DEC28SCUORST,401829167
KXNCAAMBGAME-25DEC28ODUMD,401827218
KXNCAAMBGAME-25DEC28PACUSD,401829164
KXNCAAMBGAME-25DEC28PENNGMU,401812583
KXNCAAMBGAME-25DEC28PUCUCD,401826091
KXNCAAMBGAME-25DEC28COLMGAST,401829494
KXNCAAMBGAME-25DEC28WSUPORT,401829168
KXNCAAMBGAME-25DEC28TRUEPRE,401826945
KXNCAAMBGAME-25DEC28CHSORICH,401817181
KXNCAAMBGAME-25DEC28DAKSUND,401829460
KXNCAAMBGAME-25DEC28SHENRAD,401826075
KXNCAAMBGAME-25DEC28AVELONG,401827057
KXNCAAMBGAME-25DEC28USWNMSU,401830632
KXNCAAMBGAME-25DEC28BUFMER,401832544
KXNCAAMBGAME-25DEC28PUHP,401826981
KXNCAAMBGAME-25DEC28NORFULL,401828723
KXNCAAMBGAME-25DEC28UNCOCOLO,401819870
KXNCAAMBGAME-25DEC28UFTLFGCU,401823235
KXNCAAMBGAME-25DEC28CSFSMU,401817463
KXNCAAMBGAME-25DEC28CLMBUNF,401818537
KXNCAAMBGAME-25DEC28COBSSHSU,401823357
KXNCAAMBGAME-25DEC28FAMUGT,401826756
KXNCAAMBGAME-25DEC28PRNCSLU,401817193
KXNCAAMBGAME-25DEC28LMCBC,401817217
KXNCAAMBGAME-25DEC28LIBFIU,401804831
KXNCAAMBGAME-25DEC28ULMKSU,401819897
KXNCAAMBGAME-25DEC28UNICWOF,401829441
KXNCAAMBGAME-25DEC28WINTTU,401819904
KXNCAAMBGAME-25DEC28HARVCOLG,401812612
KXNCAAMBGAME-25DEC28MTMSDAK,401811115
KXNCAAMBGAME-25DEC28NCUUST,401829481
KXNCAAMBGAME-25DEC28ALCMORE,401831190
KXNCAAMBGAME-25DEC28WORCBRY,401820621
KXNCAAMBGAME-25DEC28ARCJOES,401822733
KXNCAAMBGAME-25DEC27CSNSTAN,401817475
KXNCAAMBGAME-25DEC27COLMUNCW,401823596
KXNCAAMBGAME-25DEC23VILLHALL,401822876
KXNCAAMBGAME-25DEC23WVTMRSH,401827264
KXNCAAMBGAME-25DEC23MORGLMU,401813284
KXNCAAMBGAME-25DEC23HARVSJU,401812611
KXNCAAMBGAME-25DEC23IDHOCSB,401823572
KXNCAAMBGAME-25DEC23UCRVUCLA,401813766
KXNCAAMBGAME-25DEC23LINWMOSU,401822397
KXNCAAMBGAME-25DEC23FAUUCF,401824830
KXNCAAMBGAME-25DEC23GRAMOSU,401827093
KXNCAAMBGAME-25DEC23BELLUK,401823223
KXNCAAMBGAME-25DEC23GBCAMP,401828299
KXNCAAMBGAME-25DEC23BINGARMY,401820611
KXNCAAMBGAME-25DEC22SACCSN,401823264
KXNCAAMBGAME-25DEC22UNISMC,401820549
KXNCAAMBGAME-25DEC22USDWASH,401824117
KXNCAAMBGAME-25DEC22UCINORF,401831233
KXNCAAMBGAME-25DEC22WBCUALR,401825190
KXNCAAMBGAME-25DEC22COOKARIZ,401826887
KXNCAAMBGAME-25DEC22EWUBYU,401819841
KXNCAAMBGAME-25DEC22STETOKLA,401825209
KXNCAAMBGAME-25DEC22UMESTEX,401823044
KXNCAAMBGAME-25DEC22ILLMIZZ,401811100
KXNCAAMBGAME-25DEC22ECUUNC,401817271
KXNCAAMBGAME-25DEC22UTAORU,401823873
KXNCAAMBGAME-25DEC22CMUWIS,401823459
KXNCAAMBGAME-25DEC22IUINGC,401823380
KXNCAAMBGAME-25DEC22ALSTMEM,401826801
KXNCAAMBGAME-25DEC22DAVKU,401819887
KXNCAAMBGAME-25DEC22UTUCREI,401820836
KXNCAAMBGAME-25DEC22PRINTEM,401826841
KXNCAAMBGAME-25DEC22NDSUUTEP,401831232
KXNCAAMBGAME-25DEC22PVLSU,401827045
KXNCAAMBGAME-25DEC22BRYHP,401820620
KXNCAAMBGAME-25DEC22NEURI,401817171
KXNCAAMBGAME-25DEC22CCNYFAIR,401823314
KXNCAAMBGAME-25DEC22FDUBC,401812313
KXNCAAMBGAME-25DEC22EMUWRST,401823414
KXNCAAMBGAME-25DEC22JACFSU,401823350
KXNCAAMBGAME-25DEC22CCARJOES,401822672
KXNCAAMBGAME-25DEC22MVSUWVU,401819922
KXNCAAMBGAME-25DEC22STNHSYR,401817486
KXNCAAMBGAME-25DEC22RIDVCU,401812632
KXNCAAMBGAME-25DEC22COPPGTWN,401822765
KXNCAAMBGAME-25DEC22CANDUQ,401813357
KXNCAAMBGAME-25DEC22PSEBUFF,401823453
KXNCAAMBGAME-25DEC22SIEIND,401822838
KXNCAAMBGAME-25DEC22AMERUVA,401817515
KXNCAAMBGAME-25DEC22PORTUCSB,401824094
KXNCAAMBGAME-25DEC22ACTXSO,401827009
KXNCAAMBGAME-25DEC22SIUEWIU,401806413
KXNCAAMBGAME-25DEC22SCSTSCAR,401829282
KXNCAAMBGAME-25DEC22LINCAWEB,401826958
KXNCAAMBGAME-25DEC22NUMTST,401825583
KXNCAAMBGAME-25DEC22GRCELON,401827520
KXNCAAMBGAME-25DEC22EWUEIU,401822362
KXNCAAMBGAME-25DEC22DENTLSA,401826745
KXNCAAMBGAME-25DEC22SEAUTSA,401824133
KXNCAAMBGAME-25DEC22SIHBGSU,401823424
KXNCAAMBGAME-25DEC22UWGAUGA,401825391
KXNCAAMBGAME-25DEC22SHUTOWS,401823730
KXNCAAMBGAME-25DEC22DCCLT,401826904
KXNCAAMBGAME-25DEC22NJITBUT,401820830
KXNCAAMBGAME-25DEC22DEFCWMU,401829276
KXNCAAMBGAME-25DEC22CCNJSPC,401831279
KXNCAAMBGAME-25DEC22MILLMOH,401831073
KXNCAAMBGAME-25DEC22MABOMASS,401827758
KXNCAAMBGAME-25DEC22MHAMOHIO,401829051
KXNCAAMBGAME-25DEC22TRINFIU,401829047
KXNCAAMBGAME-25DEC22MCBJWAG,401831531
KXNCAAMBGAME-25DEC22NHCFOR,401822171
KXNCAAMBGAME-25DEC21NORFUTEP,401828475
KXNCAAMBGAME-25DEC21IDHOCP,401823571
KXNCAAMBGAME-25DEC21UNDNEB,401827239
KXNCAAMBGAME-25DEC21NICHPAC,401824067
KXNCAAMBGAME-25DEC21GONZORE,401824036
KXNCAAMBGAME-25DEC21UCINDSU,401829465
KXNCAAMBGAME-25DEC21MORGSF,401813283
KXNCAAMBGAME-25DEC21CAMPMINN,401827236
KXNCAAMBGAME-25DEC21UCDIDST,401824859
KXNCAAMBGAME-25DEC21LBSUISU,401819880
KXNCAAMBGAME-25DEC21INSTILST,401830250
KXNCAAMBGAME-25DEC21CLMBCAL,401817227
KXNCAAMBGAME-25DEC21MILWCLEV,401817595
KXNCAAMBGAME-25DEC21EKYWICH,401826884
KXNCAAMBGAME-25DEC21FAMUTCU,401812258
KXNCAAMBGAME-25DEC21CONNDEP,401822875
KXNCAAMBGAME-25DEC21DRKEEVAN,401830249
KXNCAAMBGAME-25DEC21UNFMIA,401809423
KXNCAAMBGAME-25DEC21ETAMTXAM,401829428
KXNCAAMBGAME-25DEC21UCSCUSC,401842364
KXNCAAMBGAME-25DEC21SHSUNMSU,401804830
KXNCAAMBGAME-25DEC21LASMICH,401822185
KXNCAAMBGAME-25DEC21CINCLEM,401812926
KXNCAAMBGAME-25DEC21UMBCUSF,401826057
KXNCAAMBGAME-25DEC21ORSTASU,401819822
KXNCAAMBGAME-25DEC21CHATAAMU,401827198
KXNCAAMBGAME-25DEC21CORALBY,401828272
KXNCAAMBGAME-25DEC21NAUIW,401820494
KXNCAAMBGAME-25DEC21VMIRAD,401823520
KXNCAAMBGAME-25DEC21UNHSLU,401817192
KXNCAAMBGAME-25DEC21UDALSFA,401829450
KXNCAAMBGAME-25DEC21KENNALA,401812268
KXNCAAMBGAME-25DEC21PREMAN,401823863
KXNCAAMBGAME-25DEC21UICCHAR,401820805
KXNCAAMBGAME-25DEC21UNCAUAB,401826878
KXNCAAMBGAME-25DEC21CHSOFUR,401820848
KXNCAAMBGAME-25DEC21HFUDSU,401830836
KXNCAAMBGAME-25DEC21VULUNCG,401830120
KXNCAAMBGAME-25DEC21WEBBTENN,401826974
KXNCAAMBGAME-25DEC21PFWND,401817440
KXNCAAMBGAME-25DEC21LMDGMU,401820192
KXNCAAMBGAME-25DEC21CSFOKST,401813296
KXNCAAMBGAME-25DEC21MURRVALP,401830251
KXNCAAMBGAME-25DEC21CARKSMU,401817462
KXNCAAMBGAME-25DEC21MEDREX,401820631
KXNCAAMBGAME-25DEC21CUMBMTU,401823000
KXNCAAMBGAME-25DEC21SIUBRAD,401830219
KXNCAAMBGAME-25DEC21SOUBAY,401819832
KXNCAAMBGAME-25DEC21QUINHOF,401820586
KXNCAAMBGAME-25DEC21MISSNCST,401817261
KXNCAAMBGAME-25DEC21VANWAKE,401817537
KXNCAAMBGAME-25DEC21STONMRST,401813327
KXNCAAMBGAME-25DEC21LEHMONM,401824866
KXNCAAMBGAME-25DEC21PSBWMSM,401813421
KXNCAAMBGAME-25DEC21MASSLBU,401824363
KXNCAAMBGAME-25DEC21CLINWIN,401827074
KXNCAAMBGAME-25DEC21COFCNKU,401823390
KXNCAAMBGAME-25DEC21ROSENAVY,401820159
KXNCAAMBGAME-25DEC21PSUPITT,401817451
KXNCAAMBGAME-25DEC21COLGFLA,401829406
KXNCAAMBGAME-25DEC20SDSUARIZ,401823768
KXNCAAMBGAME-25DEC20BSUNEV,401823820
KXNCAAMBGAME-25DEC20SJSUUNM,401829327
KXNCAAMBGAME-25DEC20RICEPEPP,401824074
KXNCAAMBGAME-25DEC20UTUWEB,401824030
KXNCAAMBGAME-25DEC20XAVGTWN,401822874
KXNCAAMBGAME-25DEC20PENNRUTG,401812582
KXNCAAMBGAME-25DEC20TTUDUKE,401817237
KXNCAAMBGAME-25DEC20MARQCREI,401822873
KXNCAAMBGAME-25DEC20STANCOLO,401817474
KXNCAAMBGAME-25DEC20SWAUAMCC,401820490
KXNCAAMBGAME-25DEC20SACCBU,401823538
KXNCAAMBGAME-25DEC20PRSTTULN,401826849
KXNCAAMBGAME-25DEC20UCRVUST,401826047
KXNCAAMBGAME-25DEC20NEOMLAM,401828515
KXNCAAMBGAME-25DEC20FRESUNLV,401828924
KXNCAAMBGAME-25DEC20EWUUTAH,401819913
KXNCAAMBGAME-25DEC20MDUVA,401817514
KXNCAAMBGAME-25DEC20HOUARK,401820294
KXNCAAMBGAME-25DEC20CITRICH,401817180
KXNCAAMBGAME-25DEC20AUBPUR,401823482
KXNCAAMBGAME-25DEC20BUCKIOWA,401809083
KXNCAAMBGAME-25DEC20JMUGASO,401808582
KXNCAAMBGAME-25DEC20MERWSU,401823492
KXNCAAMBGAME-25DEC20FGCUUCF,401824829
KXNCAAMBGAME-25DEC20LIUFIU,401812363
KXNCAAMBGAME-25DEC20BETHUVU,401826954
KXNCAAMBGAME-25DEC20MOREUSI,401806350
KXNCAAMBGAME-25DEC20LCHISCU,401824124
KXNCAAMBGAME-25DEC20SEMOTNST,401806351
KXNCAAMBGAME-25DEC20MACUNCAT,401827531
KXNCAAMBGAME-25DEC20ARSTUSM,401808584
KXNCAAMBGAME-25DEC20USATXST,401808586
KXNCAAMBGAME-25DEC20NESYR,401817485
KXNCAAMBGAME-25DEC20MEMMSST,401826800
KXNCAAMBGAME-25DEC20UTMTNTC,401806352
KXNCAAMBGAME-25DEC20BGSUOHIO,401813768
KXNCAAMBGAME-25DEC20GCWYO,401823791
KXNCAAMBGAME-25DEC20JVSTETSU,401824894
KXNCAAMBGAME-25DEC20CMUNIU,401813770
KXNCAAMBGAME-25DEC20NWBUT,401820829
KXNCAAMBGAME-25DEC20UNCOSU,401809307
KXNCAAMBGAME-25DEC20PQCPV,401827044
KXNCAAMBGAME-25DEC20ELONVT,401817526
KXNCAAMBGAME-25DEC20ULLULM,401808585
KXNCAAMBGAME-25DEC20COBSUTRGV,401830123
KXNCAAMBGAME-25DEC20DENUNCO,401826744
KXNCAAMBGAME-25DEC20CSUUSU,401827913
KXNCAAMBGAME-25DEC20KENTMASS,401813771
KXNCAAMBGAME-25DEC20MRSHTROY,401808587
KXNCAAMBGAME-25DEC20SUNONWST,401829446
KXNCAAMBGAME-25DEC20BLMTLIP,401824954
KXNCAAMBGAME-25DEC20HOWUNCW,401827502
KXNCAAMBGAME-25DEC20LAFGT,401826755
KXNCAAMBGAME-25DEC20LONGNCCU,401827056
KXNCAAMBGAME-25DEC20CCARODU,401808583
KXNCAAMBGAME-25DEC20HSSLINW,401822396
KXNCAAMBGAME-25DEC20MOHBALL,401813772
KXNCAAMBGAME-25DEC20BINGMHU,401820216
KXNCAAMBGAME-25DEC20IONAUVM,401824310
KXNCAAMBGAME-25DEC20HCHARV,401812610
KXNCAAMBGAME-25DEC20GASTAPP,401808581
KXNCAAMBGAME-25DEC20SIHDET,401823373
KXNCAAMBGAME-25DEC20LMCSBON,401817205
KXNCAAMBGAME-25DEC20SCUSYSU,401823006
KXNCAAMBGAME-25DEC20SJUUK,401809306
KXNCAAMBGAME-25DEC20CHSIND,401822347
KXNCAAMBGAME-25DEC20BUFFWMU,401813769
KXNCAAMBGAME-25DEC20RMUSFPA,401812388
KXNCAAMBGAME-25DEC20HOUGNIAG,401813383
KXNCAAMBGAME-25DEC20LIBDAY,401813444
KXNCAAMBGAME-25DEC20LOURTOL,401823473
KXNCAAMBGAME-25DEC20SDAKKSU,401811114
KXNCAAMBGAME-25DEC20OAKMSU,401826874
KXNCAAMBGAME-25DEC20MONTLOU,401817249
KXNCAAMBGAME-25DEC19WASHSEA,401824132
KXNCAAMBGAME-25DEC19FAUSMC,401826796
KXNCAAMBGAME-25DEC19MORGCAL,401813282
KXNCAAMBGAME-25DEC19UNALMU,401823440
KXNCAAMBGAME-25DEC19CPUCLA,401813765
KXNCAAMBGAME-25DEC19USDUCSD,401824116
KXNCAAMBGAME-25DEC19ACBYU,401819840
KXNCAAMBGAME-25DEC19BELUCI,401811973
KXNCAAMBGAME-25DEC19SELALSU,401808954
KXNCAAMBGAME-25DEC19VILLWIS,401823567
KXNCAAMBGAME-25DEC19FAMUTARL,401827002
KXNCAAMBGAME-25DEC19ALCNBAY,401819831
KXNCAAMBGAME-25DEC19TLSAWKU,401823366
KXNCAAMBGAME-25DEC19NORFJKST,401828733
KXNCAAMBGAME-25DEC19MSMDREX,401813405
KXNCAAMBGAME-25DEC19EMUAKR,401813767
KXNCAAMBGAME-25DEC19LASHP,401822184
KXNCAAMBGAME-25DEC19MVSUFSU,401826712
KXNCAAMBGAME-25DEC19HALLPROV,401822872
KXNCAAMBGAME-25DEC19NDMUTOWS,401827501
KXNCAAMBGAME-25DEC19HAMPGRAM,401827091
KXNCAAMBGAME-25DEC19SDSTMILW,401822315
KXNCAAMBGAME-25DEC19COPPNAVY,401820158
KXNCAAMBGAME-25DEC19LASCSN,401823263
KXNCAAMBGAME-25DEC19LHCFDU,401812292
KXNCAAMBGAME-25DEC19REINSAM,401829436
KXNCAAMBGAME-25DEC19BPCSCST,401829281
KXNCAAMBGAME-25DEC19DARTSHU,401823729
KXNCAAMBGAME-25DEC18UMWIDST,401824858
KXNCAAMBGAME-25DEC18PEPPLBSU,401823333
KXNCAAMBGAME-25DEC18ILSTSIU,401830248
KXNCAAMBGAME-25DEC18NUKCSB,401823740
KXNCAAMBGAME-25DEC18SEMOTNTC,401806348
KXNCAAMBGAME-25DEC18UTMTNST,401806349
KXNCAAMBGAME-25DEC18WIULINW,401806346
KXNCAAMBGAME-25DEC18WINUND,401827073
KXNCAAMBGAME-25DEC18ORUTCU,401812257
KXNCAAMBGAME-25DEC18ULLUSM,401808580
KXNCAAMBGAME-25DEC18DRKEMURR,401830247
KXNCAAMBGAME-25DEC18GRAMNORF,401827092
KXNCAAMBGAME-25DEC18UALRUSI,401806347
KXNCAAMBGAME-25DEC18BRADINST,401830220
KXNCAAMBGAME-25DEC18FURMAN,401823862
KXNCAAMBGAME-25DEC18GASTGASO,401808576
KXNCAAMBGAME-25DEC18MCUNCA,401830424
KXNCAAMBGAME-25DEC18FAIRCCSU,401812652
KXNCAAMBGAME-25DEC18UMKCOKST,401813295
KXNCAAMBGAME-25DEC18SUUNAU,401823549
KXNCAAMBGAME-25DEC18AMERVCU,401822741
KXNCAAMBGAME-25DEC18SIUEEIU,401806345
KXNCAAMBGAME-25DEC18CCARAPP,401808579
KXNCAAMBGAME-25DEC18TEMDAV,401826840
KXNCAAMBGAME-25DEC18WCUUGA,401826775
KXNCAAMBGAME-25DEC18RADWM,401826074
KXNCAAMBGAME-25DEC18LAFCHAR,401820804
KXNCAAMBGAME-25DEC18PSHZLEH,401829416
KXNCAAMBGAME-25DEC18DSUJOES,401822671
KXNCAAMBGAME-25DEC18JKSTHAMP,401828300
KXNCAAMBGAME-25DEC18UNFCHSO,401820847
KXNCAAMBGAME-25DEC18TFCWEBB,401826973
KXNCAAMBGAME-25DEC17PORTORE,401824093
KXNCAAMBGAME-25DEC17ASUUCLA,401813764
KXNCAAMBGAME-25DEC17AFASDSU,401820557
KXNCAAMBGAME-25DEC17UTASTAN,401817473
KXNCAAMBGAME-25DEC17EWUWSU,401823507
KXNCAAMBGAME-25DEC17LCHISF,401817162
KXNCAAMBGAME-25DEC17WEBUVU,401826953
KXNCAAMBGAME-25DEC17VANMEM,401826799
KXNCAAMBGAME-25DEC17MTMONT,401828295
KXNCAAMBGAME-25DEC17SHSUORST,401823356
KXNCAAMBGAME-25DEC17CAMPGONZ,401824035
KXNCAAMBGAME-25DEC17AMCCSFA,401808967
KXNCAAMBGAME-25DEC17UNTSCU,401824123
KXNCAAMBGAME-25DEC17SEAUCD,401824131
KXNCAAMBGAME-25DEC17ARSTTXST,401808575
KXNCAAMBGAME-25DEC17KENNMTU,401822999
KXNCAAMBGAME-25DEC17UTSAUSC,401827440
KXNCAAMBGAME-25DEC17PRSTCOLO,401819869
KXNCAAMBGAME-25DEC17JMUODU,401808577
KXNCAAMBGAME-25DEC17GTWNMARQ,401822870
KXNCAAMBGAME-25DEC17TXSONCST,401817260
KXNCAAMBGAME-25DEC17COOKSLU,401817191
KXNCAAMBGAME-25DEC17DAKSSDAK,401811113
KXNCAAMBGAME-25DEC17USFALA,401812267
KXNCAAMBGAME-25DEC17USAULM,401808578
KXNCAAMBGAME-25DEC17AAMUMISS,401827197
KXNCAAMBGAME-25DEC17HCUNICH,401808919
KXNCAAMBGAME-25DEC17LTTULN,401826848
KXNCAAMBGAME-25DEC17MACUNCCU,401828739
KXNCAAMBGAME-25DEC17WOFWICH,401826883
KXNCAAMBGAME-25DEC17LONGWAKE,401817536
KXNCAAMBGAME-25DEC17ALSTCIN,401819849
KXNCAAMBGAME-25DEC17JACFAMU,401823349
KXNCAAMBGAME-25DEC17UCSBGB,401828479
KXNCAAMBGAME-25DEC17YSURMU,401817594
KXNCAAMBGAME-25DEC17CLEVUAB,401826877
KXNCAAMBGAME-25DEC17BPCUWGA,401825390
KXNCAAMBGAME-25DEC17CITCOFC,401827453
KXNCAAMBGAME-25DEC17EKYJVST,401828314
KXNCAAMBGAME-25DEC17RICHELON,401817179
KXNCAAMBGAME-25DEC17CHATBELL,401823222
KXNCAAMBGAME-25DEC17QUINMONM,401820585
KXNCAAMBGAME-25DEC17BINGPITT,401817450
KXNCAAMBGAME-25DEC17MERUCF,401823491
KXNCAAMBGAME-25DEC17SIEUVM,401822837
KXNCAAMBGAME-25DEC17OLIVCMU,401823458
KXNCAAMBGAME-25DEC17UMESWAG,401823043
KXNCAAMBGAME-25DEC17OAKNKU,401817593
KXNCAAMBGAME-25DEC17PREECU,401820815
KXNCAAMBGAME-25DEC17SOWUSCUS,401827065
KXNCAAMBGAME-25DEC17MHUSYR,401817484
KXNCAAMBGAME-25DEC17ALBYSTON,401827496
KXNCAAMBGAME-25DEC17SFPAFLA,401812387
KXNCAAMBGAME-25DEC17CREIXAV,401822871
KXNCAAMBGAME-25DEC17STNHUNH,401822354
KXNCAAMBGAME-25DEC17UNIUIC,401830246
KXNCAAMBGAME-25DEC17CBAPARPB,401827135
KXNCAAMBGAME-25DEC17SWCURICE,401826811
KXNCAAMBGAME-25DEC17KCCCARK,401824941
KXNCAAMBGAME-25DEC16UCSDLMU,401824044
KXNCAAMBGAME-25DEC16MTSTCP,401825582
KXNCAAMBGAME-25DEC16SOUCBU,401823537
KXNCAAMBGAME-25DEC16SUFEUCRV,401826046
KXNCAAMBGAME-25DEC16QUCARK,401823497
KXNCAAMBGAME-25DEC16ACARIZ,401823529
KXNCAAMBGAME-25DEC16PACBYU,401819839
KXNCAAMBGAME-25DEC16UCCSDEN,401826743
KXNCAAMBGAME-25DEC16TOWSKU,401819886
KXNCAAMBGAME-25DEC16BUTCONN,401822868
KXNCAAMBGAME-25DEC16ORUMOSU,401823329
KXNCAAMBGAME-25DEC16EWUNIU,401823467
KXNCAAMBGAME-25DEC16UNCOTTU,401819903
KXNCAAMBGAME-25DEC16FSUDAY,401813443
KXNCAAMBGAME-25DEC16LMCTEX,401826858
KXNCAAMBGAME-25DEC16MRSTGT,401813326
KXNCAAMBGAME-25DEC16YORKNEOM,401829470
KXNCAAMBGAME-25DEC16ETSUUNC,401817270
KXNCAAMBGAME-25DEC16BELEVAN,401830199
KXNCAAMBGAME-25DEC16UALRMORE,401806344
KXNCAAMBGAME-25DEC16VALPNW,401822338
KXNCAAMBGAME-25DEC16NCATUNCG,401827530
KXNCAAMBGAME-25DEC16CHSBGSU,401822346
KXNCAAMBGAME-25DEC16LOUTENN,401817248
KXNCAAMBGAME-25DEC16MBUHP,401826980
KXNCAAMBGAME-25DEC16LIUMSST,401812362
KXNCAAMBGAME-25DEC16TARLMVSU,401827001
KXNCAAMBGAME-25DEC16SCARCLEM,401812925
KXNCAAMBGAME-25DEC16UTRGVLAM,401808976
KXNCAAMBGAME-25DEC16FIUMIA,401809422
KXNCAAMBGAME-25DEC16RIDDEL,401823853
KXNCAAMBGAME-25DEC16UMKCOKLA,401826781
KXNCAAMBGAME-25DEC16DEPSJU,401822869
KXNCAAMBGAME-25DEC16MOHWRST,401823413
KXNCAAMBGAME-25DEC16CANURI,401813356
KXNCAAMBGAME-25DEC16OHWOHIO,401829050
KXNCAAMBGAME-25DEC16KCUUNCA,401830423
KXNCAAMBGAME-25DEC16TOLMSU,401823472
KXNCAAMBGAME-25DEC16LIPDUKE,401817236
KXNCAAMBGAME-25DEC16MUMIUIN,401823379
KXNCAAMBGAME-25DEC16SCUSSCST,401827064
KXNCAAMBGAME-25DEC16SHUMASSL,401823728
KXNCAAMBGAME-25DEC16DARTHC,401812670
KXNCAAMBGAME-25DEC16MIDLIB,401828471
KXNCAAMBGAME-25DEC16HOWDREX,401827516
KXNCAAMBGAME-25DEC15UMNCNDSU,401829464
KXNCAAMBGAME-25DEC15IWTCU,401812256
KXNCAAMBGAME-25DEC15MCNSHCU,401820475
KXNCAAMBGAME-25DEC15ECCCARPB,401827134
KXNCAAMBGAME-25DEC15CMPBWKU,401823365
KXNCAAMBGAME-25DEC15NIAGVCU,401813382
KXNCAAMBGAME-25DEC15RHOCSTET,401825208
KXNCAAMBGAME-25DEC15WOFWEBB,401826972
KXNCAAMBGAME-25DEC15BRYCSAM,401829435
KXNCAAMBGAME-25DEC14JACTXAM,401823348
KXNCAAMBGAME-25DEC14CHSLCHI,401817161
KXNCAAMBGAME-25DEC14SMCBSU,401823819
KXNCAAMBGAME-25DEC14CBAPUTM,401829394
KXNCAAMBGAME-25DEC14DETPFW,401817512
KXNCAAMBGAME-25DEC14UNTUSA,401828279
KXNCAAMBGAME-25DEC14QUCWAKE,401817535
KXNCAAMBGAME-25DEC14KENTPORT,401823018
KXNCAAMBGAME-25DEC14ESCIDHO,401823570
KXNCAAMBGAME-25DEC14FGCUUNM,401823234
KXNCAAMBGAME-25DEC14CHARCOFC,401820803
KXNCAAMBGAME-25DEC14WMUIOWA,401823650
KXNCAAMBGAME-25DEC14TROYUAB,401826876
KXNCAAMBGAME-25DEC14NNMXCSU,401823812
KXNCAAMBGAME-25DEC14BALLCAMP,401822327
KXNCAAMBGAME-25DEC14SXUSEMO,401829351
KXNCAAMBGAME-25DEC14ECSIUE,401829344
KXNCAAMBGAME-25DEC14COPPRAD,401822764
KXNCAAMBGAME-25DEC14HPAPP,401826737
KXNCAAMBGAME-25DEC14THIEYSU,401823005
KXNCAAMBGAME-25DEC14OAKCCLEV,401827487
KXNCAAMBGAME-25DEC14MRMKUVM,401826769
KXNCAAMBGAME-25DEC14NCCBRAD,401832162
KXNCAAMBGAME-25DEC14INSTMILW,401822314
KXNCAAMBGAME-25DEC14MONMFAIR,401823313
KXNCAAMBGAME-25DEC14COOKMIZZ,401827113
KXNCAAMBGAME-25DEC14BUFFECU,401820814
KXNCAAMBGAME-25DEC14TXSOMINN,401827008
KXNCAAMBGAME-25DEC14EIUISU,401819879
KXNCAAMBGAME-25DEC14UMESVT,401817525
KXNCAAMBGAME-25DEC14SFPATEM,401812386
KXNCAAMBGAME-25DEC13UCLAGONZ,401813763
KXNCAAMBGAME-25DEC14UTEPHAW,401824902
KXNCAAMBGAME-25DEC13DUQNEV,401813454
KXNCAAMBGAME-25DEC13ARIZALA,401812266
KXNCAAMBGAME-25DEC13WVUOSU,401819921
KXNCAAMBGAME-25DEC13TNSTUNLV,401820401
KXNCAAMBGAME-25DEC13PEPPCSB,401823739
KXNCAAMBGAME-25DEC13WPCSEA,401824130
KXNCAAMBGAME-25DEC13UCRVBYU,401819838
KXNCAAMBGAME-25DEC13JUCOUTU,401824029
KXNCAAMBGAME-25DEC13SMULSU,401817461
KXNCAAMBGAME-25DEC13ECCCORU,401828528
KXNCAAMBGAME-25DEC13MICHMD,401825408
KXNCAAMBGAME-25DEC13INDUK,401827208
KXNCAAMBGAME-25DEC13SCKUMKC,401829452
KXNCAAMBGAME-25DEC13RUTGHALL,401826894
KXNCAAMBGAME-25DEC13SFSLU,401817190
KXNCAAMBGAME-25DEC13CCARGC,401823790
KXNCAAMBGAME-25DEC13STANSJSU,401817472
KXNCAAMBGAME-25DEC13CITSCAR,401829424
KXNCAAMBGAME-25DEC13SIMPPAC,401824066
KXNCAAMBGAME-25DEC13SCUASU,401819821
KXNCAAMBGAME-25DEC13UNFDAY,401813442
KXNCAAMBGAME-25DEC13GASOUWGA,401825389
KXNCAAMBGAME-25DEC13CARKVAN,401824940
KXNCAAMBGAME-25DEC13SBONOHIO,401817204
KXNCAAMBGAME-25DEC13BOBJWIN,401827072
KXNCAAMBGAME-25DEC13SIURICH,401817178
KXNCAAMBGAME-25DEC13MSMLMD,401813404
KXNCAAMBGAME-25DEC13NAUUSD,401824115
KXNCAAMBGAME-25DEC13OAKUNI,401820548
KXNCAAMBGAME-25DEC13SUUWASH,401823548
KXNCAAMBGAME-25DEC13KUNCST,401817259
KXNCAAMBGAME-25DEC13NWSTCAL,401817226
KXNCAAMBGAME-25DEC13MTSTORST,401824060
KXNCAAMBGAME-25DEC13MURRAKR,401820602
KXNCAAMBGAME-25DEC13GFUPRST,401826925
KXNCAAMBGAME-25DEC13ILSTUSU,401813261
KXNCAAMBGAME-25DEC13SELAHCU,401808953
KXNCAAMBGAME-25DEC13ABCAAMU,401827196
KXNCAAMBGAME-25DEC13CHATAUB,401823481
KXNCAAMBGAME-25DEC13UCDORE,401826090
KXNCAAMBGAME-25DEC13ARSTRICE,401826810
KXNCAAMBGAME-25DEC13CCSUBING,401812651
KXNCAAMBGAME-25DEC13BETHTTNTC,401826834
KXNCAAMBGAME-25DEC13UTSACOLO,401819868
KXNCAAMBGAME-25DEC13MRSTBRY,401813325
KXNCAAMBGAME-25DEC13PITTVILL,401817449
KXNCAAMBGAME-25DEC13HOFSYR,401817483
KXNCAAMBGAME-25DEC13HAMPHOW,401827524
KXNCAAMBGAME-25DEC13KSUCREI,401819896
KXNCAAMBGAME-25DEC13LASLIU,401812361
KXNCAAMBGAME-25DEC13ULLLT,401826903
KXNCAAMBGAME-25DEC13NEBILL,401825407
KXNCAAMBGAME-25DEC13GWFLA,401817151
KXNCAAMBGAME-25DEC13MEMLOU,401817247
KXNCAAMBGAME-25DEC13CSFDEN,401823176
KXNCAAMBGAME-25DEC13NIAGMORG,401813281
KXNCAAMBGAME-25DEC13UICBEL,401830198
KXNCAAMBGAME-25DEC13UNCWVALP,401822337
KXNCAAMBGAME-25DEC13WRSTMRSH,401823412
KXNCAAMBGAME-25DEC13UNOHOU,401808901
KXNCAAMBGAME-25DEC13DSULONG,401827055
KXNCAAMBGAME-25DEC13USMMISS,401827259
KXNCAAMBGAME-25DEC13BUDART,401824362
KXNCAAMBGAME-25DEC13SPCGTWN,401822727
KXNCAAMBGAME-25DEC13MOHEKY,401828548
KXNCAAMBGAME-25DEC13MERCLEM,401812924
KXNCAAMBGAME-25DEC13CINUGA,401819848
KXNCAAMBGAME-25DEC13PROVBUT,401822867
KXNCAAMBGAME-25DEC13NDSUDRKE,401828910
KXNCAAMBGAME-25DEC13EVANND,401817439
KXNCAAMBGAME-25DEC13WIUUND,401829459
KXNCAAMBGAME-25DEC13PVSDAK,401811112
KXNCAAMBGAME-25DEC13CANME,401813355
KXNCAAMBGAME-25DEC13JVSTGAST,401828313
KXNCAAMBGAME-25DEC13NKUBELL,401823221
KXNCAAMBGAME-25DEC13MANFOR,401822170
KXNCAAMBGAME-25DEC13MARQPUR,401823028
KXNCAAMBGAME-25DEC13MASSLQUIN,401820584
KXNCAAMBGAME-25DEC13JKSTNW,401826935
KXNCAAMBGAME-25DEC13MHUDAV,401820215
KXNCAAMBGAME-25DEC13SHUNJIT,401823727
KXNCAAMBGAME-25DEC13SCUSUNC,401817269
KXNCAAMBGAME-25DEC13UCSBUVU,401826952
KXNCAAMBGAME-25DEC13USTUNCA,401829480
KXNCAAMBGAME-25DEC13ODUGMU,401826704
KXNCAAMBGAME-25DEC13OKSTOKLA,401813294
KXNCAAMBGAME-25DEC13TOLRMU,401823406
KXNCAAMBGAME-25DEC13NIUELON,401823466
KXNCAAMBGAME-25DEC13ARKTTU,401826789
KXNCAAMBGAME-25DEC13CSNDEL,401812631
KXNCAAMBGAME-25DEC13ULMMIA,401809421
KXNCAAMBGAME-25DEC13MASSFSU,401826711
KXNCAAMBGAME-25DEC13ALBYFAU,401826795
KXNCAAMBGAME-25DEC13DEPWICH,401825575
KXNCAAMBGAME-25DEC13IONASJU,401824309
KXNCAAMBGAME-25DEC13MSUPSU,401825409
KXNCAAMBGAME-25DEC13CMUSTON,401823457
KXNCAAMBGAME-25DEC12CBUEWU,401823506
KXNCAAMBGAME-25DEC12ETSUPEAY,401824893
KXNCAAMBGAME-25DEC12ETAMMCNS,401808702
KXNCAAMBGAME-25DEC12WPUUNCG,401830119
KXNCAAMBGAME-25DEC12TEXCONN,401812794
KXNCAAMBGAME-25DEC12DCCAMCC,401820489
KXNCAAMBGAME-25DEC12DWUSDST,401829476
KXNCAAMBGAME-25DEC12SCSTQUC,401823496
KXNCAAMBGAME-25DEC12UMESNCAT,401823042
KXNCAAMBGAME-25DEC12NVU-JSTNH,401822353
KXNCAAMBGAME-25DEC12MOSUXAV,401823328
KXNCAAMBGAME-25DEC12BVCWEBB,401826971
KXNCAAMBGAME-25DEC12ARMYUMBC,401826056
KXNCAAMBGAME-25DEC11UTAUTRGV,401823872
KXNCAAMBGAME-25DEC11NDSUCSB,401823738
KXNCAAMBGAME-25DEC11UAADEN,401826742
KXNCAAMBGAME-25DEC11JOESSYR,401817480
KXNCAAMBGAME-25DEC11IOWAISU,401819878
KXNCAAMBGAME-25DEC11BLOOMWAG,401831530
KXNCAAMBGAME-25DEC11CGGASO,401829492
KXNCAAMBGAME-25DEC11APPECU,401820813
KXNCAAMBGAME-25DEC11SJUUST,401829479
KXNCAAMBGAME-25DEC11TBCJAC,401823347
KXNCAAMBGAME-25DEC11WCUVT,401817524
KXNCAAMBGAME-25DEC11ALSTMIZZ,401827157
KXNCAAMBGAME-25DEC11GBIUIN,401817511
KXNCAAMBGAME-25DEC11UHHHAW,401824901
KXNCAAMBGAME-25DEC10SKCMONT,401828294
KXNCAAMBGAME-25DEC10LAMSDSU,401823767
KXNCAAMBGAME-25DEC10FRESCSN,401823262
KXNCAAMBGAME-25DEC10BETHCSF,401823175
KXNCAAMBGAME-25DEC10SOUTXST,401827018
KXNCAAMBGAME-25DEC10WISNEB,401825405
KXNCAAMBGAME-25DEC10DUQBSU,401813453
KXNCAAMBGAME-25DEC10UTMSIU,401829393
KXNCAAMBGAME-25DEC10BCMASS,401817216
KXNCAAMBGAME-25DEC10WEBUMKC,401826957
KXNCAAMBGAME-25DEC10EKYEIU,401828547
KXNCAAMBGAME-25DEC10CCUND,401829458
KXNCAAMBGAME-25DEC10EMUPFW,401823397
KXNCAAMBGAME-25DEC10JKSTHOU,401824814
KXNCAAMBGAME-25DEC10TCTULN,401826846
KXNCAAMBGAME-25DEC10IDSTUVU,401824857
KXNCAAMBGAME-25DEC10ARPBTLSA,401827133
KXNCAAMBGAME-25DEC10COLGSBON,401817203
KXNCAAMBGAME-25DEC10COFCUSF,401826836
KXNCAAMBGAME-25DEC10DELGW,401817150
KXNCAAMBGAME-25DEC10UNMVCU,401822740
KXNCAAMBGAME-25DEC10MINNPUR,401825406
KXNCAAMBGAME-25DEC10COBSNICH,401826749
KXNCAAMBGAME-25DEC10BRYIONA,401820619
KXNCAAMBGAME-25DEC10LIBNCST,401817258
KXNCAAMBGAME-25DEC10MEBU,401820630
KXNCAAMBGAME-25DEC10NHCNJIT,401828685
KXNCAAMBGAME-25DEC10SLUFAU,401826774
KXNCAAMBGAME-25DEC10WKUMRSH,401823364
KXNCAAMBGAME-25DEC10FDUFOR,401812291
KXNCAAMBGAME-25DEC10IDHOND,401817438
KXNCAAMBGAME-25DEC10NYOBHOF,401830739
KXNCAAMBGAME-25DEC10FISHMASSL,401826765
KXNCAAMBGAME-25DEC10MOHUNCA,401830422
KXNCAAMBGAME-25DEC10ALBYYALE,401818306
KXNCAAMBGAME-25DEC10MRMKPRIN,401826864
KXNCAAMBGAME-25DEC10NORFBAY,401819830
KXNCAAMBGAME-25DEC09DUCCAL,401820295
KXNCAAMBGAME-25DEC09LBSUSJSU,401823312
KXNCAAMBGAME-25DEC09FLACONN,401812793
KXNCAAMBGAME-25DEC09USCUSD,401824114
KXNCAAMBGAME-25DEC09NAUASU,401819820
KXNCAAMBGAME-25DEC09DARTCSU,401823811
KXNCAAMBGAME-25DEC09PSUIND,401825403
KXNCAAMBGAME-25DEC09CCUDEN,401826741
KXNCAAMBGAME-25DEC09SDAKWYO,401811111
KXNCAAMBGAME-25DEC09DOANNEOM,401829469
KXNCAAMBGAME-25DEC09MORGDEP,401813280
KXNCAAMBGAME-25DEC09CLEMBYU,401812923
KXNCAAMBGAME-25DEC09ILLOSU,401825404
KXNCAAMBGAME-25DEC09BRWNPROV,401818556
KXNCAAMBGAME-25DEC09HOWNCAT,401827529
KXNCAAMBGAME-25DEC09GCUTEM,401826839
KXNCAAMBGAME-25DEC09COPPJOES,401822670
KXNCAAMBGAME-25DEC09MCNSURI,401817170
KXNCAAMBGAME-25DEC09SDSTBALL,401822326
KXNCAAMBGAME-25DEC09CLMBSTON,401818536
KXNCAAMBGAME-25DEC09BRESNKU,401823389
KXNCAAMBGAME-25DEC09CVSTLINW,401822395
KXNCAAMBGAME-25DEC09BUCKRID,401809082
KXNCAAMBGAME-25DEC09UALRWVU,401819920
KXNCAAMBGAME-25DEC09UMESUVA,401817513
KXNCAAMBGAME-25DEC09OAKCHAT,401829432
KXNCAAMBGAME-25DEC09TFCWIN,401827071
KXNCAAMBGAME-25DEC09NCCUUK,401828738
KXNCAAMBGAME-25DEC09SOWUCIT,401829439
KXNCAAMBGAME-25DEC09VILLMICH,401823566
KXNCAAMBGAME-25DEC09BOBJFUR,401824872
KXNCAAMBGAME-25DEC09LMDVMI,401820191
KXNCAAMBGAME-25DEC09REGHC,401812669
KXNCAAMBGAME-25DEC09BUFFUMBC,401823432
KXNCAAMBGAME-25DEC09ABCULM,401830127
KXNCAAMBGAME-25DEC08SOUTEX,401827017
KXNCAAMBGAME-25DEC08GRAMUSM,401827090
KXNCAAMBGAME-25DEC08IWUNO,401808900
KXNCAAMBGAME-25DEC08MVSUKSU,401819895
KXNCAAMBGAME-25DEC08SCSTCHSO,401820846
KXNCAAMBGAME-25DEC08LAFPENN,401812581
KXNCAAMBGAME-25DEC07UNFGONZ,401823448
KXNCAAMBGAME-25DEC07UTEPSEA,401824129
KXNCAAMBGAME-25DEC07TCUUNT,401812255
KXNCAAMBGAME-25DEC07SMUTXAM,401817460
KXNCAAMBGAME-25DEC07CREINEB,401820835
KXNCAAMBGAME-25DEC07UNLVSTAN,401817471
KXNCAAMBGAME-25DEC07NEVWSU,401824139
KXNCAAMBGAME-25DEC07GTWNUNC,401817268
KXNCAAMBGAME-25DEC07TOWSUCF,401824828
KXNCAAMBGAME-25DEC07HOFPITT,401817448
KXNCAAMBGAME-25DEC07SFMSST,401826730
KXNCAAMBGAME-25DEC07LSUTTU,401819902
KXNCAAMBGAME-25DEC07UTSAALA,401812265
KXNCAAMBGAME-25DEC07CMUSLU,401817189
KXNCAAMBGAME-25DEC07FAUFGCU,401823233
KXNCAAMBGAME-25DEC07USUCHAR,401820802
KXNCAAMBGAME-25DEC07SMCDAV,401828644
KXNCAAMBGAME-25DEC07MIZZKU,401819885
KXNCAAMBGAME-25DEC07AFANAVY,401820157
KXNCAAMBGAME-25DEC06OKLAASU,401819819
KXNCAAMBGAME-25DEC06AUBARIZ,401823480
KXNCAAMBGAME-25DEC06ARPBDEP,401825574
KXNCAAMBGAME-25DEC06SCUUNM,401824122
KXNCAAMBGAME-25DEC06WICHUNI,401820547
KXNCAAMBGAME-25DEC06OKSTGC,401813293
KXNCAAMBGAME-25DEC06ILLTENN,401811099
KXNCAAMBGAME-25DEC06MISSSJU,401826916
KXNCAAMBGAME-25DEC06PENNVILL,401831240
KXNCAAMBGAME-25DEC06FSUHOU,401824813
KXNCAAMBGAME-25DEC06CBUUTAH,401819911
KXNCAAMBGAME-25DEC06WASHUSC,401825402
KXNCAAMBGAME-25DEC06OREUCLA,401825401
KXNCAAMBGAME-25DEC06WMGW,401817149
KXNCAAMBGAME-25DEC06WAKEWVU,401817534
KXNCAAMBGAME-25DEC06COLOCSU,401819867
KXNCAAMBGAME-25DEC06JOESTEM,401831239
KXNCAAMBGAME-25DEC06PACCAL,401817225
KXNCAAMBGAME-25DEC06FRESARK,401826791
KXNCAAMBGAME-25DEC06UVMPEPP,401824073
KXNCAAMBGAME-25DEC06SUUORST,401823547
KXNCAAMBGAME-25DEC06BAYMEM,401819829
KXNCAAMBGAME-25DEC06HALLKSU,401819894
KXNCAAMBGAME-25DEC06MDIOWA,401825398
KXNCAAMBGAME-25DEC06DARTWYO,401823761
KXNCAAMBGAME-25DEC06RUTGMICH,401825400
KXNCAAMBGAME-25DEC06UNCGECU,401820812
KXNCAAMBGAME-25DEC06AKRTULN,401820601
KXNCAAMBGAME-25DEC06MOSUTLSA,401823327
KXNCAAMBGAME-25DEC06GMUVT,401817523
KXNCAAMBGAME-25DEC06PRINLCHI,401817160
KXNCAAMBGAME-25DEC06LOUIND,401817246
KXNCAAMBGAME-25DEC06HCFOR,401812668
KXNCAAMBGAME-25DEC06BSUBUT,401820828
KXNCAAMBGAME-25DEC06SBONBUFF,401817202
KXNCAAMBGAME-25DEC06STONDUQ,401813452
KXNCAAMBGAME-25DEC06MARQWIS,401823027
KXNCAAMBGAME-25DEC06STETSCAR,401825207
KXNCAAMBGAME-25DEC06DREXLAS,401831238
KXNCAAMBGAME-25DEC06OSUNW,401825399
KXNCAAMBGAME-25DEC06ODURICH,401817177
KXNCAAMBGAME-25DEC06DAYUVA,401813441
KXNCAAMBGAME-25DEC06UNCANCST,401817257
KXNCAAMBGAME-25DEC06USMMIA,401809420
KXNCAAMBGAME-25DEC06NHCBC,401817215
KXNCAAMBGAME-25DEC06DUKEMSU,401817235
KXNCAAMBGAME-25DEC06URIPROV,401817169
KXNCAAMBGAME-25DEC06MONMGT,401824865
KXNCAAMBGAME-25DEC06ISUPUR,401819877
KXNCAAMBGAME-25DEC05USDSJSU,401824113
KXNCAAMBGAME-25DEC05NDTCU,401812254
KXNCAAMBGAME-25DEC05UABDRKE,401826875
KXNCAAMBGAME-25DEC05CINXAV,401819847
KXNCAAMBGAME-25DEC05GONZUK,401824034
KXNCAAMBGAME-25DEC05ETAMCONN,401812792
KXNCAAMBGAME-25DEC05SAMVCU,401822739
KXNCAAMBGAME-25DEC05LCCPORT,401824092
KXNCAAMBGAME-25DEC04USUUSF,401826835
KXNCAAMBGAME-25DEC04CITDAV,401828643
KXNCAAMBGAME-25DEC03UCLAWASH,401825396
KXNCAAMBGAME-25DEC03UVUSDSU,401823766
KXNCAAMBGAME-25DEC03UVATEX,401806379
KXNCAAMBGAME-25DEC03UTUSCU,401824028
KXNCAAMBGAME-25DEC03UNASF,401823438
KXNCAAMBGAME-25DEC03SMUVAN,401806375
KXNCAAMBGAME-25DEC03MSSTGT,401806377
KXNCAAMBGAME-25DEC03UVMORST,401824059
KXNCAAMBGAME-25DEC03LSUBC,401806378
KXNCAAMBGAME-25DEC03NCSTAUB,401806373
KXNCAAMBGAME-25DEC03NWWIS,401825397
KXNCAAMBGAME-25DEC03TXSTRICE,401826809
KXNCAAMBGAME-25DEC03PACAFA,401820556
KXNCAAMBGAME-25DEC03UMBCGTWN,401822726
KXNCAAMBGAME-25DEC03COPPWVU,401819919
KXNCAAMBGAME-25DEC03CLEMALA,401806376
KXNCAAMBGAME-25DEC03UNOMEM,401808898
KXNCAAMBGAME-25DEC03RICHBEL,401811971
KXNCAAMBGAME-25DEC03LOUARK,401806374
KXNCAAMBGAME-25DEC03ALCNISU,401819876
KXNCAAMBGAME-25DEC03INDMINN,401825395
KXNCAAMBGAME-25DEC03BUPSBON,401817201
KXNCAAMBGAME-25DEC03CCSUHALL,401812649
KXNCAAMBGAME-25DEC02USCORE,401825394
KXNCAAMBGAME-25DEC02MIZZND,401806368
KXNCAAMBGAME-25DEC02UTAHCAL,401817224
KXNCAAMBGAME-25DEC02SLULMU,401817188
KXNCAAMBGAME-25DEC02UNCUK,401806365
KXNCAAMBGAME-25DEC02UCSDNEV,401826909
KXNCAAMBGAME-25DEC02MCCTLSA,401828285
KXNCAAMBGAME-25DEC02MIAMISS,401806371
KXNCAAMBGAME-25DEC02CONNKU,401812791
KXNCAAMBGAME-25DEC02UGAFSU,401806369
KXNCAAMBGAME-25DEC02ACPEPP,401823527
KXNCAAMBGAME-25DEC02STETGC,401823789
KXNCAAMBGAME-25DEC02NICHCREI,401820834
KXNCAAMBGAME-25DEC02HCUUNT,401828278
KXNCAAMBGAME-25DEC02WSUBRAD,401824138
KXNCAAMBGAME-25DEC02VALPMARQ,401822335
KXNCAAMBGAME-25DEC02WAGMD,401827217
KXNCAAMBGAME-25DEC02FLADUKE,401806364
KXNCAAMBGAME-25DEC02SACBAY,401819828
KXNCAAMBGAME-25DEC02SHSUOKST,401813292
KXNCAAMBGAME-25DEC02GRAMTULN,401826845
KXNCAAMBGAME-25DEC02CMULCHI,401817159
KXNCAAMBGAME-25DEC02VTSCAR,401806372
KXNCAAMBGAME-25DEC02PURRUTG,401825393
KXNCAAMBGAME-25DEC02TXAMPITT,401806367
KXNCAAMBGAME-25DEC02MTMWICH,401826882
KXNCAAMBGAME-25DEC02OKLAWAKE,401806370
KXNCAAMBGAME-25DEC02TENNSYR,401806366
KXNCAAMBGAME-25DEC02BRWNURI,401817168
KXNCAAMBGAME-25DEC02WMDUQ,401813451
KXNCAAMBGAME-25DEC02EMUBUT,401820827
KXNCAAMBGAME-25DEC02ETSUDAY,401813440
KXNCAAMBGAME-25DEC02FDUPROV,401812289
KXNCAAMBGAME-25DEC02CORGMU,401826703
KXNCAAMBGAME-25DEC02NCATCHAR,401820801
KXNCAAMBGAME-25DEC02UMESECU,401820811
KXNCAAMBGAME-25DEC02IOWAMSU,401825392
KXNCAAMBGAME-25DEC02CAMPPSU,401827278
KXNCAAMBGAME-25DEC02GWARMY,401817148
KXNCAAMBGAME-25DEC01PORTSTAN,401817470
KXNCAAMBGAME-25DEC01NMHUUNM,401830319
KXNCAAMBGAME-25DEC01CBUCOLO,401819866
KXNCAAMBGAME-25DEC01BGSUKSU,401819893
KXNCAAMBGAME-25DEC01UABMTU,401822998
KXNCAAMBGAME-25DEC01TARLCIN,401819846
KXNCAAMBGAME-25DEC01SFPAXAV,401812384
KXNCAAMBGAME-25DEC01TEMVILL,401823565
KXNCAAMBGAME-25NOV30CSBFRES,401823736
KXNCAAMBGAME-25NOV30USDLBSU,401823310
KXNCAAMBGAME-25NOV30UCISJSU,401829326
KXNCAAMBGAME-25NOV30PVUNT,401827042
KXNCAAMBGAME-25NOV30SBONFAU,401817200
KXNCAAMBGAME-25NOV30COLGFOR,401829404
KXNCAAMBGAME-25NOV30USAUTSA,401831376
KXNCAAMBGAME-25NOV30WYOTTU,401819901
KXNCAAMBGAME-25NOV30MHUWVU,401819918
KXNCAAMBGAME-25NOV30JOESPRIN,401822669
KXNCAAMBGAME-25NOV30MRMKLAS,401822183
KXNCAAMBGAME-25NOV29CBUORST,401823536
KXNCAAMBGAME-25NOV29SACPAC,401824065
KXNCAAMBGAME-25NOV29DEPLSU,401830885
KXNCAAMBGAME-25NOV29ALBYFOR,401828270
KXNCAAMBGAME-25NOV29SHUPSU,401823725
KXNCAAMBGAME-25NOV29PEPPCSF,401823174
KXNCAAMBGAME-25NOV29SEAUCSB,401831226
KXNCAAMBGAME-25NOV29AFASDAK,401811108
KXNCAAMBGAME-25NOV29LASPENN,401812579
KXNCAAMBGAME-25NOV29NORFARIZ,401826886
KXNCAAMBGAME-25NOV29MTSTUSU,401825579
KXNCAAMBGAME-25NOV29GTDRKE,401830884
KXNCAAMBGAME-25NOV29TNTCUGA,401826833
KXNCAAMBGAME-25NOV29JMUGMU,401826702
KXNCAAMBGAME-25NOV29SCUSNEB,401827062
KXNCAAMBGAME-25NOV29VMIUCF,401823518
KXNCAAMBGAME-25NOV29COOKIND,401827111
KXNCAAMBGAME-25NOV28STONLMU,401824043
KXNCAAMBGAME-25NOV28DRKELSU,401828908
KXNCAAMBGAME-25NOV28BYUDAY,401830886
KXNCAAMBGAME-25NOV28MINNSCU,401830751
KXNCAAMBGAME-25NOV28STANSLU,401830750
KXNCAAMBGAME-25NOV28DEPGT,401825573
KXNCAAMBGAME-25NOV28SMUMSST,401817459
KXNCAAMBGAME-25NOV28MIAGTWN,401830887
KXNCAAMBGAME-25NOV28WKUWICH,401830877
KXNCAAMBGAME-25NOV28OSUPITT,401817447
KXNCAAMBGAME-25NOV28AAMUCLEM,401827173
KXNCAAMBGAME-25NOV28WISTCU,401831224
KXNCAAMBGAME-25NOV28TXAMFSU,401826710
KXNCAAMBGAME-25NOV28AMCCXAV,401820487
KXNCAAMBGAME-25NOV28QUCUVA,401817492
KXNCAAMBGAME-25NOV28WASHCOLO,401830749
KXNCAAMBGAME-25NOV28CHSOSCAR,401820843
KXNCAAMBGAME-25NOV28USFCSU,401830876
KXNCAAMBGAME-25NOV28NCATDAV,401827733
KXNCAAMBGAME-25NOV28PROVFLA,401831223
KXNCAAMBGAME-25NOV28NICHTULN,401826748
KXNCAAMBGAME-25NOV28NEVSF,401830748
KXNCAAMBGAME-25NOV28OKLAMARQ,401823026
KXNCAAMBGAME-25NOV28HOFLAS,401822182
KXNCAAMBGAME-25NOV28CLEVMIZZ,401827486
KXNCAAMBGAME-25NOV28WRSTBUT,401820826
KXNCAAMBGAME-25NOV28TXSTSEA,401824127
KXNCAAMBGAME-25NOV28ILLCONN,401811096
KXNCAAMBGAME-25NOV28RICHCHAR,401830917
KXNCAAMBGAME-25NOV28VANSMC,401830879
KXNCAAMBGAME-25NOV28EIUPUR,401822359
KXNCAAMBGAME-25NOV28NEWAKE,401817533
KXNCAAMBGAME-25NOV28VCUVT,401830878
KXNCAAMBGAME-25NOV27OKSTNW,401812276
KXNCAAMBGAME-25NOV27MINNSTAN,401817469
KXNCAAMBGAME-25NOV27CSUWICH,401830754
KXNCAAMBGAME-25NOV27GTWNDAY,401809396
KXNCAAMBGAME-25NOV27ARKDUKE,401817234
KXNCAAMBGAME-25NOV27SLUSCU,401817187
KXNCAAMBGAME-25NOV27PROVWIS,401826890
KXNCAAMBGAME-25NOV27WKUUSF,401830875
KXNCAAMBGAME-25NOV27BYUMIA,401809419
KXNCAAMBGAME-25NOV27UNCMSU,401817267
KXNCAAMBGAME-25NOV27NEVWASH,401827268
KXNCAAMBGAME-25NOV27UNLVRUTG,401831222
KXNCAAMBGAME-25NOV27TCUFLA,401809047
KXNCAAMBGAME-25NOV27VTSMC,401830753
KXNCAAMBGAME-25NOV27COLOSF,401819865
KXNCAAMBGAME-25NOV27ORECREI,401831221
KXNCAAMBGAME-25NOV27CHARILST,401809398
KXNCAAMBGAME-25NOV27VANVCU,401830752
KXNCAAMBGAME-25NOV27SBONECU,401817199
KXNCAAMBGAME-25NOV27RICHFUR,401809397
KXNCAAMBGAME-25NOV27MDALA,401831220
KXNCAAMBGAME-25NOV27BSUCHA,401831203
KXNCAAMBGAME-25NOV27UTAHMISS,401830745
KXNCAAMBGAME-25NOV26BAYSDSU,401831219
KXNCAAMBGAME-25NOV26LBSUPORT,401823309
KXNCAAMBGAME-25NOV26NCSTTEX,401831202
KXNCAAMBGAME-25NOV26GONZMICH,401831214
KXNCAAMBGAME-25NOV26GCIOWA,401830744
KXNCAAMBGAME-25NOV26NJITLOU,401817245
KXNCAAMBGAME-25NOV26ALSTUNM,401827155
KXNCAAMBGAME-25NOV26DENWYO,401823760
KXNCAAMBGAME-25NOV26WICHSMC,401826881
KXNCAAMBGAME-25NOV26SIUMEM,401826798
KXNCAAMBGAME-25NOV26SJUAUB,401831218
KXNCAAMBGAME-25NOV26URITEM,401830894
KXNCAAMBGAME-25NOV26EMUCIN,401819845
KXNCAAMBGAME-25NOV26KUTENN,401831215
KXNCAAMBGAME-25NOV26TNTCUK,401826832
KXNCAAMBGAME-25NOV26FRESPEPP,401824072
KXNCAAMBGAME-25NOV26CSUDUQ,401813450
KXNCAAMBGAME-25NOV26CSUVT,401817522
KXNCAAMBGAME-25NOV26UNCOAFA,401820555
KXNCAAMBGAME-25NOV26HALLWSU,401831201
KXNCAAMBGAME-25NOV26RICEORU,401829616
KXNCAAMBGAME-25NOV26UNITLSA,401830747
KXNCAAMBGAME-25NOV26HARVBC,401812606
KXNCAAMBGAME-25NOV26NDHOU,401831217
KXNCAAMBGAME-25NOV26VCUUSF,401822738
KXNCAAMBGAME-25NOV26USCASU,401831200
KXNCAAMBGAME-25NOV26LCHISJSU,401830746
KXNCAAMBGAME-25NOV26WKUVAN,401823362
KXNCAAMBGAME-25NOV26UNOTTU,401808897
KXNCAAMBGAME-25NOV26SYRISU,401831216
KXNCAAMBGAME-25NOV26ALAUNLV,401812264
KXNCAAMBGAME-25NOV26UTAHGC,401819910
KXNCAAMBGAME-25NOV25TEXCHA,401831199
KXNCAAMBGAME-25NOV25ORESDSU,401823765
KXNCAAMBGAME-25NOV25UCLACAL,401813762
KXNCAAMBGAME-25NOV25MISSIOWA,401823649
KXNCAAMBGAME-25NOV25UTSAGASO,401829491
KXNCAAMBGAME-25NOV25MDGONZ,401824033
KXNCAAMBGAME-25NOV25WSUASU,401831197
KXNCAAMBGAME-25NOV25RICEFGCU,401823230
KXNCAAMBGAME-25NOV25WINNEB,401827068
KXNCAAMBGAME-25NOV25MICHAUB,401823479
KXNCAAMBGAME-25NOV25EWUUNT,401823503
KXNCAAMBGAME-25NOV25KSUIND,401819892
KXNCAAMBGAME-25NOV25MVSUTXAM,401829427
KXNCAAMBGAME-25NOV25SCSTMIZZ,401829280
KXNCAAMBGAME-25NOV25FAUGMU,401831235
KXNCAAMBGAME-25NOV25MURRGW,401817147
KXNCAAMBGAME-25NOV25CSBFSU,401823735
KXNCAAMBGAME-25NOV25TEMPRIN,401830891
KXNCAAMBGAME-25NOV25QUINUCF,401820580
KXNCAAMBGAME-25NOV25RUTCJOES,401822668
KXNCAAMBGAME-25NOV25BUPSU,401824359
KXNCAAMBGAME-25NOV25CAMPWAKE,401817532
KXNCAAMBGAME-25NOV25ODUVILL,401823564
KXNCAAMBGAME-25NOV25MSMOSU,401813401
KXNCAAMBGAME-25NOV25TENNHOU,401824812
KXNCAAMBGAME-25NOV25CBUUSD,401823535
KXNCAAMBGAME-25NOV25SBONUNC,401817198
KXNCAAMBGAME-25NOV25HALLUSC,401831196
KXNCAAMBGAME-25NOV25LMUOHIO,401831234
KXNCAAMBGAME-25NOV25BAYSJU,401819827
KXNCAAMBGAME-25NOV25UTEPUAB,401827732
KXNCAAMBGAME-25NOV25LCHIUNI,401817158
KXNCAAMBGAME-25NOV25SYRKU,401817482
KXNCAAMBGAME-25NOV25NDRUTG,401817437
KXNCAAMBGAME-25NOV25NCSTBSU,401831198
KXNCAAMBGAME-25NOV25ISUCREI,401819875
KXNCAAMBGAME-25NOV25ECUMSU,401820810
KXNCAAMBGAME-25NOV25TLSASJSU,401828284
KXNCAAMBGAME-25NOV25JACPAC,401831237
KXNCAAMBGAME-25NOV24ASUTEX,401819818
KXNCAAMBGAME-25NOV24MICHSDSU,401823764
KXNCAAMBGAME-25NOV24DENARIZ,401826740
KXNCAAMBGAME-25NOV24GONZALA,401812263
KXNCAAMBGAME-25NOV24UTSAAC,401830347
KXNCAAMBGAME-25NOV24LMUFAU,401824042
KXNCAAMBGAME-25NOV24AUBORE,401823478
KXNCAAMBGAME-25NOV24NJITCIN,401819844
KXNCAAMBGAME-25NOV24UNOMSST,401808896
KXNCAAMBGAME-25NOV24RADSMU,401817458
KXNCAAMBGAME-25NOV24UTRGVILL,401827181
KXNCAAMBGAME-25NOV24EMULOU,401817244
KXNCAAMBGAME-25NOV24HOUSYR,401817481
KXNCAAMBGAME-25NOV24OHIOGMU,401826701
KXNCAAMBGAME-25NOV24GWMTU,401817146
KXNCAAMBGAME-25NOV24KENNRICE,401828338
KXNCAAMBGAME-25NOV24USCBSU,401823818
KXNCAAMBGAME-25NOV24SJUISU,401819874
KXNCAAMBGAME-25NOV24TEMUCSD,401809394
KXNCAAMBGAME-25NOV24KUND,401817436
KXNCAAMBGAME-25NOV24HALLNCST,401817256
KXNCAAMBGAME-25NOV24CREIBAY,401819826
KXNCAAMBGAME-25NOV24UABSIU,401827731
KXNCAAMBGAME-25NOV24RUTGTENN,401827435
KXNCAAMBGAME-25NOV24MASSORST,401831211
KXNCAAMBGAME-25NOV24PACSTON,401824064
KXNCAAMBGAME-25NOV24TOWSURI,401809312
KXNCAAMBGAME-25NOV23USUDAV,401831229
KXNCAAMBGAME-25NOV23TULNBC,401831228
KXNCAAMBGAME-25NOV23BRYCONN,401812790
KXNCAAMBGAME-25NOV23DETDEP,401823372
KXNCAAMBGAME-25NOV23GWMCNS,401808728
KXNCAAMBGAME-25NOV23QUINPITT,401817446
KXNCAAMBGAME-25NOV23IUINAFA,401820554
KXNCAAMBGAME-25NOV23USTPORT,401824091
KXNCAAMBGAME-25NOV23NWSCAR,401826914
KXNCAAMBGAME-25NOV23NORFWYO,401823759
KXNCAAMBGAME-25NOV23WVUXAV,401831231
KXNCAAMBGAME-25NOV23HOWDUKE,401817233
KXNCAAMBGAME-25NOV23SHAWCHAR,401820800
KXNCAAMBGAME-25NOV23BUTUVA,401817491
KXNCAAMBGAME-25NOV23UWGAGT,401825386
KXNCAAMBGAME-25NOV23ALCNOKLA,401826780
KXNCAAMBGAME-25NOV23CLEMUGA,401831230
KXNCAAMBGAME-25NOV23DSUMIA,401809418
KXNCAAMBGAME-25NOV22UCMSMC,401829505
KXNCAAMBGAME-25NOV22UNCOPORT,401824090
KXNCAAMBGAME-25NOV22COPPVCU,401822737
KXNCAAMBGAME-25NOV22MILWWICH,401822312
KXNCAAMBGAME-25NOV22WEBBRICH,401817176
KXNCAAMBGAME-25NOV22IONAORST,401831207
KXNCAAMBGAME-25NOV22SFMINN,401826729
KXNCAAMBGAME-25NOV22UCSBNEV,401829291
KXNCAAMBGAME-25NOV22LBCLAS,401822181
KXNCAAMBGAME-25NOV22PROVPSU,401826889
KXNCAAMBGAME-25NOV22NEDUQ,401813449
KXNCAAMBGAME-25NOV22NICHOKST,401813291
KXNCAAMBGAME-25NOV22CMUMARQ,401823025
KXNCAAMBGAME-25NOV22LIUILL,401812356
KXNCAAMBGAME-25NOV22NCCUDAY,401813439
KXNCAAMBGAME-25NOV22WAGGTWN,401822725
KXNCAAMBGAME-25NOV21GASOFSU,401826709
KXNCAAMBGAME-25NOV21SEASTAN,401817468
KXNCAAMBGAME-25NOV21PREUCLA,401813761
KXNCAAMBGAME-25NOV21SOUSJSU,401827014
KXNCAAMBGAME-25NOV21KSUNEB,401831195
KXNCAAMBGAME-25NOV21PURTTU,401823637
KXNCAAMBGAME-25NOV21CSFPORT,401822731
KXNCAAMBGAME-25NOV21SACCAL,401817223
KXNCAAMBGAME-25NOV21ULLSCU,401824121
KXNCAAMBGAME-25NOV21UCDCOLO,401819864
KXNCAAMBGAME-25NOV21DENCSU,401823810
KXNCAAMBGAME-25NOV21ARSTSMU,401817457
KXNCAAMBGAME-25NOV21UNOFRES,401808895
KXNCAAMBGAME-25NOV21UCRVUSD,401824112
KXNCAAMBGAME-25NOV21NWSTGC,401823788
KXNCAAMBGAME-25NOV21UGAXAV,401809309
KXNCAAMBGAME-25NOV21SFAPEPP,401824071
KXNCAAMBGAME-25NOV21EVANORST,401824058
KXNCAAMBGAME-25NOV21PEAYTLSA,401828283
KXNCAAMBGAME-25NOV21JKSTARK,401826788
KXNCAAMBGAME-25NOV21NEOMLSU,401829422
KXNCAAMBGAME-25NOV21NIULCHI,401817157
KXNCAAMBGAME-25NOV21MANTXAM,401823859
KXNCAAMBGAME-25NOV21PFWSLU,401817186
KXNCAAMBGAME-25NOV21USAUAB,401826854
KXNCAAMBGAME-25NOV21CHSOECU,401820809
KXNCAAMBGAME-25NOV21MEMWAKE,401823638
KXNCAAMBGAME-25NOV21MSSTUNM,401831194
KXNCAAMBGAME-25NOV21LOUCIN,401817243
KXNCAAMBGAME-25NOV21WVUCLEM,401809308
KXNCAAMBGAME-25NOV21NIAGDUKE,401813377
KXNCAAMBGAME-25NOV21MRMKFLA,401827489
KXNCAAMBGAME-25NOV21LMDUK,401820187
KXNCAAMBGAME-25NOV21CHARAPP,401820799
KXNCAAMBGAME-25NOV21CCSURUTG,401812646
KXNCAAMBGAME-25NOV21DETMSU,401823371
KXNCAAMBGAME-25NOV21SIUEAFA,401820553
KXNCAAMBGAME-25NOV21NWUVA,401817490
KXNCAAMBGAME-25NOV21WISBYU,401819836
KXNCAAMBGAME-25NOV21DAVBC,401809311
KXNCAAMBGAME-25NOV21SCARBUT,401820825
KXNCAAMBGAME-25NOV21USUTULN,401809310
KXNCAAMBGAME-25NOV20TROYUSC,401827210
KXNCAAMBGAME-25NOV20JOESUNLV,401820399
KXNCAAMBGAME-25NOV20MSSTKSU,401819891
KXNCAAMBGAME-25NOV20TXSOVAN,401827006
KXNCAAMBGAME-25NOV20CPUTAH,401819909
KXNCAAMBGAME-25NOV20WAKETTU,401817531
KXNCAAMBGAME-25NOV20RIDHOU,401812629
KXNCAAMBGAME-25NOV20TARLRICE,401826808
KXNCAAMBGAME-25NOV20CARKUNT,401824937
KXNCAAMBGAME-25NOV20WMUOSU,401827255
KXNCAAMBGAME-25NOV20ORUOKLA,401826779
KXNCAAMBGAME-25NOV20SDAKMIZZ,401811106
KXNCAAMBGAME-25NOV20PITTUCF,401817445
KXNCAAMBGAME-25NOV20UNMNEB,401827238
KXNCAAMBGAME-25NOV20ELONMIA,401809417
KXNCAAMBGAME-25NOV20CHSIOWA,401822342
KXNCAAMBGAME-25NOV20BUCKSJU,401809078
KXNCAAMBGAME-25NOV20PACFAU,401824063
KXNCAAMBGAME-25NOV20LIUFOR,401812355
KXNCAAMBGAME-25NOV20LINWIND,401822399
KXNCAAMBGAME-25NOV20MEMPUR,401823636
KXNCAAMBGAME-25NOV20RMUSBON,401817197
KXNCAAMBGAME-25NOV19SUUWSU,401823543
KXNCAAMBGAME-25NOV19ARSTSMC,401829484
KXNCAAMBGAME-25NOV19JKSTAUB,401823477
KXNCAAMBGAME-25NOV19ALAILL,401811098
KXNCAAMBGAME-25NOV19USFOKST,401813290
KXNCAAMBGAME-25NOV19UMKCTCU,401812253
KXNCAAMBGAME-25NOV19DAYMARQ,401813438
KXNCAAMBGAME-25NOV19WYOSHSU,401823331
KXNCAAMBGAME-25NOV19UNDCREI,401820833
KXNCAAMBGAME-25NOV19BELLND,401817435
KXNCAAMBGAME-25NOV19VMIRICH,401817175
KXNCAAMBGAME-25NOV19MSMMD,401813399
KXNCAAMBGAME-25NOV19ARIZCONN,401812789
KXNCAAMBGAME-25NOV19LMDDUQ,401813448
KXNCAAMBGAME-25NOV19L-MDDUQ,401813448
KXNCAAMBGAME-25NOV19HOFTEM,401826838
KXNCAAMBGAME-25NOV19BRYVT,401817521
KXNCAAMBGAME-25NOV19VILLLAS,401822180
KXNCAAMBGAME-25NOV19UMBCGW,401817145
KXNCAAMBGAME-25NOV19MTUMICH,401822996
KXNCAAMBGAME-25NOV19HARVPSU,401812604
KXNCAAMBGAME-25NOV19ALSTAFA,401820552
KXNCAAMBGAME-25NOV18TROYSDSU,401823763
KXNCAAMBGAME-25NOV18SACUCLA,401813760
KXNCAAMBGAME-25NOV18NWSTSF,401826728
KXNCAAMBGAME-25NOV18SOUWASH,401827013
KXNCAAMBGAME-25NOV18PRECAL,401817222
KXNCAAMBGAME-25NOV18UCDNEV,401826088
KXNCAAMBGAME-25NOV18IDSTSCU,401823557
KXNCAAMBGAME-25NOV18ULLSTAN,401817467
KXNCAAMBGAME-25NOV18KUDUKE,401817232
KXNCAAMBGAME-25NOV18WICHBSU,401823817
KXNCAAMBGAME-25NOV18SEMOIOWA,401823648
KXNCAAMBGAME-25NOV18UNOPEPP,401808894
KXNCAAMBGAME-25NOV18WINARK,401826787
KXNCAAMBGAME-25NOV18MONMSYR,401817479
KXNCAAMBGAME-25NOV18RIDTEX,401812628
KXNCAAMBGAME-25NOV18SFAFRES,401828923
KXNCAAMBGAME-25NOV18GRAMUSD,401824111
KXNCAAMBGAME-25NOV18PFWUTAH,401819908
KXNCAAMBGAME-25NOV18ALCNLSU,401829421
KXNCAAMBGAME-25NOV18CHSMINN,401822341
KXNCAAMBGAME-25NOV18PEAYMISS,401828493
KXNCAAMBGAME-25NOV18GASOGT,401826714
KXNCAAMBGAME-25NOV18ARPBSMU,401817456
KXNCAAMBGAME-25NOV18URIYALE,401817167
KXNCAAMBGAME-25NOV18MONTTXAM,401828290
KXNCAAMBGAME-25NOV18WEBBDEP,401825572
KXNCAAMBGAME-25NOV18UTMFSU,401826708
KXNCAAMBGAME-25NOV18RADSCAR,401826071
KXNCAAMBGAME-25NOV18HAMPBC,401817214
KXNCAAMBGAME-25NOV18JACGMU,401823343
KXNCAAMBGAME-25NOV18ECUUNCW,401820808
KXNCAAMBGAME-25NOV18UNHPROV,401826759
KXNCAAMBGAME-25NOV18ODUXAV,401823561
KXNCAAMBGAME-25NOV18NAVYUNC,401817266
KXNCAAMBGAME-25NOV18NHCHALL,401826893
KXNCAAMBGAME-25NOV18AMERRUTG,401827434
KXNCAAMBGAME-25NOV18MSUUK,401827221
KXNCAAMBGAME-25NOV18SWCUUTSA,401831375
KXNCAAMBGAME-25NOV17ORSTORE,401824057
KXNCAAMBGAME-25NOV17BETHSJSU,401829325
KXNCAAMBGAME-25NOV17LMUUCSB,401824041
KXNCAAMBGAME-25NOV17UNACLEM,401812920
KXNCAAMBGAME-25NOV17ALSTCOLO,401819863
KXNCAAMBGAME-25NOV17GASTASU,401819816
KXNCAAMBGAME-25NOV17SUUGONZ,401823542
KXNCAAMBGAME-25NOV17RICETENN,401826807
KXNCAAMBGAME-25NOV17TLSAKSU,401819890
KXNCAAMBGAME-25NOV17SIUEWIS,401826912
KXNCAAMBGAME-25NOV17VCUNCST,401817255
KXNCAAMBGAME-25NOV17PVMIZZ,401827041
KXNCAAMBGAME-25NOV17STNHISU,401819873
KXNCAAMBGAME-25NOV17LAFWVU,401819917
KXNCAAMBGAME-25NOV17OAKUCF,401824827
KXNCAAMBGAME-25NOV17BUCKPITT,401809077
KXNCAAMBGAME-25NOV17JOESPENN,401812576
KXNCAAMBGAME-25NOV17FAMUUGA,401829420
KXNCAAMBGAME-25NOV16FLAMIA,401809416
KXNCAAMBGAME-25NOV16AKRPUR,401820598
KXNCAAMBGAME-25NOV16MSMCIN,401813398
KXNCAAMBGAME-25NOV16CSULCHI,401817156
KXNCAAMBGAME-25NOV16UNLVMEM,401820398
KXNCAAMBGAME-25NOV16IWIND,401827189
KXNCAAMBGAME-25NOV16HOUAUB,401809305
KXNCAAMBGAME-25NOV16MASSLWAKE,401817530
KXNCAAMBGAME-25NOV16AMCCOKST,401813289
KXNCAAMBGAME-25NOV16CHARVT,401817520
KXNCAAMBGAME-25NOV16NDOSU,401817434
KXNCAAMBGAME-25NOV15BRADSF,401826727
KXNCAAMBGAME-25NOV15UVUFRES,401826948
KXNCAAMBGAME-25NOV15IDSTSEA,401823556
KXNCAAMBGAME-25NOV15GBMINN,401827235
KXNCAAMBGAME-25NOV15UNMNMSU,401820224
KXNCAAMBGAME-25NOV15UNCOPEPP,401824070
KXNCAAMBGAME-25NOV15SHSUUTAH,401819907
KXNCAAMBGAME-25NOV15DUQVILL,401813447
KXNCAAMBGAME-25NOV15PORTWYO,401823758
KXNCAAMBGAME-25NOV15GCSLU,401817185
KXNCAAMBGAME-25NOV15BYUCONN,401812788
KXNCAAMBGAME-25NOV15COOKDAY,401813437
KXNCAAMBGAME-25NOV15OKLANEB,401826778
KXNCAAMBGAME-25NOV15NEVSCU,401824120
KXNCAAMBGAME-25NOV15BGSUDAV,401823418
KXNCAAMBGAME-25NOV15ODUGW,401817144
KXNCAAMBGAME-25NOV15WMSJU,401826915
KXNCAAMBGAME-25NOV15PACCSF,401822730
KXNCAAMBGAME-25NOV15MTSTBSU,401823816
KXNCAAMBGAME-25NOV15YSUSBON,401817196
KXNCAAMBGAME-25NOV15UTEPUSU,401827911
KXNCAAMBGAME-25NOV15DREXSYR,401817478
KXNCAAMBGAME-25NOV15ARPBVAN,401827129
KXNCAAMBGAME-25NOV15SELAMSST,401808951
KXNCAAMBGAME-25NOV15MDMARQ,401823024
KXNCAAMBGAME-25NOV15BUTSMU,401817455
KXNCAAMBGAME-25NOV15UNHGMU,401826700
KXNCAAMBGAME-25NOV15BCTEM,401817213
KXNCAAMBGAME-25NOV15PRINKU,401819884
KXNCAAMBGAME-25NOV15UTSADEN,401826739
KXNCAAMBGAME-25NOV15MOHAFA,401820551
KXNCAAMBGAME-25NOV15LASPSU,401822179
KXNCAAMBGAME-25NOV15UMKCTEX,401829425
KXNCAAMBGAME-25NOV15OHIOLOU,401817242
KXNCAAMBGAME-25NOV15MRSHUVA,401817489
KXNCAAMBGAME-25NOV15CLEMGTWN,401812919
KXNCAAMBGAME-25NOV14GONZASU,401819815
KXNCAAMBGAME-25NOV14WASHWSU,401824136
KXNCAAMBGAME-25NOV14UNTSMC,401828277
KXNCAAMBGAME-25NOV14ARIZUCLA,401813759
KXNCAAMBGAME-25NOV14TROYLMU,401824040
KXNCAAMBGAME-25NOV14MICHTCU,401812252
KXNCAAMBGAME-25NOV14GTUGA,401826713
KXNCAAMBGAME-25NOV14TARLBAY,401819825
KXNCAAMBGAME-25NOV14UNOTULN,401808893
KXNCAAMBGAME-25NOV14PROVCOLO,401819862
KXNCAAMBGAME-25NOV14NCCUUNC,401817265
KXNCAAMBGAME-25NOV14NWDEP,401825571
KXNCAAMBGAME-25NOV14COLGILL,401827180
KXNCAAMBGAME-25NOV14ETAMRICE,401826806
KXNCAAMBGAME-25NOV14MILWTTU,401819900
KXNCAAMBGAME-25NOV14UCFTXAM,401824826
KXNCAAMBGAME-25NOV14HPUAB,401826852
KXNCAAMBGAME-25NOV14CSBMISS,401823552
KXNCAAMBGAME-25NOV14UMESCREI,401820832
KXNCAAMBGAME-25NOV14XAVIOWA,401823560
KXNCAAMBGAME-25NOV14ILSTUSC,401813255
KXNCAAMBGAME-25NOV14SAMARK,401826786
KXNCAAMBGAME-25NOV14INSTDUKE,401817231
KXNCAAMBGAME-25NOV14ALBYURI,401817166
KXNCAAMBGAME-25NOV14FORIONA,401822168
KXNCAAMBGAME-25NOV14EIUUK,401822356
KXNCAAMBGAME-25NOV14LEHRUTG,401827433
KXNCAAMBGAME-25NOV13CALKSU,401817221
KXNCAAMBGAME-25NOV13FIULSU,401829043
KXNCAAMBGAME-25NOV13PURALA,401812262
KXNCAAMBGAME-25NOV13ECSUECU,401820807
KXNCAAMBGAME-25NOV13LCHIWICH,401817155
KXNCAAMBGAME-25NOV13MONMHALL,401824861
KXNCAAMBGAME-25NOV13SJSUMSU,401827220
KXNCAAMBGAME-25NOV13PITTWVU,401817444
KXNCAAMBGAME-25NOV12PRSTSF,401826726
KXNCAAMBGAME-25NOV12SIUNEV,401828918
KXNCAAMBGAME-25NOV12MTSTSTAN,401817466
KXNCAAMBGAME-25NOV12LBSUPAC,401823306
KXNCAAMBGAME-25NOV12EWUSEA,401823500
KXNCAAMBGAME-25NOV12BINGGTWN,401820605
KXNCAAMBGAME-25NOV12UNTORST,401824056
KXNCAAMBGAME-25NOV12UCSDFRES,401826908
KXNCAAMBGAME-25NOV12SDSTORE,401827265
KXNCAAMBGAME-25NOV12IDHOUSD,401823510
KXNCAAMBGAME-25NOV12UNCGNCST,401817254
KXNCAAMBGAME-25NOV12CPCSU,401823809
KXNCAAMBGAME-25NOV12WEBUSU,401826931
KXNCAAMBGAME-25NOV12UTSATXST,401827213
KXNCAAMBGAME-25NOV12UALRMARQ,401823023
KXNCAAMBGAME-25NOV12FDUTEX,401812284
KXNCAAMBGAME-25NOV12TLSAORU,401828282
KXNCAAMBGAME-25NOV12OAKHOU,401824811
KXNCAAMBGAME-25NOV12PVOKST,401813288
KXNCAAMBGAME-25NOV12MINNMIZZ,401827234
KXNCAAMBGAME-25NOV12AMERGW,401817143
KXNCAAMBGAME-25NOV12EKYVAN,401828544
KXNCAAMBGAME-25NOV12SPCVCU,401822736
KXNCAAMBGAME-25NOV12SIESBON,401817195
KXNCAAMBGAME-25NOV12UNFTENN,401823442
KXNCAAMBGAME-25NOV12COPPUSF,401822759
KXNCAAMBGAME-25NOV12MILWIND,401822311
KXNCAAMBGAME-25NOV12PRESCAR,401826939
KXNCAAMBGAME-25NOV12JOESVT,401817519
KXNCAAMBGAME-25NOV11CREIGONZ,401820831
KXNCAAMBGAME-25NOV11MONTUNLV,401820397
KXNCAAMBGAME-25NOV11OHIOSMC,401829049
KXNCAAMBGAME-25NOV11UCRVUNM,401826043
KXNCAAMBGAME-25NOV11HAMPUVA,401817488
KXNCAAMBGAME-25NOV11QUCDUQ,401813446
KXNCAAMBGAME-25NOV11LINCAPEPP,401824069
KXNCAAMBGAME-25NOV11MEMMISS,401826797
KXNCAAMBGAME-25NOV11DELBYU,401819835
KXNCAAMBGAME-25NOV11UTRGVBSU,401823815
KXNCAAMBGAME-25NOV11TTUILL,401811097
KXNCAAMBGAME-25NOV11PEAYWYO,401823757
KXNCAAMBGAME-25NOV11LMUUTEP,401824039
KXNCAAMBGAME-25NOV11NAUARIZ,401825588
KXNCAAMBGAME-25NOV11UMESNEB,401823038
KXNCAAMBGAME-25NOV11BALLWIS,401822319
KXNCAAMBGAME-25NOV11MURRSMU,401817454
KXNCAAMBGAME-25NOV11DAYCIN,401813436
KXNCAAMBGAME-25NOV11SFARICE,401826805
KXNCAAMBGAME-25NOV11TULNULL,401826844
KXNCAAMBGAME-25NOV11UKLOU,401817241
KXNCAAMBGAME-25NOV11ARPBOKLA,401826777
KXNCAAMBGAME-25NOV11BUFFDEP,401823427
KXNCAAMBGAME-25NOV11CARKARK,401824935
KXNCAAMBGAME-25NOV11WOFAUB,401823476
KXNCAAMBGAME-25NOV11ALSTUAB,401826851
KXNCAAMBGAME-25NOV11AMCCKU,401819883
KXNCAAMBGAME-25NOV11FSUFLA,401826707
KXNCAAMBGAME-25NOV11WMRICH,401817174
KXNCAAMBGAME-25NOV11DAVCHAR,401820798
KXNCAAMBGAME-25NOV11EIUND,401817433
KXNCAAMBGAME-25NOV11CCSUBC,401812644
KXNCAAMBGAME-25NOV11LASTEM,401822178
KXNCAAMBGAME-25NOV11CHSBUT,401820824
KXNCAAMBGAME-25NOV11PENNPROV,401812575
KXNCAAMBGAME-25NOV11WAKEMICH,401817529
KXNCAAMBGAME-25NOV11DUKEARMY,401817230
KXNCAAMBGAME-25NOV11FAMUUCF,401824825
KXNCAAMBGAME-25NOV11RADUNC,401817264
KXNCAAMBGAME-25NOV11ALCNMD,401827216
KXNCAAMBGAME-25NOV11CCGMU,401826699
KXNCAAMBGAME-25NOV11MORECLEM,401812918
KXNCAAMBGAME-25NOV11STNHURI,401817165
KXNCAAMBGAME-25NOV11WAGFOR,401822167
KXNCAAMBGAME-25NOV11APPOSU,401826733
KXNCAAMBGAME-25NOV11NAVYPSU,401820150
KXNCAAMBGAME-25NOV11SHUVILL,401823563
KXNCAAMBGAME-25NOV11LIUAFA,401812353
KXNCAAMBGAME-25NOV10SELAGT,401808950
KXNCAAMBGAME-25NOV10CSFCAL,401817220
KXNCAAMBGAME-25NOV10UWGAUCLA,401813758
KXNCAAMBGAME-25NOV10USTWSU,401824135
KXNCAAMBGAME-25NOV10NIUGC,401823462
KXNCAAMBGAME-25NOV10HCUTAH,401812661
KXNCAAMBGAME-25NOV10CLEVNW,401826913
KXNCAAMBGAME-25NOV10SCUXAV,401823559
KXNCAAMBGAME-25NOV10LINWSLU,401817184
KXNCAAMBGAME-25NOV10LAMTCU,401812251
KXNCAAMBGAME-25NOV10UNOLSU,401808892
KXNCAAMBGAME-25NOV10MSSTISU,401819872
KXNCAAMBGAME-25NOV10STETMIA,401809415
KXNCAAMBGAME-25NOV10EMUPITT,401817443
KXNCAAMBGAME-25NOV10FAIRHALL,401823189
KXNCAAMBGAME-25NOV10MERUTG,401820623
KXNCAAMBGAME-25NOV10CLMBCONN,401812787
KXNCAAMBGAME-25NOV09WASHBAY,401819824
KXNCAAMBGAME-25NOV09USMSCAR,401827257
KXNCAAMBGAME-25NOV09MANUSC,401823858
KXNCAAMBGAME-25NOV09NEOMCSU,401823808
KXNCAAMBGAME-25NOV09FAULIB,401826772
KXNCAAMBGAME-25NOV09UNTLCHI,401828276
KXNCAAMBGAME-25NOV09IDSTSDSU,401823555
KXNCAAMBGAME-25NOV09UCDPORT,401824089
KXNCAAMBGAME-25NOV09VMIMIZZ,401823515
KXNCAAMBGAME-25NOV09TXAMOKST,401813287
KXNCAAMBGAME-25NOV09LEHWVU,401819916
KXNCAAMBGAME-25NOV09MOREUGA,401828576
KXNCAAMBGAME-25NOV09UTUASU,401819814
KXNCAAMBGAME-25NOV09INDMARQ,401823022
KXNCAAMBGAME-25NOV08PACNEV,401824062
KXNCAAMBGAME-25NOV08OKLAGONZ,401824032
KXNCAAMBGAME-25NOV08CPSEA,401824126
KXNCAAMBGAME-25NOV08HCBYU,401812660
KXNCAAMBGAME-25NOV08ARPBLMU,401824038
KXNCAAMBGAME-25NOV08CHATUNLV,401820396
KXNCAAMBGAME-25NOV08BELLKSU,401819889
KXNCAAMBGAME-25NOV08WEBUTAH,401819906
KXNCAAMBGAME-25NOV08ARKMSU,401826785
KXNCAAMBGAME-25NOV08PVWICH,401826880
KXNCAAMBGAME-25NOV08QUCVILL,401823451
KXNCAAMBGAME-25NOV08ECURICH,401817173
KXNCAAMBGAME-25NOV08COFCFAU,401826771
KXNCAAMBGAME-25NOV08LBSUFRES,401823305
KXNCAAMBGAME-25NOV08MONTSTAN,401817465
KXNCAAMBGAME-25NOV08IUINBUT,401820823
KXNCAAMBGAME-25NOV08EWUCOLO,401819861
KXNCAAMBGAME-25NOV08VANUCF,401824824
KXNCAAMBGAME-25NOV08PROVVT,401817518
KXNCAAMBGAME-25NOV08PEAYAFA,401820550
KXNCAAMBGAME-25NOV08UVUBSU,401823814
KXNCAAMBGAME-25NOV08UTAUNM,401823865
KXNCAAMBGAME-25NOV08CANSBON,401813347
KXNCAAMBGAME-25NOV08CSFWYO,401822729
KXNCAAMBGAME-25NOV08SJSUUCSB,401829324
KXNCAAMBGAME-25NOV08MONMLAS,401822177
KXNCAAMBGAME-25NOV08SFMEM,401826725
KXNCAAMBGAME-25NOV08LAFTEX,401829412
KXNCAAMBGAME-25NOV08NKUTENN,401823382
KXNCAAMBGAME-25NOV08TOWSHOU,401824810
KXNCAAMBGAME-25NOV08TXSTTULN,401826843
KXNCAAMBGAME-25NOV08WCUDUKE,401817229
KXNCAAMBGAME-25NOV08UMBCDAY,401813435
KXNCAAMBGAME-25NOV08USFGW,401817142
KXNCAAMBGAME-25NOV08PSUNHC,401827277
KXNCAAMBGAME-25NOV08DREXJOES,401822667
KXNCAAMBGAME-25NOV08DSUSYR,401817477
KXNCAAMBGAME-25NOV08FIUNEB,401827237
KXNCAAMBGAME-25NOV08ALASJU,401812261
KXNCAAMBGAME-25NOV08ALCNMINN,401827233
KXNCAAMBGAME-25NOV07RICEORE,401826804
KXNCAAMBGAME-25NOV07PEPPUCLA,401813757
KXNCAAMBGAME-25NOV07CHATSMC,401829430
KXNCAAMBGAME-25NOV07UICORST,401824055
KXNCAAMBGAME-25NOV07MCNSSCU,401824119
KXNCAAMBGAME-25NOV07YSUGC,401823002
KXNCAAMBGAME-25NOV07NIUWIS,401823461
KXNCAAMBGAME-25NOV07UTUARIZ,401824023
KXNCAAMBGAME-25NOV07IDSTUSD,401823554
KXNCAAMBGAME-25NOV07SHSUTTU,401819899
KXNCAAMBGAME-25NOV07SEMOMIZZ,401829345
KXNCAAMBGAME-25NOV07FGCUILL,401823225
KXNCAAMBGAME-25NOV07STNHDEP,401824945
KXNCAAMBGAME-25NOV07USUVCU,401822735
KXNCAAMBGAME-25NOV07WINGMU,401826698
KXNCAAMBGAME-25NOV07MSMCFOR,401822166
KXNCAAMBGAME-25NOV07GASTCIN,401819843
KXNCAAMBGAME-25NOV07MASSLCONN,401812786
KXNCAAMBGAME-25NOV07VALPUK,401822330
KXNCAAMBGAME-25NOV07ULMMISS,401828492
KXNCAAMBGAME-25NOV07BRYGT,401820614
KXNCAAMBGAME-25NOV07MOREWAKE,401817528
KXNCAAMBGAME-25NOV07TNTCCHAR,401820797
KXNCAAMBGAME-25NOV07LONGPITT,401817442
KXNCAAMBGAME-25NOV07WSUDAV,401824134
KXNCAAMBGAME-25NOV07DETND,401817132
KXNCAAMBGAME-25NOV07NCCUUVA,401817487
KXNCAAMBGAME-25NOV07SHUDUQ,401813445
KXNCAAMBGAME-25NOV07OAKPUR,401826869
KXNCAAMBGAME-25NOV07WEBBCLEM,401812917
KXNCAAMBGAME-25NOV07ALSTFSU,401826706
KXNCAAMBGAME-25NOV07KUUNC,401817263
KXNCAAMBGAME-25NOV07WIUIOWA,401823647
KXNCAAMBGAME-25NOV07PFWOSU,401823392
KXNCAAMBGAME-25NOV07TLSAURI,401817164
KXNCAAMBGAME-25NOV07GTWNMD,401822724
KXNCAAMBGAME-25NOV07BUNW,401824357
KXNCAAMBGAME-25NOV07SIUEUTSA,401829342
KXNCAAMBGAME-25NOV06ARPBPORT,401824088
KXNCAAMBGAME-25NOV06DENWASH,401826738
KXNCAAMBGAME-25NOV06WRSTCAL,401817219
KXNCAAMBGAME-25NOV06MHULCHI,401817154
KXNCAAMBGAME-25NOV06AMCCSMU,401817453
KXNCAAMBGAME-25NOV06TXSOTXAM,401827003
KXNCAAMBGAME-25NOV06SFPATCU,401812250
KXNCAAMBGAME-25NOV06MRMKAUB,401823475
KXNCAAMBGAME-25NOV06NWSTUNT,401828275
KXNCAAMBGAME-25NOV06CHSSLU,401817183
KXNCAAMBGAME-25NOV06UNFFLA,401823441
KXNCAAMBGAME-25NOV06GRAMISU,401819871
KXNCAAMBGAME-25NOV06CAMPWVU,401819915
KXNCAAMBGAME-25NOV06CITBC,401817212
KXNCAAMBGAME-25NOV06COOKMIA,401809414
KXNCAAMBGAME-25NOV06JKSTLOU,401817240
KXNCAAMBGAME-25NOV06LMCXAV,401812333
KXNCAAMBGAME-25NOV05EWULMU,401823499
KXNCAAMBGAME-25NOV05COBSUTSA,401831374
KXNCAAMBGAME-25NOV05LPCPAC,401824061
KXNCAAMBGAME-25NOV05SCUSFRES,401827058
KXNCAAMBGAME-25NOV05UNAMSST,401823351
KXNCAAMBGAME-25NOV05ETAMUNM,401830318
KXNCAAMBGAME-25NOV05TARLLSU,401826995
KXNCAAMBGAME-25NOV05SDAKCREI,401811102
KXNCAAMBGAME-25NOV05SOUMARQ,401823021
KXNCAAMBGAME-25NOV05AAMUIND,401827172
KXNCAAMBGAME-25NOV05RIDRUTG,401812626
KXNCAAMBGAME-25NOV05SVURICH,401817172
KXNCAAMBGAME-25NOV05UMESUGA,401823036
KXNCAAMBGAME-25NOV05USIBUT,401820822
KXNCAAMBGAME-25NOV05DSUTEM,401826837
KXNCAAMBGAME-25NOV05COPPLAS,401822176
KXNCAAMBGAME-25NOV04HAWORE,401824895
KXNCAAMBGAME-25NOV04UTMUNLV,401820395
KXNCAAMBGAME-25NOV04PRSTSTAN,401817464
KXNCAAMBGAME-25NOV04LBSUSDSU,401823304
KXNCAAMBGAME-25NOV04TEXDUKE,401817228
KXNCAAMBGAME-25NOV04HSUSCU,401824118
KXNCAAMBGAME-25NOV04LTNEV,401826895
KXNCAAMBGAME-25NOV04NCATSCAR,401827525
KXNCAAMBGAME-25NOV04SUUASU,401819813
KXNCAAMBGAME-25NOV04COBSRICE,401826803
KXNCAAMBGAME-25NOV04OCCUSD,401824110
KXNCAAMBGAME-25NOV04RMUIOWA,401823398
KXNCAAMBGAME-25NOV04ORUOKST,401813286
KXNCAAMBGAME-25NOV04UNCGKSU,401819888
KXNCAAMBGAME-25NOV04LINWTTU,401819898
KXNCAAMBGAME-25NOV04UNCAWICH,401826879
KXNCAAMBGAME-25NOV04MSMWVU,401813397
KXNCAAMBGAME-25NOV04GASOECU,401820806
KXNCAAMBGAME-25NOV04NICHUK,401826746
KXNCAAMBGAME-25NOV04ALCNFSU,401826705
KXNCAAMBGAME-25NOV04NJITFOR,401822165
KXNCAAMBGAME-25NOV04EVANPUR,401828553
KXNCAAMBGAME-25NOV03ARPBWASH,401827127
KXNCAAMBGAME-25NOV03UCSCSF,401826724
KXNCAAMBGAME-25NOV03FPUFRES,401828922
KXNCAAMBGAME-25NOV03LINCALMU,401824037
KXNCAAMBGAME-25NOV03CSBCAL,401817218
KXNCAAMBGAME-25NOV03EWUUCLA,401813756
KXNCAAMBGAME-25NOV03WLMTPORT,401824087
KXNCAAMBGAME-25NOV03IDHOWSU,401823508
KXNCAAMBGAME-25NOV03DENSEA,401824125
KXNCAAMBGAME-25NOV03SCSTLOU,401817239
KXNCAAMBGAME-25NOV03VILLBYU,401819834
KXNCAAMBGAME-25NOV03USTSMC,401829477
KXNCAAMBGAME-25NOV03NDSUORST,401824054
KXNCAAMBGAME-25NOV03LPCPEPP,401824068
KXNCAAMBGAME-25NOV03CPUSC,401827439
KXNCAAMBGAME-25NOV03TXSOGONZ,401824031
KXNCAAMBGAME-25NOV03NMHUUNT,401828274
KXNCAAMBGAME-25NOV03HPUBSU,401823813
KXNCAAMBGAME-25NOV03PFWGC,401823391
KXNCAAMBGAME-25NOV03SJSUUTAH,401819905
KXNCAAMBGAME-25NOV03COOKAUB,401823474
KXNCAAMBGAME-25NOV03HOFUCF,401824823
KXNCAAMBGAME-25NOV03UNOTCU,401808890
KXNCAAMBGAME-25NOV03MTSTCOLO,401819860
KXNCAAMBGAME-25NOV03FAMUUSF,401826812
KXNCAAMBGAME-25NOV03IWCSU,401823807
KXNCAAMBGAME-25NOV03CHSDEP,401822339
KXNCAAMBGAME-25NOV03CHSOVT,401817517
KXNCAAMBGAME-25NOV03FDUISU,401812282
KXNCAAMBGAME-25NOV03OAKMICH,401826083
KXNCAAMBGAME-25NOV03OKCUTLSA,401828281
KXNCAAMBGAME-25NOV03WESTUSU,401827910
KXNCAAMBGAME-25NOV03CAMPWIS,401826911
KXNCAAMBGAME-25NOV03CLEVLCHI,401817153
KXNCAAMBGAME-25NOV03INSTCHAR,401820796
KXNCAAMBGAME-25NOV03JACMIA,401809413
KXNCAAMBGAME-25NOV03LEHHOU,401824809
KXNCAAMBGAME-25NOV03UTRGVBAY,401819823
KXNCAAMBGAME-25NOV03JKSTILL,401827170
KXNCAAMBGAME-25NOV03NSUWYO,401823756
KXNCAAMBGAME-25NOV03AMERWAKE,401817527
KXNCAAMBGAME-25NOV03SFPAOKLA,401812379
KXNCAAMBGAME-25NOV03UMESGT,401820296
KXNCAAMBGAME-25NOV03LIPVAN,401824946
KXNCAAMBGAME-25NOV03WEBBMINN,401826967
KXNCAAMBGAME-25NOV03SAMTULN,401826842
KXNCAAMBGAME-25NOV03TARLSMU,401817452
KXNCAAMBGAME-25NOV03UWGANEB,401825381
KXNCAAMBGAME-25NOV03MIZZHOW,401829423
KXNCAAMBGAME-25NOV03ARIZFLA,401826885
KXNCAAMBGAME-25NOV03MHUNW,401820209
KXNCAAMBGAME-25NOV03CLEVL-IL,401817153
KXNCAAMBGAME-25NOV03DSALEDAV,401828642
KXNCAAMBGAME-25NOV03MRSTXAV,401813319
KXNCAAMBGAME-25NOV03ALBYMARQ,401823020
KXNCAAMBGAME-25NOV03SEMOSLU,401817182
KXNCAAMBGAME-25NOV03MEGW,401817141
KXNCAAMBGAME-25NOV03SELAMISS,401808948
KXNCAAMBGAME-25NOV03AFABEL,401811965
KXNCAAMBGAME-25NOV03UNDALA,401812260
KXNCAAMBGAME-25NOV03BCFAU,401817211
KXNCAAMBGAME-25NOV03STETURI,401817163
KXNCAAMBGAME-25NOV03HCPROV,401812659
KXNCAAMBGAME-25NOV03SPCHALL,401826891
KXNCAAMBGAME-25NOV03MERTENN,401823483
KXNCAAMBGAME-25NOV03SOUARK,401826784
KXNCAAMBGAME-25NOV03YSUPITT,401817441
KXNCAAMBGAME-25NOV03GBKU,401819882
KXNCAAMBGAME-25NOV03CANDAY,401813345
KXNCAAMBGAME-25NOV03BELLUGA,401823213
KXNCAAMBGAME-25NOV03WOFGMU,401826697
KXNCAAMBGAME-25NOV03MVSUUAB,401826850
KXNCAAMBGAME-25NOV03MORGGTWN,401813272
KXNCAAMBGAME-25NOV03NCCUNCST,401817252
KXNCAAMBGAME-25NOV03WAGVCU,401822734
KXNCAAMBGAME-25NOV03COLGMSU,401827219
KXNCAAMBGAME-25NOV03WCUCIN,401819842
KXNCAAMBGAME-25NOV03BINGSYR,401817476
KXNCAAMBGAME-25NOV03CARKUNC,401817262
KXNCAAMBGAME-25NOV03RIDUVA,401812625
KXNCAAMBGAME-25NOV03LIUND,401812350
KXNCAAMBGAME-25NOV03UNHCLEM,401812916
KXNCAAMBGAME-25NOV03LAFJOES,401822666
KXNCAAMBGAME-25NOV03NIAGDUQ,401813373
KXNCAAMBGAME-25NOV03IUINOSU,401823374
KXNCAAMBGAME-25NOV03FAIRPSU,401823187
KXNCAAMBGAME-25NOV03NHCCONN,401812785
KXNCAAMBGAME-25NOV03QUINSJU,401820577
KXNCAAMBGAME-25NOV03COPPMD,401822757
KXNCAAMBGAME-25NOV03BRADSBON,401817194
